ID JCDECAUX,Marques,Année,Reftest,Nom_fichier_visuel,FAMILLE,CLASSE,Nombre de visuels,Type de campagne,Couleur dominante,Couleur propre à la marque ? ,1er point d'accroche,Personnages,Si Egérie : est-elle propre à la marque ou également sur d'autres marques ? ,Utilisation de l'égérie dans le temps,Genre,Tranche d'âge,Quantité/Place du texte dans le visuel,Discours utilisé,"Style de texte 
(Lettres)",Taille du logo,Eléments de branding,Présence d'un QR Code,Langue du claim,Contraste,Place du logo,Notoriété (base YouGov),Mise en avant prix,Charge visuelle,image_path
1943.0,DIESEL,2019.0,2220531908.0,2220531908 DIESEL,HYGIENE_BEAUTE,PARFUMS,1.0,Produit,Marron,Non ,Personnage,Célébrité,Sur d'autres marques,1ère utilisation ,Homme,Adulte,Faible,Descriptif,Majuscule gras,Petit,Moyen,Non,Français,Un peu contrasté,Bas droit,0.74,Aucun,Moyen (4-5),C:\Users\aittayeb\Desktop\Projet_memoir\Visuale\2220531908 DIESEL.jpg
1915.0,FORD,2019.0,2220531902.0,2220531902 FORD,AUTOMOBILE_TRANSPORT,AUTOMOBILES POIDS LOURDS,1.0,Produit,Rouge,Non ,Personnage,Célébrité,Sur d'autres marques,1ère utilisation ,Homme,Adulte,Fort,Humoristique,Majuscule gras,Petit,Beaucoup,Non,Français,Très contrasté,Haut milieu,0.89,Prix indiqué,Moyen (4-5),C:\Users\aittayeb\Desktop\Projet_memoir\Visuale\2220531902 FORD.jpg
1915.0,FORD,2019.0,2220391904.0,2220391904 JCD_FORD_FIESTA_01,AUTOMOBILE_TRANSPORT,AUTOMOBILES POIDS LOURDS,1.0,Produit,Gris,Non ,Personnage,Célébrité,Sur d'autres marques,Déjà utilisée,Homme,Adulte,Fort,Humoristique,Majuscule gras,Petit,Beaucoup,Non,Français,Un peu contrasté,Haut milieu,0.89,Prix indiqué,Moyen (4-5),C:\Users\aittayeb\Desktop\Projet_memoir\Visuale\2220391904 JCD_FORD_FIESTA_01.jpg
1981.0,JEAN PAUL GAULTIER,2019.0,2220771916.0,2220771916 BAT-OOH_2m2_SCANDAL_DECAUX_FR-OK-copie,HYGIENE_BEAUTE,PARFUMS,1.0,Produit,Noir,Dominante,Produit/Service,Célébrité,Sur d'autres marques,1ère utilisation ,Femme,Jeune adulte,Faible,-,Majuscule gras,Moyen,Moyen,Non,Français,Pas contrasté,Bas droit,0.46,Aucun,Faible (3 éléments),C:\Users\aittayeb\Desktop\Projet_memoir\Visuale\2220771916 BAT-OOH_2m2_SCANDAL_DECAUX_FR-OK-copie.jpg
1935.0,LACOSTE,2019.0,2220501907.0,2220501907 KIOSK_LACOSTE_01,MODE_ET_ACCESSOIRES,PRÊT A PORTER COUTURE,3.0,Branding,Gris,Présente,Personnage,Célébrité,Sur d'autres marques,1ère utilisation ,Les 2,Jeune adulte,Faible,Explicatif/Narratif,Majuscule gras,Petit,Peu,Non,Aucun claim,Un peu contrasté,Haut milieu,0.88,Aucun,Faible (3 éléments),C:\Users\aittayeb\Desktop\Projet_memoir\Visuale\2220501907 KIOSK_LACOSTE_01.jpg
1960.0,LANCOME,2019.0,2220651911.0,2220651911 JCD_MU_LANCOME_02,HYGIENE_BEAUTE,PARFUMS,2.0,Produit,Noir,Présente,Produit/Service,Célébrité,Sur d'autres marques,1ère utilisation ,Femme,Jeune adulte,Faible,-,Majuscule gras,Moyen,Peu,Non,Français,Un peu contrasté,Haut milieu,0.84,Aucun,Faible (3 éléments),C:\Users\aittayeb\Desktop\Projet_memoir\Visuale\2220651911 JCD_MU_LANCOME_02.jpg
1960.0,LANCOME,2019.0,2220651911.0,2220651911 LANCOME-1-copie,HYGIENE_BEAUTE,PARFUMS,2.0,Produit,Rose,Dominante,Produit/Service,Célébrité,Sur d'autres marques,1ère utilisation ,Femme,Jeune adulte,Faible,-,Majuscule gras,Moyen,Peu,Non,Français,Un peu contrasté,Haut gauche,0.84,Aucun,Faible (3 éléments),C:\Users\aittayeb\Desktop\Projet_memoir\Visuale\2220651911 LANCOME-1-copie.jpg
1983.0,OPPO,2019.0,2220791911.0,2220791911 OPPO-client,TELECOMMUNICATIONS,MATERIEL TELECOMS,1.0,Produit,Violet,Dominante,Produit/Service,Personne seule,,,Femme,Jeune adulte,Moyen ,Explicatif/Narratif,Minuscule gras,Petit,Beaucoup,Non,Français,Un peu contrasté,Haut gauche,-,Aucun,Moyen (4-5),C:\Users\aittayeb\Desktop\Projet_memoir\Visuale\2220791911 OPPO-client.jpg
1914.0,MCDONALD'S,2019.0,2220761906.0,2220761906 JCD_MU_MC_DO_01,RESTAURATION,RESTAURATION RAPIDE,3.0,Produit,Blanc,Dominante,Produit/Service,-,-,-,-,-,Moyen ,Humoristique,Minuscule gras,Moyen,Moyen,Non,Français,Un peu contrasté,Haut droit,0.94,Prix indiqué,Moyen (4-5),C:\Users\aittayeb\Desktop\Projet_memoir\Visuale\2220761906 JCD_MU_MC_DO_01.jpg
1914.0,MCDONALD'S,2019.0,2220761906.0,2220761906 JCD_MU_MC_DO_02,RESTAURATION,RESTAURATION RAPIDE,3.0,Produit,Blanc,Dominante,Produit/Service,-,-,-,-,-,Moyen ,Humoristique,Minuscule gras,Moyen,Moyen,Non,Français,Un peu contrasté,Haut droit,0.94,Prix indiqué,Moyen (4-5),C:\Users\aittayeb\Desktop\Projet_memoir\Visuale\2220761906 JCD_MU_MC_DO_02.jpg
1923.0,FERRERO,2019.0,2220751911.0,2220751911 FERREFO-GF,ALIMENTATION,CHOCOLATS CONFISERIE,2.0,Produit,Marron,Dominante,Produit/Service,-,-,-,-,-,Faible,Explicatif/Narratif,Minuscule gras,Petit,Beaucoup,Non,Français,Pas contrasté,Dans le corps du visuel,0.92,Aucun,Faible (3 éléments),C:\Users\aittayeb\Desktop\Projet_memoir\Visuale\2220751911 FERREFO-GF.jpg
1923.0,FERRERO,2019.0,2220751911.0,2220751911 FERREFO-GF,ALIMENTATION,CHOCOLATS CONFISERIE,2.0,Produit,Marron,Dominante,Produit/Service,-,-,-,-,-,Faible,Explicatif/Narratif,Minuscule gras,Petit,Beaucoup,Non,Français,Pas contrasté,Dans le corps du visuel,0.92,Aucun,Faible (3 éléments),C:\Users\aittayeb\Desktop\Projet_memoir\Visuale\2220751911 FERREFO-GF.jpg
,WOODFORD RESERVE,2019.0,2220751917.0,2220751917 WOODFORD,BOISSONS,BOISSONS ALCOOLISEES,1.0,Produit,Marron,Dominante,Produit/Service,-,-,-,-,-,Moyen ,Explicatif/Narratif,Majuscule gras,Moyen,Moyen,Non,Français,Un peu contrasté,Haut milieu,-,Aucun,Moyen (4-5),C:\Users\aittayeb\Desktop\Projet_memoir\Visuale\2220751917 WOODFORD.jpg
1975.0,DSINEYLAND,2019.0,2220721902.0,2220721902 Disneyland-manoir,TOURISME,PARCS ET LOISIRS,3.0,Branding,Orange,Non ,Claim,-,Uniquement pour la marque,Déjà utilisée,-,-,Fort,Humoristique,Majuscule gras,Moyen,Peu,Non,Français,Un peu contrasté,Bas droit,0.89,Aucun,Moyen (4-5),C:\Users\aittayeb\Desktop\Projet_memoir\Visuale\2220721902 Disneyland-manoir.jpg
1973.0,MCDONALD'S,2019.0,2220721904.0,2220721904 McDONALDS,RESTAURATION,RESTAURATION RAPIDE,1.0,Offre,Bleu,Non ,Produit/Service,Mascotte,Sur d'autres marques,Déjà utilisée,-,-,Moyen ,Descriptif,Majuscule gras,Moyen,Peu,Non,Français,Un peu contrasté,Haut droit,0.94,Aucun,Elevée (plus de 6),C:\Users\aittayeb\Desktop\Projet_memoir\Visuale\2220721904 McDONALDS.jpg
1973.0,MCDONALD'S,2019.0,2220721904.0,2220721904 McDONALDS-ECRAN-1-copie,RESTAURATION,RESTAURATION RAPIDE,1.0,Offre,Bleu,Non ,Produit/Service,Mascotte,Sur d'autres marques,Déjà utilisée,-,-,Moyen ,Descriptif,Majuscule gras,Moyen,Peu,Non,Français,Un peu contrasté,Haut droit,0.94,Aucun,Elevée (plus de 6),C:\Users\aittayeb\Desktop\Projet_memoir\Visuale\2220721904 McDONALDS-ECRAN-1-copie.jpg
1973.0,MCDONALD'S,2019.0,2220721904.0,2220721904 McDONALDS-MONOPOLY-1-copie,RESTAURATION,RESTAURATION RAPIDE,1.0,Branding,Bleu,Non ,Personnage,Mascotte,Sur d'autres marques,Déjà utilisée,-,-,Moyen ,Descriptif,Majuscule gras,Moyen,Peu,Non,Français,Un peu contrasté,Bas milieu,0.94,Aucun,Moyen (4-5),C:\Users\aittayeb\Desktop\Projet_memoir\Visuale\2220721904 McDONALDS-MONOPOLY-1-copie.jpg
1940.0,PACO RABANNE,2019.0,2220721920.0,2220721920 Paco-Rabanne-femme,HYGIENE_BEAUTE,PARFUMS,2.0,Produit,Noir,Présente,Personnage,Personne seule,-,-,Homme,Jeune adulte,Faible,Descriptif,Minuscule gras,Grand,Beaucoup,Non,Français,Pas contrasté,Bas milieu,-,Aucun,Moyen (4-5),C:\Users\aittayeb\Desktop\Projet_memoir\Visuale\2220721920 Paco-Rabanne-femme.jpg
1940.0,PACO RABANNE,2019.0,2220721920.0,2220721920 Paco-Rabanne-femme,HYGIENE_BEAUTE,PARFUMS,2.0,Produit,Noir,Présente,Personnage,Personne seule,-,-,Femme,Jeune adulte,Faible,Descriptif,Minuscule gras,Grand,Beaucoup,Non,Français,Pas contrasté,Bas milieu,-,Aucun,Moyen (4-5),C:\Users\aittayeb\Desktop\Projet_memoir\Visuale\2220721920 Paco-Rabanne-femme.jpg
1966.0,BMW,2019.0,2220691901.0,2220691901 JCD_BMW_01,AUTOMOBILE_TRANSPORT,AUTOMOBILES POIDS LOURDS,2.0,Produit,Bleu,Dominante,Produit/Service,Personne seule,-,-,Homme,Adulte,Faible,Descriptif,Majuscule gras,Petit,Moyen,Non,Anglais,Un peu contrasté,Haut droit,0.9,Aucun,Moyen (4-5),C:\Users\aittayeb\Desktop\Projet_memoir\Visuale\2220691901 JCD_BMW_01.jpg
1966.0,BMW,2019.0,2220691901.0,2220691901 JCD_BMW_01,AUTOMOBILE_TRANSPORT,AUTOMOBILES POIDS LOURDS,2.0,Produit,Bleu,Dominante,Produit/Service,Personne seule,-,-,Homme,Adulte,Faible,Descriptif,Majuscule gras,Petit,Moyen,Non,Anglais,Un peu contrasté,Haut droit,0.9,Aucun,Moyen (4-5),C:\Users\aittayeb\Desktop\Projet_memoir\Visuale\2220691901 JCD_BMW_01.jpg
1911.0,BUT,2019.0,2220671906.0,2220671906 000_4x3,DISTRIBUTION,DISTRIBUTION SPECIALISEE,2.0,Offre,Blanc,Présente,,-,-,-,-,-,Moyen ,Explicatif/Narratif,Majuscule gras,Grand,Peu,Non,Français,Un peu contrasté,Bas droit,0.89,Promotion indiquée,Elevée (plus de 6),C:\Users\aittayeb\Desktop\Projet_memoir\Visuale\2220671906 000_4x3.jpg
1911.0,BUT,2019.0,2220671906.0,2220671906 000_abribus2,DISTRIBUTION,DISTRIBUTION SPECIALISEE,2.0,Offre,Blanc,Présente,Produit/Service,-,-,-,-,-,Moyen ,Explicatif/Narratif,Majuscule gras,Grand,Peu,Non,Français,Un peu contrasté,Bas droit,0.89,Aucun,Elevée (plus de 6),C:\Users\aittayeb\Desktop\Projet_memoir\Visuale\2220671906 000_abribus2.jpg
1972.0,PEUGEOT,2019.0,2220711905.0,2220711905 Peugeot-1,AUTOMOBILE_TRANSPORT,AUTOMOBILES POIDS LOURDS,5.0,Produit,Noir,Dominante,Produit/Service,Personne seule,-,-,Les 2,Jeune adulte,Moyen ,Explicatif/Narratif,Majuscule gras,Moyen,Beaucoup,Non,Français,Un peu contrasté,Haut droit,0.95,Aucun,Moyen (4-5),C:\Users\aittayeb\Desktop\Projet_memoir\Visuale\2220711905 Peugeot-1.jpg
1972.0,PEUGEOT,2019.0,2220711905.0,2220711905 Peugeot-1,AUTOMOBILE_TRANSPORT,AUTOMOBILES POIDS LOURDS,5.0,Produit,Noir,Dominante,Produit/Service,Personne seule,-,-,Les 2,Jeune adulte,Moyen ,Explicatif/Narratif,Majuscule gras,Moyen,Beaucoup,Non,Français,Un peu contrasté,Haut droit,0.95,Aucun,Moyen (4-5),C:\Users\aittayeb\Desktop\Projet_memoir\Visuale\2220711905 Peugeot-1.jpg
1972.0,PEUGEOT,2019.0,2220711905.0,2220711905 Peugeot-1,AUTOMOBILE_TRANSPORT,AUTOMOBILES POIDS LOURDS,5.0,Produit,Noir,Dominante,Produit/Service,Personne seule,-,-,Les 2,Jeune adulte,Moyen ,Explicatif/Narratif,Majuscule gras,Moyen,Beaucoup,Non,Français,Un peu contrasté,Haut droit,0.95,Aucun,Moyen (4-5),C:\Users\aittayeb\Desktop\Projet_memoir\Visuale\2220711905 Peugeot-1.jpg
1972.0,PEUGEOT,2019.0,2220711905.0,2220711905 Peugeot-1,AUTOMOBILE_TRANSPORT,AUTOMOBILES POIDS LOURDS,5.0,Produit,Noir,Dominante,Produit/Service,Personne seule,-,-,Les 2,Jeune adulte,Moyen ,Explicatif/Narratif,Majuscule gras,Moyen,Beaucoup,Non,Français,Un peu contrasté,Haut droit,0.95,Aucun,Moyen (4-5),C:\Users\aittayeb\Desktop\Projet_memoir\Visuale\2220711905 Peugeot-1.jpg
1972.0,PEUGEOT,2019.0,2220711905.0,2220711905 Peugeot-1,AUTOMOBILE_TRANSPORT,AUTOMOBILES POIDS LOURDS,5.0,Produit,Noir,Dominante,Produit/Service,Personne seule,-,-,Les 2,Jeune adulte,Moyen ,Explicatif/Narratif,Majuscule gras,Moyen,Beaucoup,Non,Français,Un peu contrasté,Haut droit,0.95,Aucun,Moyen (4-5),C:\Users\aittayeb\Desktop\Projet_memoir\Visuale\2220711905 Peugeot-1.jpg
1972.0,PEUGEOT,2019.0,2220711905.0,2220711905 Peugeot-1,AUTOMOBILE_TRANSPORT,AUTOMOBILES POIDS LOURDS,5.0,Produit,Noir,Dominante,Produit/Service,Personne seule,-,-,Les 2,Jeune adulte,Moyen ,Explicatif/Narratif,Majuscule gras,Moyen,Beaucoup,Non,Français,Un peu contrasté,Haut droit,0.95,Aucun,Moyen (4-5),C:\Users\aittayeb\Desktop\Projet_memoir\Visuale\2220711905 Peugeot-1.jpg
1959.0,BUT,2019.0,2220641901.0,2220641901 BUT-ASPI,DISTRIBUTION,DISTRIBUTION SPECIALISEE,3.0,Offre,Blanc,Dominante,Promotion,-,-,-,-,-,Fort,Descriptif,Majuscule gras,Grand,Peu,Non,Français,Un peu contrasté,Bas droit,0.89,Promotion indiquée,Elevée (plus de 6),C:\Users\aittayeb\Desktop\Projet_memoir\Visuale\2220641901 BUT-ASPI.jpg
1959.0,BUT,2019.0,2220641901.0,2220641901 BUT-ASPI,DISTRIBUTION,DISTRIBUTION SPECIALISEE,3.0,Offre,Blanc,Dominante,Promotion,-,-,-,-,-,Fort,Descriptif,Majuscule gras,Grand,Peu,Non,Français,Un peu contrasté,Bas droit,0.89,Promotion indiquée,Elevée (plus de 6),C:\Users\aittayeb\Desktop\Projet_memoir\Visuale\2220641901 BUT-ASPI.jpg
1959.0,BUT,2019.0,2220641901.0,2220641901 BUT-ASPI,DISTRIBUTION,DISTRIBUTION SPECIALISEE,3.0,Offre,Blanc,Dominante,Promotion,-,-,-,-,-,Fort,Descriptif,Majuscule gras,Grand,Peu,Non,Français,Un peu contrasté,Bas droit,0.89,Promotion indiquée,Elevée (plus de 6),C:\Users\aittayeb\Desktop\Projet_memoir\Visuale\2220641901 BUT-ASPI.jpg
2176.0,CREDIT AGRICOLE,2019.0,2220651906.0,2220651906 CREDIT-AGRICOLE-Apprentis-copie,ETS_FINANCIERS_ASSURANCES,BANQUES DE DETAIL,4.0,Service,Bleu,Dominante,Personnage,Personne seule,-,-,Femme,Jeune adulte,Fort,Explicatif/Narratif,Majuscule gras,Moyen,Peu,Non,Français,Un peu contrasté,Haut gauche,0.9,Aucun,Elevée (plus de 6),C:\Users\aittayeb\Desktop\Projet_memoir\Visuale\2220651906 CREDIT-AGRICOLE-Apprentis-copie.jpg
2176.0,CREDIT AGRICOLE,2019.0,2220651906.0,2220651906 CREDIT-AGRICOLE-Apprentis-copie,ETS_FINANCIERS_ASSURANCES,BANQUES DE DETAIL,4.0,Service,Bleu,Dominante,Personnage,Personne seule,-,-,Femme,Jeune adulte,Fort,Explicatif/Narratif,Majuscule gras,Moyen,Peu,Non,Français,Un peu contrasté,Haut gauche,0.9,Aucun,Elevée (plus de 6),C:\Users\aittayeb\Desktop\Projet_memoir\Visuale\2220651906 CREDIT-AGRICOLE-Apprentis-copie.jpg
2176.0,CREDIT AGRICOLE,2019.0,2220651906.0,2220651906 CREDIT-AGRICOLE-Etudes-copie,ETS_FINANCIERS_ASSURANCES,BANQUES DE DETAIL,4.0,Service,Vert,Dominante,Personnage,Personne seule,-,-,Femme,Jeune adulte,Fort,Explicatif/Narratif,Majuscule gras,Moyen,Peu,Non,Français,Un peu contrasté,Haut gauche,0.9,Aucun,Elevée (plus de 6),C:\Users\aittayeb\Desktop\Projet_memoir\Visuale\2220651906 CREDIT-AGRICOLE-Etudes-copie.jpg
1958.0,FREE,2019.0,2220621906.0,2220621906 FREE-demo-copie,TELECOMMUNICATIONS,OPERATEURS TELECOMMUNIC.,3.0,Offre,Blanc,Dominante,Claim,-,-,-,-,-,Fort,Explicatif/Narratif,Minuscule gras,Moyen,Peu,Non,Français,Un peu contrasté,Bas milieu,0.9,Promotion indiquée,Moyen (4-5),C:\Users\aittayeb\Desktop\Projet_memoir\Visuale\2220621906 FREE-demo-copie.jpg
1957.0,PULCO,2019.0,2220621907.0,2220621907 PULCO-1-copie,BOISSONS,BOISSONS NON ALCOOLISEES,1.0,Produit,Jaune,Dominante,Claim,-,-,-,-,-,Moyen ,Humoristique,Minuscule sans gras,Moyen,Moyen,Non,Français,Un peu contrasté,Bas droit,0.84,Aucun,Faible (3 éléments),C:\Users\aittayeb\Desktop\Projet_memoir\Visuale\2220621907 PULCO-1-copie.jpg
1954.0,PERLINO,2019.0,2220601918.0,2220601918 perlino,BOISSONS,BOISSONS ALCOOLISEES,1.0,Produit,Orange,Dominante,Packshot,-,-,-,-,-,Faible,Explicatif/Narratif,Minuscule sans gras ,Grand,Moyen,Non,Autre,Un peu contrasté,Haut milieu,-,Aucun,Elevée (plus de 6),C:\Users\aittayeb\Desktop\Projet_memoir\Visuale\2220601918 perlino.jpg
1952.0,ORANGINA,2019.0,2220581914.0,2220581914 ORANGINA-boit,BOISSONS,BOISSONS NON ALCOOLISEES,5.0,Produit,Bleu,Dominante,Produit/Service,-,-,-,-,-,,,,Moyen,Moyen,Non,,Très contrasté,Dans le corps du visuel,0.9,Aucun,Elevée (plus de 6),C:\Users\aittayeb\Desktop\Projet_memoir\Visuale\2220581914 ORANGINA-boit.jpg
1952.0,ORANGINA,2019.0,2220581914.0,2220581914 ORANGINA-boit,BOISSONS,BOISSONS NON ALCOOLISEES,5.0,Produit,Jaune,Dominante,Produit/Service,-,-,-,-,-,Faible,Humoristique,Minuscule gras,Moyen,Moyen,Non,Français,Très contrasté,Dans le corps du visuel,0.9,Aucun,Elevée (plus de 6),C:\Users\aittayeb\Desktop\Projet_memoir\Visuale\2220581914 ORANGINA-boit.jpg
1952.0,ORANGINA,2019.0,2220581914.0,2220581914 ORANGINA-jaune,BOISSONS,BOISSONS NON ALCOOLISEES,5.0,Produit,Bleu,Dominante,Produit/Service,-,-,-,-,-,Moyen ,Humoristique,Minuscule gras,Moyen,Moyen,Non,Français,Très contrasté,Dans le corps du visuel,0.9,Aucun,Elevée (plus de 6),C:\Users\aittayeb\Desktop\Projet_memoir\Visuale\2220581914 ORANGINA-jaune.jpg
1952.0,ORANGINA,2019.0,2220581914.0,2220581914 ORANGINA-monde,BOISSONS,BOISSONS NON ALCOOLISEES,5.0,Produit,Bleu,Dominante,Produit/Service,-,-,-,-,-,Faible,Humoristique,Minuscule gras,Moyen,Moyen,Non,Français,Très contrasté,Dans le corps du visuel,0.9,Aucun,Elevée (plus de 6),C:\Users\aittayeb\Desktop\Projet_memoir\Visuale\2220581914 ORANGINA-monde.jpg
1952.0,ORANGINA,2019.0,2220581914.0,2220581914 ORANGINA-oranges,BOISSONS,BOISSONS NON ALCOOLISEES,5.0,Produit,Bleu,Dominante,Produit/Service,-,-,-,-,-,Faible,Humoristique,Minuscule gras,Moyen,Moyen,Non,Français,Très contrasté,Dans le corps du visuel,0.9,Aucun,Elevée (plus de 6),C:\Users\aittayeb\Desktop\Projet_memoir\Visuale\2220581914 ORANGINA-oranges.jpg
1951.0,SEPHORA,2019.0,2220581929.0,2220581929 CAROLINA-HERRERA-1,DISTRIBUTION,DISTRIBUTION SPECIALISEE,2.0,Produit,Noir,Dominante,Produit/Service,,Uniquement pour la marque,1ère utilisation ,Femme,Jeune adulte,Moyen ,Descriptif,Majuscule gras,Grand,Moyen,Non,Anglais,Un peu contrasté,Bas droit,0.87,Aucun,Moyen (4-5),C:\Users\aittayeb\Desktop\Projet_memoir\Visuale\2220581929 CAROLINA-HERRERA-1.jpg
1951.0,SEPHORA,2019.0,2220581929.0,2220581929 CAROLINA-HERRERA-2-copie,DISTRIBUTION,DISTRIBUTION SPECIALISEE,2.0,Produit,Noir,Dominante,Produit/Service,-,-,-,-,-,Faible,Descriptif,Majuscule gras,Grand,Moyen,Non,Anglais,Un peu contrasté,Bas droit,0.87,Aucun,Moyen (4-5),C:\Users\aittayeb\Desktop\Projet_memoir\Visuale\2220581929 CAROLINA-HERRERA-2-copie.jpg
1948.0,BUT,2019.0,2220571901.0,2220571901 BUT-GF-1-copie,DISTRIBUTION,DISTRIBUTION SPECIALISEE,8.0,Offre,Blanc,Dominante,Promotion,-,-,-,-,-,Fort,Explicatif/Narratif,Majuscule gras,Grand,Peu,Non,Français,Un peu contrasté,Bas droit,0.89,Promotion indiquée,Elevée (plus de 6),C:\Users\aittayeb\Desktop\Projet_memoir\Visuale\2220571901 BUT-GF-1-copie.jpg
1948.0,BUT,2019.0,2220571901.0,2220571901 BUT-GF-1-copie,DISTRIBUTION,DISTRIBUTION SPECIALISEE,8.0,Offre,Blanc,Dominante,Promotion,-,-,-,-,-,Fort,Explicatif/Narratif,Majuscule gras,Grand,Peu,Non,Français,Un peu contrasté,Bas droit,0.89,Promotion indiquée,Elevée (plus de 6),C:\Users\aittayeb\Desktop\Projet_memoir\Visuale\2220571901 BUT-GF-1-copie.jpg
1948.0,BUT,2019.0,2220571901.0,2220571901 BUT-GF-1-copie,DISTRIBUTION,DISTRIBUTION SPECIALISEE,8.0,Offre,Blanc,Dominante,Promotion,-,-,-,-,-,Fort,Explicatif/Narratif,Majuscule gras,Grand,Peu,Non,Français,Un peu contrasté,Bas droit,0.89,Promotion indiquée,Elevée (plus de 6),C:\Users\aittayeb\Desktop\Projet_memoir\Visuale\2220571901 BUT-GF-1-copie.jpg
1948.0,BUT,2019.0,2220571901.0,2220571901 BUT-GF-1-copie,DISTRIBUTION,DISTRIBUTION SPECIALISEE,8.0,Offre,Blanc,Dominante,Promotion,-,-,-,-,-,Fort,Explicatif/Narratif,Majuscule gras,Grand,Peu,Non,Français,Un peu contrasté,Bas droit,0.89,Promotion indiquée,Elevée (plus de 6),C:\Users\aittayeb\Desktop\Projet_memoir\Visuale\2220571901 BUT-GF-1-copie.jpg
1948.0,BUT,2019.0,2220571901.0,2220571901 BUT-GF-1-copie,DISTRIBUTION,DISTRIBUTION SPECIALISEE,8.0,Offre,Blanc,Dominante,Promotion,-,-,-,-,-,Fort,Explicatif/Narratif,Majuscule gras,Grand,Peu,Non,Français,Un peu contrasté,Bas droit,0.89,Promotion indiquée,Elevée (plus de 6),C:\Users\aittayeb\Desktop\Projet_memoir\Visuale\2220571901 BUT-GF-1-copie.jpg
1948.0,BUT,2019.0,2220571901.0,2220571901 BUT-GF-1-copie,DISTRIBUTION,DISTRIBUTION SPECIALISEE,8.0,Offre,Blanc,Dominante,Promotion,-,-,-,-,-,Fort,Explicatif/Narratif,Majuscule gras,Grand,Peu,Non,Français,Un peu contrasté,Bas droit,0.89,Promotion indiquée,Elevée (plus de 6),C:\Users\aittayeb\Desktop\Projet_memoir\Visuale\2220571901 BUT-GF-1-copie.jpg
1948.0,BUT,2019.0,2220571901.0,2220571901 BUT-GF-1-copie,DISTRIBUTION,DISTRIBUTION SPECIALISEE,8.0,Offre,Blanc,Dominante,Promotion,-,-,-,-,-,Fort,Explicatif/Narratif,Majuscule gras,Grand,Peu,Non,Français,Un peu contrasté,Bas droit,0.89,Promotion indiquée,Elevée (plus de 6),C:\Users\aittayeb\Desktop\Projet_memoir\Visuale\2220571901 BUT-GF-1-copie.jpg
1948.0,BUT,2019.0,2220571901.0,2220571901 BUT-GF-1-copie,DISTRIBUTION,DISTRIBUTION SPECIALISEE,8.0,Offre,Blanc,Dominante,Promotion,-,-,-,-,-,Fort,Explicatif/Narratif,Majuscule gras,Grand,Peu,Non,Français,Un peu contrasté,Bas droit,0.89,Promotion indiquée,Elevée (plus de 6),C:\Users\aittayeb\Desktop\Projet_memoir\Visuale\2220571901 BUT-GF-1-copie.jpg
1946.0,NESTLE,2019.0,2220561908.0,2220561908 EXTREME-caramel,ALIMENTATION,SURGELES ET GLACES,4.0,Produit,Marron,Dominante,Produit/Service,-,-,-,-,-,Faible,Explicatif/Narratif,Majuscule gras,Grand,Peu,Non,Français,Un peu contrasté,Haut gauche,-,Aucun,Moyen (4-5),C:\Users\aittayeb\Desktop\Projet_memoir\Visuale\2220561908 EXTREME-caramel.jpg
1946.0,NESTLE,2019.0,2220561908.0,2220561908 EXTREME-citron,ALIMENTATION,SURGELES ET GLACES,4.0,Produit,Rose,Présente,Produit/Service,-,-,-,-,-,Faible,Explicatif/Narratif,Majuscule gras,Grand,Peu,Non,Français,Un peu contrasté,Haut gauche,-,Aucun,Moyen (4-5),C:\Users\aittayeb\Desktop\Projet_memoir\Visuale\2220561908 EXTREME-citron.jpg
1946.0,NESTLE,2019.0,2220561908.0,2220561908 EXTREME-mojito,ALIMENTATION,SURGELES ET GLACES,4.0,Produit,Vert,Présente,Produit/Service,-,-,-,-,-,Faible,Explicatif/Narratif,Majuscule gras,Grand,Peu,Non,Français,Un peu contrasté,Haut gauche,-,Aucun,Moyen (4-5),C:\Users\aittayeb\Desktop\Projet_memoir\Visuale\2220561908 EXTREME-mojito.jpg
1945.0,POLIAKOV,2019.0,2220561912.0,2220561912 POLIAKOV-aigle-PF-copie,BOISSONS,BOISSONS ALCOOLISEES,2.0,Produit,Bleu,Dominante,Produit/Service,-,-,-,-,-,Faible,Explicatif/Narratif,Majuscule gras,Grand,Moyen,Non,Anglais,Pas contrasté,Haut milieu,-,Aucun,Moyen (4-5),C:\Users\aittayeb\Desktop\Projet_memoir\Visuale\2220561912 POLIAKOV-aigle-PF-copie.jpg
1945.0,POLIAKOV,2019.0,2220561912.0,2220561912 POLIAKOV-aigle-PF-copie,BOISSONS,BOISSONS ALCOOLISEES,3.0,Produit,Bleu,Dominante,Produit/Service,-,-,-,-,-,Faible,Explicatif/Narratif,Majuscule gras,Grand,Moyen,Non,Anglais,Pas contrasté,Haut milieu,-,Aucun,Moyen (4-5),C:\Users\aittayeb\Desktop\Projet_memoir\Visuale\2220561912 POLIAKOV-aigle-PF-copie.jpg
1942.0,MERCEDES,2019.0,2220531903.0,2220531903 MERCEDES-FEMME,AUTOMOBILE_TRANSPORT,AUTOMOBILES POIDS LOURDS,2.0,Branding,Noir,Dominante,Personnage,Personne seule,-,-,Les 2,Adulte,Fort,Explicatif/Narratif,Minuscule gras,Petit,Beaucoup,Non,Français,Pas contrasté,Bas droit,0.9,Aucun,Moyen (4-5),C:\Users\aittayeb\Desktop\Projet_memoir\Visuale\2220531903 MERCEDES-FEMME.jpg
1942.0,MERCEDES,2019.0,2220531903.0,2220531903 MERCEDES-FEMME,AUTOMOBILE_TRANSPORT,AUTOMOBILES POIDS LOURDS,2.0,Branding,Noir,Dominante,Personnage,Personne seule,-,-,Les 2,Adulte,Fort,Explicatif/Narratif,Minuscule gras,Petit,Beaucoup,Non,Français,Pas contrasté,Bas droit,0.9,Aucun,Moyen (4-5),C:\Users\aittayeb\Desktop\Projet_memoir\Visuale\2220531903 MERCEDES-FEMME.jpg
,JEEP,2019.0,2220541902.0,2220541902 JEEP,AUTOMOBILE_TRANSPORT,AUTOMOBILES POIDS LOURDS,1.0,Produit,Bleu,Dominante,Produit/Service,-,-,-,-,-,Moyen ,Descriptif,Majuscule gras,Moyen,Beaucoup,Non,Français,Pas contrasté,Bas droit,0.91,Prix indiqué,Elevée (plus de 6),C:\Users\aittayeb\Desktop\Projet_memoir\Visuale\2220541902 JEEP.jpg
1940.0,SCHWEPPES,2019.0,2220541907.0,2220541907 SCHWEPPES-AGRUMES-GF,BOISSONS,BOISSONS NON ALCOOLISEES,4.0,Produit,Rose,Présente,Produit/Service,-,-,-,-,-,Moyen ,Explicatif/Narratif,Majuscule gras,Moyen,Moyen,Non,Français,Un peu contrasté,Bas droit,0.87,Aucun,Moyen (4-5),C:\Users\aittayeb\Desktop\Projet_memoir\Visuale\2220541907 SCHWEPPES-AGRUMES-GF.jpg
1940.0,SCHWEPPES,2019.0,2220541907.0,2220541907 SCHWEPPES-AGRUMES-GF,BOISSONS,BOISSONS NON ALCOOLISEES,4.0,Produit,Rose,Présente,Produit/Service,-,-,-,-,-,Moyen ,Explicatif/Narratif,Majuscule gras,Moyen,Moyen,Non,Français,Un peu contrasté,Bas droit,0.87,Aucun,Moyen (4-5),C:\Users\aittayeb\Desktop\Projet_memoir\Visuale\2220541907 SCHWEPPES-AGRUMES-GF.jpg
1940.0,SCHWEPPES,2019.0,2220541907.0,2220541907 SCHWEPPES-AGRUMES-GF,BOISSONS,BOISSONS NON ALCOOLISEES,4.0,Produit,Rose,Présente,Produit/Service,-,-,-,-,-,Moyen ,Explicatif/Narratif,Majuscule gras,Moyen,Moyen,Non,Français,Un peu contrasté,Bas droit,0.87,Aucun,Moyen (4-5),C:\Users\aittayeb\Desktop\Projet_memoir\Visuale\2220541907 SCHWEPPES-AGRUMES-GF.jpg
1940.0,SCHWEPPES,2019.0,2220541907.0,2220541907 SCHWEPPES-AGRUMES-GF,BOISSONS,BOISSONS NON ALCOOLISEES,4.0,Produit,Rose,Présente,Produit/Service,-,-,-,-,-,Moyen ,Explicatif/Narratif,Majuscule gras,Moyen,Moyen,Non,Français,Un peu contrasté,Bas droit,0.87,Aucun,Moyen (4-5),C:\Users\aittayeb\Desktop\Projet_memoir\Visuale\2220541907 SCHWEPPES-AGRUMES-GF.jpg
1940.0,SCHWEPPES,2019.0,2220541907.0,2220541907 SCHWEPPES-AGRUMES-PF,BOISSONS,BOISSONS NON ALCOOLISEES,1.0,Produit,Rose,Présente,Produit/Service,-,-,-,-,-,Moyen ,Explicatif/Narratif,Majuscule gras,Moyen,Moyen,Non,Français,Un peu contrasté,Bas droit,0.87,Aucun,Moyen (4-5),C:\Users\aittayeb\Desktop\Projet_memoir\Visuale\2220541907 SCHWEPPES-AGRUMES-PF.jpg
1940.0,SCHWEPPES,2019.0,2220541907.0,2220541907 SCHWEPPES-LEMON-PF,BOISSONS,BOISSONS NON ALCOOLISEES,1.0,Produit,Vert,Dominante,Produit/Service,-,-,-,-,-,Moyen ,Explicatif/Narratif,Majuscule gras,Moyen,Moyen,Non,Français,Un peu contrasté,Bas droit,0.87,Aucun,Moyen (4-5),C:\Users\aittayeb\Desktop\Projet_memoir\Visuale\2220541907 SCHWEPPES-LEMON-PF.jpg
1944.0,LES VIGNERONS DE CHAMPAGNE,2019.0,2220541908.0,2220541908 SGVC_-1,BOISSONS,BOISSONS ALCOOLISEES,6.0,Produit,Bleu,Présente,Produit/Service,-,-,-,-,-,Faible,Humoristique,Minuscule sans gras ,Petit,Peu,Non,Français,Un peu contrasté,Bas milieu,-,Aucun,Moyen (4-5),C:\Users\aittayeb\Desktop\Projet_memoir\Visuale\2220541908 SGVC_-1.jpg
1944.0,LES VIGNERONS DE CHAMPAGNE,2019.0,2220541908.0,2220541908 SGVC_-2,BOISSONS,BOISSONS ALCOOLISEES,6.0,Produit,Gris,Dominante,Produit/Service,-,-,-,-,-,Faible,Humoristique,Minuscule sans gras ,Petit,Peu,Non,Français,Un peu contrasté,Bas milieu,-,Aucun,Moyen (4-5),C:\Users\aittayeb\Desktop\Projet_memoir\Visuale\2220541908 SGVC_-2.jpg
1944.0,LES VIGNERONS DE CHAMPAGNE,2019.0,2220541908.0,2220541908 SGVC_-3,BOISSONS,BOISSONS ALCOOLISEES,6.0,Produit,Noir,Dominante,Produit/Service,-,-,-,-,-,Faible,Humoristique,Minuscule sans gras ,Petit,Peu,Non,Français,Un peu contrasté,Bas milieu,-,Aucun,Moyen (4-5),C:\Users\aittayeb\Desktop\Projet_memoir\Visuale\2220541908 SGVC_-3.jpg
1944.0,LES VIGNERONS DE CHAMPAGNE,2019.0,2220541908.0,2220541908 SGVC_-4,BOISSONS,BOISSONS ALCOOLISEES,6.0,Produit,Rose,Présente,Produit/Service,-,-,-,-,-,Faible,Humoristique,Minuscule sans gras ,Petit,Peu,Non,Français,Un peu contrasté,Bas milieu,-,Aucun,Moyen (4-5),C:\Users\aittayeb\Desktop\Projet_memoir\Visuale\2220541908 SGVC_-4.jpg
1944.0,LES VIGNERONS DE CHAMPAGNE,2019.0,2220541908.0,2220541908 SGVC_-6,BOISSONS,BOISSONS ALCOOLISEES,6.0,Produit,Vert,Présente,Produit/Service,-,-,-,-,-,Faible,Humoristique,Minuscule sans gras ,Petit,Peu,Non,Français,Un peu contrasté,Bas milieu,-,Aucun,Moyen (4-5),C:\Users\aittayeb\Desktop\Projet_memoir\Visuale\2220541908 SGVC_-6.jpg
1944.0,LES VIGNERONS DE CHAMPAGNE,2019.0,2220541908.0,2220541908 SGVC_-6,BOISSONS,BOISSONS ALCOOLISEES,6.0,Produit,Violet,Présente,Produit/Service,-,-,-,-,-,Faible,Humoristique,Minuscule sans gras ,Petit,Peu,Non,Français,Un peu contrasté,Bas milieu,-,Aucun,Moyen (4-5),C:\Users\aittayeb\Desktop\Projet_memoir\Visuale\2220541908 SGVC_-6.jpg
1937.0,SMART,2019.0,2220511901.0,2220511901 JCD_MU_smart_01,AUTOMOBILE_TRANSPORT,AUTOMOBILES POIDS LOURDS,1.0,Offre,Bleu,Présente,Produit/Service,-,-,-,-,-,Moyen ,Humoristique,Minuscule gras,Petit,Moyen,Non,Français,Pas contrasté,Haut droit,-,Aucun,Moyen (4-5),C:\Users\aittayeb\Desktop\Projet_memoir\Visuale\2220511901 JCD_MU_smart_01.jpg
1938.0,MAYTEA,2019.0,2220511911.0,2220511911 MAYTEA-CITRON,BOISSONS,BOISSONS NON ALCOOLISEES,6.0,Produit,Vert,Dominante,Produit/Service,-,-,-,-,-,Faible,Descriptif,Majuscule gras,Petit,Moyen,Non,Français,Très contrasté,Haut milieu,-,Aucun,Elevée (plus de 6),C:\Users\aittayeb\Desktop\Projet_memoir\Visuale\2220511911 MAYTEA-CITRON.jpg
1938.0,MAYTEA,2019.0,2220511911.0,2220511911 MAYTEA-CITRON,BOISSONS,BOISSONS NON ALCOOLISEES,6.0,Produit,Vert,Dominante,Produit/Service,-,-,-,-,-,Faible,Descriptif,Majuscule gras,Petit,Moyen,Non,Français,Très contrasté,Haut milieu,-,Aucun,Elevée (plus de 6),C:\Users\aittayeb\Desktop\Projet_memoir\Visuale\2220511911 MAYTEA-CITRON.jpg
1938.0,MAYTEA,2019.0,2220511911.0,2220511911 MAYTEA-CITRON,BOISSONS,BOISSONS NON ALCOOLISEES,6.0,Produit,Vert,Dominante,Produit/Service,-,-,-,-,-,Faible,Descriptif,Majuscule gras,Petit,Moyen,Non,Français,Très contrasté,Haut milieu,-,Aucun,Elevée (plus de 6),C:\Users\aittayeb\Desktop\Projet_memoir\Visuale\2220511911 MAYTEA-CITRON.jpg
1938.0,MAYTEA,2019.0,2220511911.0,2220511911 MAYTEA-CITRON,BOISSONS,BOISSONS NON ALCOOLISEES,6.0,Produit,Vert,Dominante,Produit/Service,-,-,-,-,-,Faible,Descriptif,Majuscule gras,Petit,Moyen,Non,Français,Très contrasté,Haut milieu,-,Aucun,Elevée (plus de 6),C:\Users\aittayeb\Desktop\Projet_memoir\Visuale\2220511911 MAYTEA-CITRON.jpg
1938.0,MAYTEA,2019.0,2220511911.0,2220511911 MAYTEA-CITRON,BOISSONS,BOISSONS NON ALCOOLISEES,6.0,Produit,Vert,Dominante,Produit/Service,-,-,-,-,-,Faible,Descriptif,Majuscule gras,Petit,Moyen,Non,Français,Très contrasté,Haut milieu,-,Aucun,Elevée (plus de 6),C:\Users\aittayeb\Desktop\Projet_memoir\Visuale\2220511911 MAYTEA-CITRON.jpg
1938.0,MAYTEA,2019.0,2220511911.0,2220511911 MAYTEA-CITRON,BOISSONS,BOISSONS NON ALCOOLISEES,6.0,Produit,Vert,Dominante,Produit/Service,-,-,-,-,-,Faible,Descriptif,Majuscule gras,Petit,Moyen,Non,Français,Très contrasté,Haut milieu,-,Aucun,Elevée (plus de 6),C:\Users\aittayeb\Desktop\Projet_memoir\Visuale\2220511911 MAYTEA-CITRON.jpg
1951.0,SEPHORA,2019.0,2220581929.0,2220581929 CAROLINA-HERRERA-1,DISTRIBUTION,DISTRIBUTION SPECIALISEE,2.0,Produit,Noir,Dominante,Produit/Service,,Uniquement pour la marque,1ère utilisation ,Femme,Jeune adulte,Moyen ,Descriptif,Majuscule gras,Grand,Moyen,Non,Anglais,Un peu contrasté,Bas droit,0.87,Aucun,Moyen (4-5),C:\Users\aittayeb\Desktop\Projet_memoir\Visuale\2220581929 CAROLINA-HERRERA-1.jpg
1951.0,SEPHORA,2019.0,2220581929.0,2220581929 CAROLINA-HERRERA-2-copie,DISTRIBUTION,DISTRIBUTION SPECIALISEE,2.0,Produit,Noir,Dominante,Produit/Service,-,-,-,-,-,Faible,Descriptif,Majuscule gras,Grand,Moyen,Non,Anglais,Un peu contrasté,Bas droit,0.87,Aucun,Moyen (4-5),C:\Users\aittayeb\Desktop\Projet_memoir\Visuale\2220581929 CAROLINA-HERRERA-2-copie.jpg
1934.0,RENAULT,2019.0,2220491901.0,2220491901 118_5_175_ABRIBUS_TWINGO_FU_042727_HR-copie,AUTOMOBILE_TRANSPORT,AUTOMOBILES POIDS LOURDS,2.0,Offre,Bleu,Présente,Produit/Service,-,-,-,-,-,Fort,Descriptif,Majuscule gras,Moyen,Beaucoup,Non,Français,Un peu contrasté,Haut droit,0.95,Prix indiqué,Elevée (plus de 6),C:\Users\aittayeb\Desktop\Projet_memoir\Visuale\2220491901 118_5_175_ABRIBUS_TWINGO_FU_042727_HR-copie.jpg
1934.0,RENAULT,2019.0,2220491901.0,2220491901 118_5_175_ABRIBUS_TWINGO_FU_042727_HR-copie,AUTOMOBILE_TRANSPORT,AUTOMOBILES POIDS LOURDS,2.0,Offre,Bleu,Présente,Produit/Service,-,-,-,-,-,Fort,Descriptif,Majuscule gras,Moyen,Beaucoup,Non,Français,Un peu contrasté,Haut droit,0.95,Prix indiqué,Elevée (plus de 6),C:\Users\aittayeb\Desktop\Projet_memoir\Visuale\2220491901 118_5_175_ABRIBUS_TWINGO_FU_042727_HR-copie.jpg
1933.0,OASIS,2019.0,2220471911.0,"2220471911 118,5_175_OASIS_O_VERGER-POM-FRAISE_JCD_044157-copie",BOISSONS,BOISSONS NON ALCOOLISEES,4.0,Produit,Vert,Dominante,Produit/Service,Mascotte,-,-,-,-,Faible,Descriptif,Majuscule gras,Grand,Moyen,Non,Français,Un peu contrasté,Haut gauche,0.88,Aucun,Moyen (4-5),"C:\Users\aittayeb\Desktop\Projet_memoir\Visuale\2220471911 118,5_175_OASIS_O_VERGER-POM-FRAISE_JCD_044157-copie.jpg"
1933.0,OASIS,2019.0,2220471911.0,"2220471911 118,5_175_OASIS_O_VERGER-POM-FRAISE_JCD_044157-copie",BOISSONS,BOISSONS NON ALCOOLISEES,4.0,Produit,Vert,Dominante,Produit/Service,Mascotte,-,-,-,-,Faible,Descriptif,Majuscule gras,Grand,Moyen,Non,Français,Un peu contrasté,Haut gauche,0.88,Aucun,Moyen (4-5),"C:\Users\aittayeb\Desktop\Projet_memoir\Visuale\2220471911 118,5_175_OASIS_O_VERGER-POM-FRAISE_JCD_044157-copie.jpg"
1933.0,OASIS,2019.0,2220471911.0,"2220471911 118,5_175_OASIS_O_VERGER-POM-FRAISE_JCD_044157-copie",BOISSONS,BOISSONS NON ALCOOLISEES,4.0,Produit,Vert,Dominante,Produit/Service,Mascotte,-,-,-,-,Faible,Descriptif,Majuscule gras,Grand,Moyen,Non,Français,Un peu contrasté,Haut gauche,0.88,Aucun,Moyen (4-5),"C:\Users\aittayeb\Desktop\Projet_memoir\Visuale\2220471911 118,5_175_OASIS_O_VERGER-POM-FRAISE_JCD_044157-copie.jpg"
1933.0,OASIS,2019.0,2220471911.0,"2220471911 118,5_175_OASIS_O_VERGER-POM-FRAISE_JCD_044157-copie",BOISSONS,BOISSONS NON ALCOOLISEES,4.0,Produit,Vert,Dominante,Produit/Service,Mascotte,-,-,-,-,Faible,Descriptif,Majuscule gras,Grand,Moyen,Non,Français,Un peu contrasté,Haut gauche,0.88,Aucun,Moyen (4-5),"C:\Users\aittayeb\Desktop\Projet_memoir\Visuale\2220471911 118,5_175_OASIS_O_VERGER-POM-FRAISE_JCD_044157-copie.jpg"
1930.0,BUT,2019.0,2220461901.0,2220461901 BUT-abacco-copie,DISTRIBUTION,DISTRIBUTION SPECIALISEE,3.0,Offre,Blanc,Dominante,Promotion,-,-,-,-,-,Fort,Descriptif,Majuscule gras,Grand,Peu,Non,Français,Très contrasté,Haut gauche,0.89,Promotion indiquée,Elevée (plus de 6),C:\Users\aittayeb\Desktop\Projet_memoir\Visuale\2220461901 BUT-abacco-copie.jpg
1931.0,ANDROS,2019.0,2220461905.0,2220461905 ANDROS-compote-fraise-GF,ALIMENTATION,DESSERTS,4.0,Produit,Rouge,Dominante,Produit/Service,-,-,-,-,-,Faible,Descriptif,Majuscule gras,Moyen,Moyen,Non,Français,Un peu contrasté,Bas gauche,0.83,Aucun,Moyen (4-5),C:\Users\aittayeb\Desktop\Projet_memoir\Visuale\2220461905 ANDROS-compote-fraise-GF.jpg
1931.0,ANDROS,2019.0,2220461905.0,2220461905 ANDROS-compote-fraise-PF,ALIMENTATION,DESSERTS,4.0,Produit,Rouge,Dominante,Produit/Service,-,-,-,-,-,Faible,Descriptif,Majuscule gras,Moyen,Moyen,Non,Français,Un peu contrasté,Bas gauche,0.83,Aucun,Moyen (4-5),C:\Users\aittayeb\Desktop\Projet_memoir\Visuale\2220461905 ANDROS-compote-fraise-PF.jpg
1931.0,ANDROS,2019.0,2220461905.0,2220461905 ANDROS-jus-orage-GF,ALIMENTATION,DESSERTS,4.0,Produit,Orange,Présente,Produit/Service,-,-,-,-,-,Faible,Descriptif,Majuscule gras,Moyen,Moyen,Non,Français,Un peu contrasté,Bas gauche,0.83,Aucun,Moyen (4-5),C:\Users\aittayeb\Desktop\Projet_memoir\Visuale\2220461905 ANDROS-jus-orage-GF.jpg
1931.0,ANDROS,2019.0,2220461905.0,2220461905 ANDROS-jus-orage-PF,ALIMENTATION,DESSERTS,4.0,Produit,Orange,Présente,Produit/Service,-,-,-,-,-,Faible,Descriptif,Majuscule gras,Moyen,Moyen,Non,Français,Un peu contrasté,Bas gauche,0.83,Aucun,Moyen (4-5),C:\Users\aittayeb\Desktop\Projet_memoir\Visuale\2220461905 ANDROS-jus-orage-PF.jpg
1929.0,OLD NICK,2019.0,2220461906.0,2220461906 OLD-NICK-GF,BOISSONS,BOISSONS ALCOOLISEES,2.0,Produit,Orange,Dominante,Personnage,Autres,-,-,-,-,Faible,-,Minuscule gras,Grand,Peu,Non,Français,Un peu contrasté,Haut milieu,-,Aucun,Moyen (4-5),C:\Users\aittayeb\Desktop\Projet_memoir\Visuale\2220461906 OLD-NICK-GF.jpg
1929.0,OLD NICK,2019.0,2220461906.0,2220461906 OLD-NICK-GF,BOISSONS,BOISSONS ALCOOLISEES,2.0,Produit,Orange,Dominante,Personnage,Autres,-,-,-,-,Faible,-,Minuscule gras,Grand,Peu,Non,Français,Un peu contrasté,Haut milieu,-,Aucun,Moyen (4-5),C:\Users\aittayeb\Desktop\Projet_memoir\Visuale\2220461906 OLD-NICK-GF.jpg
1928.0,FREE TELECOM,2019.0,2220451903.0,2220451903 FREE-1-copie,TELECOMMUNICATIONS,OPERATEURS TELECOMMUNIC.,2.0,Offre,Blanc,Dominante,Claim,-,-,-,-,-,Fort,Explicatif/Narratif,Majuscule gras,Petit,Peu,Non,Français,Un peu contrasté,Haut milieu,0.9,Prix indiqué,Elevée (plus de 6),C:\Users\aittayeb\Desktop\Projet_memoir\Visuale\2220451903 FREE-1-copie.jpg
1925.0,SOIGNON,2019.0,2220431907.0,2220431907 SOIGNON-blanc-copie,ALIMENTATION,PRODUITS LAITIERS,2.0,Produit,Vert,Présente,Personnage,Autres,-,-,-,-,Moyen ,Descriptif,Majuscule gras,Moyen,Moyen,Non,Français,Très contrasté,Haut droit,-,Aucun,Moyen (4-5),C:\Users\aittayeb\Desktop\Projet_memoir\Visuale\2220431907 SOIGNON-blanc-copie.jpg
1926.0,PACO RABANNE,2019.0,2220431913.0,2220431913 INVICTUS-copie,HYGIENE_BEAUTE,PARFUMS,1.0,Produit,Marron,Présente,Personnage,Personne seule,Uniquement pour la marque,Déjà utilisée,Homme,Jeune adulte,Faible,Descriptif,Minuscule gras,Grand,Moyen,Non,Français,Un peu contrasté,Bas milieu,-,Aucun,Moyen (4-5),C:\Users\aittayeb\Desktop\Projet_memoir\Visuale\2220431913 INVICTUS-copie.jpg
1916.0,BRIDGESTONE,2019.0,2220401908.0,2220401908 BRIDGESTONE,AUTOMOBILE_TRANSPORT,EQUIP.ACCES.VEHICULES,1.0,Offre,Noir,Présente,Produit/Service,-,-,-,-,-,Fort,Descriptif,Majuscule gras,Grand,Peu,Non,Français,Un peu contrasté,Haut milieu,0.65,Aucun,Moyen (4-5),C:\Users\aittayeb\Desktop\Projet_memoir\Visuale\2220401908 BRIDGESTONE.jpg
1914.0,MCDONALD'S,2019.0,2220351901.0,2220351901 JCD_MU_MAC_DO_01,RESTAURATION,RESTAURATION RAPIDE,1.0,Branding,Bleu,Présente,Personnage,Autres,-,-,-,-,Inexistant,Humoristique,Minuscule sans gras ,Moyen,Moyen,Non,Français,Un peu contrasté,Haut gauche,0.94,Aucun,Faible (3 éléments),C:\Users\aittayeb\Desktop\Projet_memoir\Visuale\2220351901 JCD_MU_MAC_DO_01.jpg
1914.0,MCDONALD'S,2019.0,2220351901.0,2220351901 JCD_MU_MAC_DO_02,RESTAURATION,RESTAURATION RAPIDE,1.0,Branding,Orange,Dominante,Personnage,Autres,-,-,-,-,Inexistant,Humoristique,Minuscule sans gras ,Moyen,Moyen,Non,Français,Un peu contrasté,Haut gauche,0.94,Aucun,Faible (3 éléments),C:\Users\aittayeb\Desktop\Projet_memoir\Visuale\2220351901 JCD_MU_MAC_DO_02.jpg
1968.0,YVES SAINT LAURENT,2019.0,2220701921.0,"2220701921 0,68_NEW_FEM_Abribus_1185x1750QFR-v4-bd",HYGIENE_BEAUTE,PARFUMS,1.0,Produit,Noir,Dominante,Produit/Service,Célébrité,Sur d'autres marques,1ère utilisation ,Femme,Jeune adulte,Faible,-,Majuscule gras,Grand,Beaucoup,Non,Français,Un peu contrasté,Haut gauche,-,Aucun,Moyen (4-5),"C:\Users\aittayeb\Desktop\Projet_memoir\Visuale\2220701921 0,68_NEW_FEM_Abribus_1185x1750QFR-v4-bd.jpg"
,GILETTE,2019.0,2220311906.0,2220311906 GILLETTE,HYGIENE_BEAUTE,PRODUITS DE TOILETTE,1.0,Produit,Blanc,Dominante,Claim,-,-,-,-,-,Fort,Explicatif/Narratif,Majuscule gras,Petit,Peu,Non,Français,Très contrasté,Bas droit,-,Aucun,Moyen (4-5),C:\Users\aittayeb\Desktop\Projet_memoir\Visuale\2220311906 GILLETTE.jpg
1905.0,FREE TELECOM,2019.0,2220281903.0,2220281903 FREE-GF-1,TELECOMMUNICATIONS,OPERATEURS TELECOMMUNIC.,1.0,Produit,Noir,Dominante,Produit/Service,-,-,-,-,-,Moyen ,Humoristique,Minuscule gras,Petit,Moyen,Non,Français,Un peu contrasté,Bas droit,0.9,Aucun,Moyen (4-5),C:\Users\aittayeb\Desktop\Projet_memoir\Visuale\2220281903 FREE-GF-1.jpg
2146.0,SFR,2020.0,2220992006.0,2220992006 120_176_ABRIBUS_SFR_OOH_BOX_8_057875_HR-(1)-copie,TELECOMMUNICATIONS,OPERATEURS TELECOMMUNIC.,2.0,Offre,Violet,Présente,Produit/Service,-,-,-,-,-,Moyen ,Descriptif,Majuscule gras,Petit,Moyen,Non,Français,Très contrasté,Haut gauche,0.91,Prix indiqué,Moyen (4-5),C:\Users\aittayeb\Desktop\Projet_memoir\Visuale\2220992006 120_176_ABRIBUS_SFR_OOH_BOX_8_057875_HR-(1)-copie.jpg
2146.0,SFR,2020.0,2220992006.0,2220992006 120_176_ABRIBUS_SFR_OOH_BOX_8_057875_HR-(1)-copie,TELECOMMUNICATIONS,OPERATEURS TELECOMMUNIC.,2.0,Offre,Violet,Présente,Produit/Service,-,-,-,-,-,Moyen ,Descriptif,Majuscule gras,Petit,Moyen,Non,Français,Très contrasté,Haut gauche,0.91,Prix indiqué,Moyen (4-5),C:\Users\aittayeb\Desktop\Projet_memoir\Visuale\2220992006 120_176_ABRIBUS_SFR_OOH_BOX_8_057875_HR-(1)-copie.jpg
2145.0,LES VIGNERONS DE CHAMPAGNE,2020.0,2220982006.0,2220982006 Capture chouquettes copie,BOISSONS,BOISSONS ALCOOLISEES,4.0,Branding,Bleu,Non ,Packshot,-,-,-,-,-,Moyen ,Humoristique,Majuscule gras,Petit,Moyen,Non,Français,Pas contrasté,Bas milieu,-,Aucun,Moyen (4-5),C:\Users\aittayeb\Desktop\Projet_memoir\Visuale\2220982006 Capture chouquettes copie.jpg
2145.0,LES VIGNERONS DE CHAMPAGNE,2020.0,2220982006.0,2220982006 Capture donut copie,BOISSONS,BOISSONS ALCOOLISEES,4.0,Branding,Rose,Présente,Packshot,-,-,-,-,-,Moyen ,Humoristique,Majuscule gras,Petit,Moyen,Non,Français,Pas contrasté,Bas milieu,-,Aucun,Moyen (4-5),C:\Users\aittayeb\Desktop\Projet_memoir\Visuale\2220982006 Capture donut copie.jpg
2145.0,LES VIGNERONS DE CHAMPAGNE,2020.0,2220982006.0,2220982006 Capture pizza copie,BOISSONS,BOISSONS ALCOOLISEES,4.0,Branding,Blanc,Dominante,Packshot,-,-,-,-,-,Moyen ,Humoristique,Majuscule gras,Petit,Moyen,Non,Français,Pas contrasté,Bas milieu,-,Aucun,Moyen (4-5),C:\Users\aittayeb\Desktop\Projet_memoir\Visuale\2220982006 Capture pizza copie.jpg
2145.0,LES VIGNERONS DE CHAMPAGNE,2020.0,2220982006.0,2220982006 Radis-bon,BOISSONS,BOISSONS ALCOOLISEES,4.0,Branding,Jaune,Présente,Packshot,-,-,-,-,-,Moyen ,Humoristique,Majuscule gras,Petit,Moyen,Non,Français,Un peu contrasté,Bas milieu,-,Aucun,Moyen (4-5),C:\Users\aittayeb\Desktop\Projet_memoir\Visuale\2220982006 Radis-bon.jpg
2143.0,LES 2 VACHES,2020.0,2220942001.0,2220942001 LES-2-VACHES-CITRON,ALIMENTATION,PRODUITS LAITIERS,3.0,Produit,Jaune,Dominante,Packshot,-,-,-,-,-,Fort,Humoristique,Majuscule gras,Moyen,Peu,Non,Français,Très contrasté,Dans le corps du visuel,-,Aucun,Moyen (4-5),C:\Users\aittayeb\Desktop\Projet_memoir\Visuale\2220942001 LES-2-VACHES-CITRON.jpg
2143.0,LES 2 VACHES,2020.0,2220942001.0,2220942001 LES-2-VACHES-FRAMBOISE,ALIMENTATION,PRODUITS LAITIERS,3.0,Produit,Rose,Dominante,Packshot,-,-,-,-,-,Fort,Humoristique,Majuscule gras,Moyen,Peu,Non,Français,Très contrasté,Dans le corps du visuel,-,Aucun,Moyen (4-5),C:\Users\aittayeb\Desktop\Projet_memoir\Visuale\2220942001 LES-2-VACHES-FRAMBOISE.jpg
2143.0,LES 2 VACHES,2020.0,2220942001.0,2220942001 LES-2-VACHES-MYRTILLE,ALIMENTATION,PRODUITS LAITIERS,3.0,Produit,Violet,Dominante,Packshot,-,-,-,-,-,Fort,Humoristique,Majuscule gras,Moyen,Peu,Non,Français,Très contrasté,Dans le corps du visuel,-,Aucun,Moyen (4-5),C:\Users\aittayeb\Desktop\Projet_memoir\Visuale\2220942001 LES-2-VACHES-MYRTILLE.jpg
2142.0,FREE TELECOM,2020.0,2220942003.0,2220942003 free-2m²,TELECOMMUNICATIONS,OPERATEURS TELECOMMUNIC.,4.0,Offre,Blanc,Non ,Claim,-,-,-,-,-,Fort,Explicatif/Narratif,Majuscule gras,Grand,Peu,Non,Français,Pas contrasté,Haut milieu,0.89,Prix indiqué,Moyen (4-5),C:\Users\aittayeb\Desktop\Projet_memoir\Visuale\2220942003 free-2m².jpg
2142.0,FREE TELECOM,2020.0,2220942003.0,2220942003 free-2m²,TELECOMMUNICATIONS,OPERATEURS TELECOMMUNIC.,4.0,Offre,Blanc,Non ,Claim,-,-,-,-,-,Fort,Explicatif/Narratif,Majuscule gras,Grand,Peu,Non,Français,Pas contrasté,Haut milieu,0.89,Prix indiqué,Moyen (4-5),C:\Users\aittayeb\Desktop\Projet_memoir\Visuale\2220942003 free-2m².jpg
2142.0,FREE TELECOM,2020.0,2220942003.0,2220942003 free-8m²,TELECOMMUNICATIONS,OPERATEURS TELECOMMUNIC.,4.0,Offre,Blanc,Non ,Claim,-,-,-,-,-,Fort,Explicatif/Narratif,Majuscule gras,Grand,Peu,Non,Français,Pas contrasté,Haut milieu,0.89,Prix indiqué,Moyen (4-5),C:\Users\aittayeb\Desktop\Projet_memoir\Visuale\2220942003 free-8m².jpg
2142.0,FREE TELECOM,2020.0,2220942003.0,2220942003 free-8m²,TELECOMMUNICATIONS,OPERATEURS TELECOMMUNIC.,4.0,Offre,Blanc,Non ,Claim,-,-,-,-,-,Fort,Explicatif/Narratif,Majuscule gras,Grand,Peu,Non,Français,Pas contrasté,Haut milieu,0.89,Prix indiqué,Moyen (4-5),C:\Users\aittayeb\Desktop\Projet_memoir\Visuale\2220942003 free-8m².jpg
,GRIMBERGEN,2020.0,2220942009.0,2220942009 JCD_MU_GRIMBERGEN_01,BOISSONS,BOISSONS ALCOOLISEES,3.0,Produit,Jaune,Dominante,Packshot,-,-,-,-,-,Faible,Explicatif/Narratif,Majuscule gras,Grand,Peu,Non,Français,Pas contrasté,Haut milieu,0.63,Aucun,Elevée (plus de 6),C:\Users\aittayeb\Desktop\Projet_memoir\Visuale\2220942009 JCD_MU_GRIMBERGEN_01.jpg
,GRIMBERGEN,2020.0,2220942009.0,2220942009 JCD_MU_GRIMBERGEN_02,BOISSONS,BOISSONS ALCOOLISEES,3.0,Produit,Rouge,Dominante,Packshot,-,-,-,-,-,Faible,Explicatif/Narratif,Majuscule gras,Grand,Peu,Non,Français,Pas contrasté,Haut milieu,0.63,Aucun,Elevée (plus de 6),C:\Users\aittayeb\Desktop\Projet_memoir\Visuale\2220942009 JCD_MU_GRIMBERGEN_02.jpg
,GRIMBERGEN,2020.0,2220942009.0,2220942009 JCD_MU_GRIMBERGEN_03,BOISSONS,BOISSONS ALCOOLISEES,3.0,Produit,Orange,Dominante,Packshot,-,-,-,-,-,Faible,Explicatif/Narratif,Majuscule gras,Grand,Peu,Non,Français,Pas contrasté,Haut milieu,0.63,Aucun,Elevée (plus de 6),C:\Users\aittayeb\Desktop\Projet_memoir\Visuale\2220942009 JCD_MU_GRIMBERGEN_03.jpg
2730.0,DEL ARTE,2020.0,2220902001.0,2220902001 DEL ARTE_01,RESTAURATION,RESTAURATION,1.0,Branding,Vert,Dominante,Personnage,Personne seule,-,-,Femme,Senior,Moyen ,Humoristique,Majuscule gras,Moyen,Peu,Non,Français,Pas contrasté,Bas gauche,0.69,Aucun,Faible (3 éléments),C:\Users\aittayeb\Desktop\Projet_memoir\Visuale\2220902001 DEL ARTE_01.jpg
2178.0,FORD,2020.0,2220892001.0,2220892001 FORD-abribus,AUTOMOBILE_TRANSPORT,AUTOMOBILES POIDS LOURDS,2.0,Produit,Bleu,Dominante,Produit/Service,-,-,-,-,-,Moyen ,Descriptif,Majuscule gras,Petit,Moyen,Non,Français,Un peu contrasté,Bas droit,0.89,Aucun,Faible (3 éléments),C:\Users\aittayeb\Desktop\Projet_memoir\Visuale\2220892001 FORD-abribus.jpg
2178.0,FORD,2020.0,2220892001.0,2220892001 FORD-abribus,AUTOMOBILE_TRANSPORT,AUTOMOBILES POIDS LOURDS,2.0,Produit,Bleu,Dominante,Produit/Service,-,-,-,-,-,Moyen ,Descriptif,Majuscule gras,Petit,Moyen,Non,Français,Un peu contrasté,Bas droit,0.89,Aucun,Faible (3 éléments),C:\Users\aittayeb\Desktop\Projet_memoir\Visuale\2220892001 FORD-abribus.jpg
2257.0,DEL ARTE,2020.0,2220842005.0,2220842005 DEL-ARTE-1,RESTAURATION,RESTAURATION,1.0,Produit,Bleu,Non ,Produit/Service,-,-,-,-,-,Moyen ,Humoristique,Majuscule gras,Moyen,Peu,Non,Français,Pas contrasté,Dans le corps du visuel,0.69,Aucun,Faible (3 éléments),C:\Users\aittayeb\Desktop\Projet_memoir\Visuale\2220842005 DEL-ARTE-1.jpg
2135.0,BUT,2020.0,2220832001.0,2220832001 120x175_S1_literie_20-1-copie,DISTRIBUTION,DISTRIBUTION SPECIALISEE,4.0,Offre,Bleu,Non ,Promotion,-,-,-,-,-,Fort,Descriptif,Majuscule gras,Petit,Peu,Non,Français,Très contrasté,Haut gauche,0.89,Promotion indiquée,Faible (3 éléments),C:\Users\aittayeb\Desktop\Projet_memoir\Visuale\2220832001 120x175_S1_literie_20-1-copie.jpg
2135.0,BUT,2020.0,2220832001.0,2220832001 120x175_S1_literie_20-1-copie,DISTRIBUTION,DISTRIBUTION SPECIALISEE,4.0,Offre,Bleu,Non ,Promotion,-,-,-,-,-,Fort,Descriptif,Majuscule gras,Petit,Peu,Non,Français,Très contrasté,Haut gauche,0.89,Promotion indiquée,Faible (3 éléments),C:\Users\aittayeb\Desktop\Projet_memoir\Visuale\2220832001 120x175_S1_literie_20-1-copie.jpg
2135.0,BUT,2020.0,2220832001.0,2220832001 120x175_S1_literie_20-1-copie,DISTRIBUTION,DISTRIBUTION SPECIALISEE,4.0,Offre,Bleu,Non ,Promotion,-,-,-,-,-,Fort,Descriptif,Majuscule gras,Petit,Peu,Non,Français,Très contrasté,Haut gauche,0.89,Promotion indiquée,Faible (3 éléments),C:\Users\aittayeb\Desktop\Projet_memoir\Visuale\2220832001 120x175_S1_literie_20-1-copie.jpg
2135.0,BUT,2020.0,2220832001.0,2220832001 120x175_S1_literie_20-1-copie,DISTRIBUTION,DISTRIBUTION SPECIALISEE,4.0,Offre,Bleu,Non ,Promotion,-,-,-,-,-,Fort,Descriptif,Majuscule gras,Petit,Peu,Non,Français,Très contrasté,Haut gauche,0.89,Promotion indiquée,Faible (3 éléments),C:\Users\aittayeb\Desktop\Projet_memoir\Visuale\2220832001 120x175_S1_literie_20-1-copie.jpg
2140.0,PRESIDENT,2020.0,2220882011.0,2220882011 R_ESTELLE-BEURRE-313x230.p1-copie,ALIMENTATION,PRODUITS LAITIERS,4.0,Produit,Rouge,Dominante,Personnage,Célébrité,Sur d'autres marques,1ère utilisation ,Les 2,Adulte,Moyen ,Humoristique,Majuscule gras,Grand,Beaucoup,Non,Français,Un peu contrasté,Bas droit,0.9,Aucun,Moyen (4-5),C:\Users\aittayeb\Desktop\Projet_memoir\Visuale\2220882011 R_ESTELLE-BEURRE-313x230.p1-copie .jpg
2140.0,PRESIDENT,2020.0,2220882011.0,2220882011 R_ESTELLE-BEURRE-313x230.p1-copie,ALIMENTATION,PRODUITS LAITIERS,4.0,Produit,Rouge,Dominante,Personnage,Célébrité,Sur d'autres marques,1ère utilisation ,Les 2,Adulte,Moyen ,Humoristique,Majuscule gras,Grand,Beaucoup,Non,Français,Un peu contrasté,Bas droit,0.9,Aucun,Moyen (4-5),C:\Users\aittayeb\Desktop\Projet_memoir\Visuale\2220882011 R_ESTELLE-BEURRE-313x230.p1-copie .jpg
2140.0,PRESIDENT,2020.0,2220882011.0,2220882011 R_ESTELLE-BEURRE-313x230.p1-copie,ALIMENTATION,PRODUITS LAITIERS,4.0,Produit,Rouge,Dominante,Personnage,Célébrité,Sur d'autres marques,Déjà utilisée,Les 2,Adulte,Moyen ,Humoristique,Majuscule gras,Grand,Beaucoup,Non,Français,Un peu contrasté,Bas droit,0.9,Aucun,Moyen (4-5),C:\Users\aittayeb\Desktop\Projet_memoir\Visuale\2220882011 R_ESTELLE-BEURRE-313x230.p1-copie .jpg
2140.0,PRESIDENT,2020.0,2220882011.0,2220882011 R_ESTELLE-BEURRE-313x230.p1-copie,ALIMENTATION,PRODUITS LAITIERS,4.0,Produit,Rouge,Dominante,Personnage,Célébrité,Sur d'autres marques,Déjà utilisée,Les 2,Adulte,Moyen ,Humoristique,Majuscule gras,Grand,Beaucoup,Non,Français,Un peu contrasté,Bas droit,0.9,Aucun,Moyen (4-5),C:\Users\aittayeb\Desktop\Projet_memoir\Visuale\2220882011 R_ESTELLE-BEURRE-313x230.p1-copie .jpg
2282.0,CLARINS,2020.0,2221132001.0,2221132001 clarins,HYGIENE_BEAUTE,PRODUITS DE SOINS,1.0,Produit,Rouge,Dominante,Personnage,Célébrité,Sur d'autres marques,1ère utilisation ,Femme,Jeune adulte,Fort,Descriptif,Minuscule sans gras ,Moyen,Beaucoup,Non,Français,Un peu contrasté,Bas milieu,0.69,Aucun,Moyen (4-5),C:\Users\aittayeb\Desktop\Projet_memoir\Visuale\2221132001 clarins.jpg
2176.0,LACOSTE,2020.0,2221242004.0,2221242004 LACOSTE-Grenouille-copie,MODE_ET_ACCESSOIRES,PRÊT A PORTER COUTURE,8.0,Branding,Bleu,Non ,Personnage,,,,Les 2,Jeune adulte,Faible,Descriptif,Minuscule sans gras ,Moyen,Peu,Non,Français,Pas contrasté,Dans le corps du visuel,0.88,Aucun,Faible (3 éléments),C:\Users\aittayeb\Desktop\Projet_memoir\Visuale\2221242004 LACOSTE-Grenouille-copie.jpg
2176.0,LACOSTE,2020.0,2221242004.0,2221242004 LACOSTE-Grenouille-copie,MODE_ET_ACCESSOIRES,PRÊT A PORTER COUTURE,8.0,Branding,Bleu,Non ,Personnage,Personne seule,,,Homme,Jeune adulte,Faible,Descriptif,Minuscule sans gras ,Moyen,Peu,Non,Français,Pas contrasté,Dans le corps du visuel,0.88,Aucun,Faible (3 éléments),C:\Users\aittayeb\Desktop\Projet_memoir\Visuale\2221242004 LACOSTE-Grenouille-copie.jpg
2176.0,LACOSTE,2020.0,2221242004.0,2221242004 LACOSTE-Jaguar-copie,MODE_ET_ACCESSOIRES,PRÊT A PORTER COUTURE,8.0,Branding,Orange,Non ,Personnage,Personne seule,,,Homme,Jeune adulte,Faible,Descriptif,Minuscule sans gras ,Moyen,Peu,Non,Français,Un peu contrasté,Dans le corps du visuel,0.88,Aucun,Faible (3 éléments),C:\Users\aittayeb\Desktop\Projet_memoir\Visuale\2221242004 LACOSTE-Jaguar-copie.jpg
2176.0,LACOSTE,2020.0,2221242004.0,2221242004 LACOSTE-Libellule-copie,MODE_ET_ACCESSOIRES,PRÊT A PORTER COUTURE,8.0,Branding,Rose,Non ,Personnage,Personne seule,,,Femme,Jeune adulte,Faible,Descriptif,Minuscule sans gras ,Moyen,Peu,Non,Français,Pas contrasté,Dans le corps du visuel,0.88,Aucun,Faible (3 éléments),C:\Users\aittayeb\Desktop\Projet_memoir\Visuale\2221242004 LACOSTE-Libellule-copie.jpg
2176.0,LACOSTE,2020.0,2221242004.0,2221242004 LACOSTE-Zebre-copie,MODE_ET_ACCESSOIRES,PRÊT A PORTER COUTURE,8.0,Branding,Bleu,Non ,Personnage,Plusieurs personnes,,,Les 2,Jeune adulte,Faible,Descriptif,Minuscule sans gras ,Moyen,Peu,Non,Français,Un peu contrasté,Dans le corps du visuel,0.88,Aucun,Faible (3 éléments),C:\Users\aittayeb\Desktop\Projet_memoir\Visuale\2221242004 LACOSTE-Zebre-copie.jpg
2176.0,LACOSTE,2020.0,2221242004.0,2221242004 LACOSTE-Jaguar-copie,MODE_ET_ACCESSOIRES,PRÊT A PORTER COUTURE,8.0,Branding,Orange,Non ,Personnage,Personne seule,,,Homme,Jeune adulte,Faible,Descriptif,Minuscule sans gras ,Moyen,Peu,Non,Français,Un peu contrasté,Dans le corps du visuel,0.88,Aucun,Faible (3 éléments),C:\Users\aittayeb\Desktop\Projet_memoir\Visuale\2221242004 LACOSTE-Jaguar-copie.jpg
2176.0,LACOSTE,2020.0,2221242004.0,2221242004 LACOSTE-Libellule-copie,MODE_ET_ACCESSOIRES,PRÊT A PORTER COUTURE,8.0,Branding,Rose,Non ,Personnage,Personne seule,,,Femme,Jeune adulte,Faible,Descriptif,Minuscule sans gras ,Moyen,Peu,Non,Français,Pas contrasté,Dans le corps du visuel,0.88,Aucun,Faible (3 éléments),C:\Users\aittayeb\Desktop\Projet_memoir\Visuale\2221242004 LACOSTE-Libellule-copie.jpg
2176.0,LACOSTE,2020.0,2221242004.0,2221242004 LACOSTE-Zebre-copie,MODE_ET_ACCESSOIRES,PRÊT A PORTER COUTURE,8.0,Branding,Bleu,Non ,Personnage,Plusieurs personnes,,,Les 2,Jeune adulte,Faible,Descriptif,Minuscule sans gras ,Moyen,Peu,Non,Français,Un peu contrasté,Dans le corps du visuel,0.88,Aucun,Faible (3 éléments),C:\Users\aittayeb\Desktop\Projet_memoir\Visuale\2221242004 LACOSTE-Zebre-copie.jpg
2137.0,THE GLENLIVET,2020.0,2221242007.0,2221242007 GLENLIVET-abribus-copie,BOISSONS,BOISSONS ALCOOLISEES,2.0,Produit,Bleu,Dominante,Produit/Service,-,,,-,-,Fort,Explicatif/Narratif,Majuscule gras,Grand,Moyen,Non,Anglais,Très contrasté,Dans le corps du visuel,0.18,Aucun,Faible (3 éléments),C:\Users\aittayeb\Desktop\Projet_memoir\Visuale\2221242007 GLENLIVET-abribus-copie.jpg
2137.0,THE GLENLIVET,2020.0,2221242007.0,2221242007 GLENLIVET-GF,BOISSONS,BOISSONS ALCOOLISEES,2.0,Produit,Bleu,Dominante,Produit/Service,-,,,-,-,Fort,Explicatif/Narratif,Majuscule gras,Grand,Moyen,Non,Anglais,Très contrasté,Dans le corps du visuel,0.18,Aucun,Faible (3 éléments),C:\Users\aittayeb\Desktop\Projet_memoir\Visuale\2221242007 GLENLIVET-GF.jpg
2805.0,JACK DANIEL'S,2020.0,2221212001.0,2221212001 755647-2_BF_AsFar_FR_2230x3060mm_1-copie,BOISSONS,BOISSONS ALCOOLISEES,3.0,Produit,Noir,Dominante,Produit/Service,-,,,-,-,Fort,Explicatif/Narratif,Majuscule gras,Moyen,Moyen,Non,Français,Un peu contrasté,Dans le corps du visuel,0.83,Aucun,Moyen (4-5),C:\Users\aittayeb\Desktop\Projet_memoir\Visuale\2221212001 755647-2_BF_AsFar_FR_2230x3060mm_1-copie.jpg
2805.0,JACK DANIEL'S,2020.0,2221212001.0,2221212001 755647-2_BF_AsFar_FR_2230x3060mm_1-copie,BOISSONS,BOISSONS ALCOOLISEES,3.0,Produit,Noir,Dominante,Produit/Service,-,,,-,-,Fort,Explicatif/Narratif,Majuscule gras,Moyen,Moyen,Non,Français,Un peu contrasté,Dans le corps du visuel,0.83,Aucun,Moyen (4-5),C:\Users\aittayeb\Desktop\Projet_memoir\Visuale\2221212001 755647-2_BF_AsFar_FR_2230x3060mm_1-copie.jpg
2805.0,JACK DANIEL'S,2020.0,2221212001.0,2221212001 755647-2_BF_AsFar_FR_2230x3060mm_1-copie,BOISSONS,BOISSONS ALCOOLISEES,3.0,Produit,Noir,Dominante,Produit/Service,-,,,-,-,Fort,Explicatif/Narratif,Majuscule gras,Moyen,Moyen,Non,Français,Un peu contrasté,Dans le corps du visuel,0.83,Aucun,Moyen (4-5),C:\Users\aittayeb\Desktop\Projet_memoir\Visuale\2221212001 755647-2_BF_AsFar_FR_2230x3060mm_1-copie.jpg
2174.0,FREE TELECOM,2020.0,2221202001.0,2221202001 JCD_FREE_01,TELECOMMUNICATIONS,OPERATEURS TELECOMMUNIC.,4.0,Produit,Rouge,Non ,Claim,-,,,-,-,Fort,Descriptif,Majuscule gras,Petit,Beaucoup,Non,Français,Pas contrasté,Haut milieu,0.89,Prix indiqué,Moyen (4-5),C:\Users\aittayeb\Desktop\Projet_memoir\Visuale\2221202001 JCD_FREE_01.jpg
2174.0,FREE TELECOM,2020.0,2221202001.0,2221202001 JCD_FREE_02,TELECOMMUNICATIONS,OPERATEURS TELECOMMUNIC.,4.0,Produit,Bleu,Non ,Claim,-,,,-,-,Fort,Descriptif,Majuscule gras,Petit,Beaucoup,Non,Français,Pas contrasté,Haut milieu,0.89,Prix indiqué,Moyen (4-5),C:\Users\aittayeb\Desktop\Projet_memoir\Visuale\2221202001 JCD_FREE_02.jpg
2174.0,FREE TELECOM,2020.0,2221202001.0,2221202001 JCD_MU_FREE_01,TELECOMMUNICATIONS,OPERATEURS TELECOMMUNIC.,4.0,Produit,Rouge,Non ,Produit/Service,-,,,-,-,Fort,Descriptif,Minuscule gras,Petit,Beaucoup,Non,Français,Pas contrasté,Haut milieu,0.89,Prix indiqué,Moyen (4-5),C:\Users\aittayeb\Desktop\Projet_memoir\Visuale\2221202001 JCD_MU_FREE_01.jpg
2174.0,FREE TELECOM,2020.0,2221202001.0,2221202001 JCD_MU_FREE_02,TELECOMMUNICATIONS,OPERATEURS TELECOMMUNIC.,4.0,Produit,Bleu,Non ,Claim,-,,,-,-,Fort,Descriptif,Majuscule gras,Petit,Beaucoup,Non,Français,Pas contrasté,Haut milieu,0.89,Prix indiqué,Moyen (4-5),C:\Users\aittayeb\Desktop\Projet_memoir\Visuale\2221202001 JCD_MU_FREE_02.jpg
,BROSSARD,2020.0,2221202002.0,2221202002 brossard,ALIMENTATION,PANIFICATION,1.0,Produit,Jaune,Dominante,Produit/Service,-,,,-,-,Faible,Humoristique,Majuscule gras,Petit,Peu,Non,Français,Pas contrasté,Haut milieu,0.79,Aucun,Moyen (4-5),C:\Users\aittayeb\Desktop\Projet_memoir\Visuale\2221202002 brossard.jpg
2257.0,WOODFORD RESERVE,2020.0,2221182001.0,2221182001 EcranHelloBourbon1080x1920px,BOISSONS,BOISSONS ALCOOLISEES,1.0,Produit,Blanc,Présente,Produit/Service,-,,,-,-,Faible,Explicatif/Narratif,Majuscule gras,Moyen,Beaucoup,Non,Anglais,Très contrasté,Bas milieu,-,Aucun,Faible (3 éléments),C:\Users\aittayeb\Desktop\Projet_memoir\Visuale\2221182001 EcranHelloBourbon1080x1920px.jpg
2173.0,FREE TELECOM,2020.0,2221172001.0,"2221172001 118,5x175_FREE.p1-copie",TELECOMMUNICATIONS,OPERATEURS TELECOMMUNIC.,3.0,Offre,Rouge,Dominante,,-,,,-,-,Moyen ,Descriptif,Majuscule gras,Petit,Beaucoup,Non,Français,Pas contrasté,Haut milieu,0.89,Prix indiqué,Elevée (plus de 6),"C:\Users\aittayeb\Desktop\Projet_memoir\Visuale\2221172001 118,5x175_FREE.p1-copie.jpg"
2173.0,FREE TELECOM,2020.0,2221172001.0,"2221172001 118,5x175_FREE.p1-copie",TELECOMMUNICATIONS,OPERATEURS TELECOMMUNIC.,3.0,Offre,Bleu,Non ,Produit/Service,-,,,-,-,Moyen ,Descriptif,Majuscule gras,Petit,Beaucoup,Non,Français,Pas contrasté,Haut milieu,0.89,Prix indiqué,Elevée (plus de 6),"C:\Users\aittayeb\Desktop\Projet_memoir\Visuale\2221172001 118,5x175_FREE.p1-copie.jpg"
2173.0,FREE TELECOM,2020.0,2221172001.0,"2221172001 118,5x175_FREE.p2-copie",TELECOMMUNICATIONS,OPERATEURS TELECOMMUNIC.,3.0,Offre,Jaune,Non ,Produit/Service,-,,,-,-,Moyen ,Descriptif,Majuscule gras,Petit,Beaucoup,Non,Français,Pas contrasté,Haut milieu,0.89,Prix indiqué,Elevée (plus de 6),"C:\Users\aittayeb\Desktop\Projet_memoir\Visuale\2221172001 118,5x175_FREE.p2-copie.jpg"
2172.0,PAYSAN BRETON,2020.0,2221162001.0,2221162001 Aromates,ALIMENTATION,PRODUITS LAITIERS,3.0,Produit,Vert,Non ,Produit/Service,-,,,-,-,Fort,Explicatif/Narratif,Minuscule gras,Petit,Beaucoup,Non,Français,Un peu contrasté,Dans le corps du visuel,-,Aucun,Faible (3 éléments),C:\Users\aittayeb\Desktop\Projet_memoir\Visuale\2221162001 Aromates.jpg
2172.0,PAYSAN BRETON,2020.0,2221162001.0,2221162001 Aromates,ALIMENTATION,PRODUITS LAITIERS,3.0,Produit,Vert,Non ,Produit/Service,-,,,-,-,Fort,Explicatif/Narratif,Minuscule gras,Petit,Beaucoup,Non,Français,Un peu contrasté,Dans le corps du visuel,-,Aucun,Faible (3 éléments),C:\Users\aittayeb\Desktop\Projet_memoir\Visuale\2221162001 Aromates.jpg
2172.0,PAYSAN BRETON,2020.0,2221162001.0,2221162001 Aromates,ALIMENTATION,PRODUITS LAITIERS,3.0,Produit,Vert,Non ,Produit/Service,-,,,-,-,Fort,Explicatif/Narratif,Minuscule gras,Petit,Beaucoup,Non,Français,Un peu contrasté,Dans le corps du visuel,-,Aucun,Faible (3 éléments),C:\Users\aittayeb\Desktop\Projet_memoir\Visuale\2221162001 Aromates.jpg
2262.0,CAUDALIE,2020.0,2221152002.0,2221152002 JCD_MU_CAUDALIE_01,HYGIENE_BEAUTE,PRODUITS DE SOINS,1.0,Produit,Blanc,Présente,Produit/Service,-,,,-,-,Faible,Explicatif/Narratif,Minuscule sans gras ,Grand,Moyen,Non,Français,Pas contrasté,Haut milieu,0.46,Aucun,Moyen (4-5),C:\Users\aittayeb\Desktop\Projet_memoir\Visuale\2221152002 JCD_MU_CAUDALIE_01.jpg
2168.0,BUT,2020.0,2221142001.0,2221142001 but-1,DISTRIBUTION,DISTRIBUTION SPECIALISEE,6.0,Offre,Noir,Non ,Promotion,-,,,-,-,Fort,Descriptif,Majuscule gras,Petit,Peu,Non,Français,Un peu contrasté,Haut gauche,0.89,Promotion indiquée,Moyen (4-5),C:\Users\aittayeb\Desktop\Projet_memoir\Visuale\2221142001 but-1.jpg
2168.0,BUT,2020.0,2221142001.0,2221142001 but-1,DISTRIBUTION,DISTRIBUTION SPECIALISEE,6.0,Offre,Jaune,Non ,Promotion,-,,,-,-,Fort,Descriptif,Majuscule gras,Petit,Peu,Non,Français,Un peu contrasté,Haut gauche,0.89,Promotion indiquée,Moyen (4-5),C:\Users\aittayeb\Desktop\Projet_memoir\Visuale\2221142001 but-1.jpg
2168.0,BUT,2020.0,2221142001.0,2221142001 but-1,DISTRIBUTION,DISTRIBUTION SPECIALISEE,6.0,Offre,Jaune,Non ,Promotion,-,,,-,-,Fort,Descriptif,Majuscule gras,Petit,Peu,Non,Français,Un peu contrasté,Haut gauche,0.89,Promotion indiquée,Moyen (4-5),C:\Users\aittayeb\Desktop\Projet_memoir\Visuale\2221142001 but-1.jpg
2168.0,BUT,2020.0,2221142001.0,2221142001 but-1,DISTRIBUTION,DISTRIBUTION SPECIALISEE,6.0,Offre,Noir,Non ,Promotion,-,,,-,-,Fort,Descriptif,Majuscule gras,Petit,Peu,Non,Français,Un peu contrasté,Haut gauche,0.89,Promotion indiquée,Moyen (4-5),C:\Users\aittayeb\Desktop\Projet_memoir\Visuale\2221142001 but-1.jpg
2168.0,BUT,2020.0,2221142001.0,2221142001 but-1,DISTRIBUTION,DISTRIBUTION SPECIALISEE,6.0,Offre,Jaune,Non ,Promotion,-,,,-,-,Fort,Descriptif,Majuscule gras,Petit,Peu,Non,Français,Un peu contrasté,Haut gauche,0.89,Promotion indiquée,Moyen (4-5),C:\Users\aittayeb\Desktop\Projet_memoir\Visuale\2221142001 but-1.jpg
2168.0,BUT,2020.0,2221142001.0,2221142001 but-1,DISTRIBUTION,DISTRIBUTION SPECIALISEE,6.0,Offre,Jaune,Non ,Promotion,-,,,-,-,Fort,Descriptif,Majuscule gras,Petit,Peu,Non,Français,Un peu contrasté,Haut gauche,0.89,Promotion indiquée,Moyen (4-5),C:\Users\aittayeb\Desktop\Projet_memoir\Visuale\2221142001 but-1.jpg
2169.0,DOLCE & GABANA,2020.0,2221142003.0,2221142003 d&g,HYGIENE_BEAUTE,PARFUMS,1.0,Produit,Blanc,Présente,Personnage,Personne seule,Sur d'autres marques,Déjà utilisée,Homme,Adulte,Faible,Descriptif,Majuscule gras,Grand,Beaucoup,Non,Français,Un peu contrasté,Haut milieu,0.78,Aucun,Faible (3 éléments),C:\Users\aittayeb\Desktop\Projet_memoir\Visuale\2221142003 d&g.jpg
2166.0,OASIS,2020.0,2221122002.0,2221122002 image60,BOISSONS,BOISSONS NON ALCOOLISEES,4.0,Produit,Orange,Présente,Personnage,Mascotte,,,-,-,Fort,Humoristique,Majuscule gras,Moyen,Moyen,Non,Français,Pas contrasté,Haut droit,0.88,Aucun,Moyen (4-5),C:\Users\aittayeb\Desktop\Projet_memoir\Visuale\2221122002 image60.jpg
1925.0,VICHY,2020.0,2221122003.0,2221122003 vichy,HYGIENE_BEAUTE,PRODUITS DE SOINS PHARMACEUTIQUES,1.0,Produit,Noir,Présente,Produit/Service,-,,,-,-,Fort,Descriptif,Majuscule gras,Grand,Beaucoup,Non,Français,Un peu contrasté,Haut milieu,0.78,Aucun,Moyen (4-5),C:\Users\aittayeb\Desktop\Projet_memoir\Visuale\2221122003 vichy.jpg
2437.0,GIORGIO ARMANI,2020.0,2221112001.0,2221112001 armani-1,HYGIENE_BEAUTE,PARFUMS,2.0,Produit,Bleu,Dominante,Personnage,,Uniquement pour la marque,1ère utilisation ,,,Faible,Descriptif,Majuscule gras,Grand,Beaucoup,Non,Français,,Haut milieu,-,Aucun,Faible (3 éléments),C:\Users\aittayeb\Desktop\Projet_memoir\Visuale\2221112001 armani-1.jpg
2437.0,GIORGIO ARMANI,2020.0,2221112001.0,2221112001 armani-1,HYGIENE_BEAUTE,PARFUMS,1.0,Produit,Rose,Présente,Personnage,Personne seule,,,Femme,Jeune adulte,Faible,Descriptif,Majuscule gras,Grand,Beaucoup,Non,Français,Un peu contrasté,Haut milieu,-,Aucun,Faible (3 éléments),C:\Users\aittayeb\Desktop\Projet_memoir\Visuale\2221112001 armani-1.jpg
2171.0,MERCEDES,2020.0,2221112003.0,2221112003 mercedes-1,AUTOMOBILE_TRANSPORT,AUTOMOBILES POIDS LOURDS,2.0,Produit,Noir,Non ,Produit/Service,-,,,-,-,Moyen ,Descriptif,Minuscule sans gras ,Petit,Beaucoup,Non,Français,Très contrasté,Bas droit,0.9,Aucun,Faible (3 éléments),C:\Users\aittayeb\Desktop\Projet_memoir\Visuale\2221112003 mercedes-1.jpg
2171.0,MERCEDES,2020.0,2221112003.0,2221112003 mercedes-1,AUTOMOBILE_TRANSPORT,AUTOMOBILES POIDS LOURDS,2.0,Produit,Noir,Non ,Produit/Service,-,,,-,-,Moyen ,Descriptif,Minuscule sans gras ,Petit,Beaucoup,Non,Français,Très contrasté,Bas droit,0.9,Aucun,Faible (3 éléments),C:\Users\aittayeb\Desktop\Projet_memoir\Visuale\2221112003 mercedes-1.jpg
2823.0,LEFFE,2020.0,2221102001.0,2221102001 METRO_DUO_LEFFE_CARACTERE_01,BOISSONS,BOISSONS ALCOOLISEES,2.0,Produit,Jaune,Dominante,Produit/Service,-,,,-,-,Moyen ,Humoristique,Majuscule gras,Petit,Peu,Non,Français,Pas contrasté,Dans le corps du visuel,0.83,Aucun,Faible (3 éléments),C:\Users\aittayeb\Desktop\Projet_memoir\Visuale\2221102001 METRO_DUO_LEFFE_CARACTERE_01.jpg
2823.0,LEFFE,2020.0,2221102001.0,2221102001 METRO_DUO_LEFFE_CARACTERE_01,BOISSONS,BOISSONS ALCOOLISEES,2.0,Produit,Jaune,Dominante,Produit/Service,-,,,-,-,Moyen ,Humoristique,Majuscule gras,Petit,Peu,Non,Français,Pas contrasté,Dans le corps du visuel,0.83,Aucun,Faible (3 éléments),C:\Users\aittayeb\Desktop\Projet_memoir\Visuale\2221102001 METRO_DUO_LEFFE_CARACTERE_01.jpg
2175.0,LANCOME,2020.0,2221242005.0,2221242005 LANCOME-copie,HYGIENE_BEAUTE,PARFUMS,1.0,Produit,Rose,Dominante,Personnage,Célébrité,Sur d'autres marques,Déjà utilisée,Femme,Adulte,Inexistant,-,Majuscule gras,Grand,Beaucoup,Non,Français,Un peu contrasté,Haut gauche,0.85,Aucun,Faible (3 éléments),C:\Users\aittayeb\Desktop\Projet_memoir\Visuale\2221242005 LANCOME-copie.jpg
2159.0,BUT,2020.0,2221092002.0,2221092002 753_120x176-2M2,DISTRIBUTION,DISTRIBUTION SPECIALISEE,6.0,Offre,Orange,Présente,Promotion,-,,,-,-,Fort,Descriptif,Majuscule gras,Moyen,Peu,Non,Français,Un peu contrasté,Haut gauche,0.89,Promotion indiquée,Moyen (4-5),C:\Users\aittayeb\Desktop\Projet_memoir\Visuale\2221092002 753_120x176-2M2.jpg
2163.0,BUT,2020.0,2221112002.0,2221112002 but,DISTRIBUTION,DISTRIBUTION SPECIALISEE,6.0,Offre,Orange,Présente,Produit/Service,,,,,,Moyen ,Explicatif/Narratif,Majuscule gras,Moyen,Peu,Non,Français,Un peu contrasté,Haut gauche,0.89,Aucun,Moyen (4-5),C:\Users\aittayeb\Desktop\Projet_memoir\Visuale\2221112002 but.jpg
2163.0,BUT,2020.0,2221112002.0,2221112002 but,DISTRIBUTION,DISTRIBUTION SPECIALISEE,6.0,Offre,Orange,Présente,Produit/Service,-,,,-,-,Fort,Explicatif/Narratif,Majuscule gras,Moyen,Peu,Non,Français,Très contrasté,Haut gauche,0.89,Promotion indiquée,Moyen (4-5),C:\Users\aittayeb\Desktop\Projet_memoir\Visuale\2221112002 but.jpg
2163.0,BUT,2020.0,2221112002.0,2221112002 but-2,DISTRIBUTION,DISTRIBUTION SPECIALISEE,6.0,Offre,Orange,Présente,Produit/Service,Personne seule,,,Femme,Jeune adulte,Fort,Explicatif/Narratif,Majuscule gras,Moyen,Peu,Non,Français,Très contrasté,Haut gauche,0.89,Promotion indiquée,Moyen (4-5),C:\Users\aittayeb\Desktop\Projet_memoir\Visuale\2221112002 but-2.jpg
2163.0,BUT,2020.0,2221112002.0,2221112002 but-3,DISTRIBUTION,DISTRIBUTION SPECIALISEE,6.0,Offre,Orange,Présente,Produit/Service,-,,,-,-,Fort,Explicatif/Narratif,Majuscule gras,Moyen,Peu,Non,Français,Un peu contrasté,Haut gauche,0.89,Aucun,Moyen (4-5),C:\Users\aittayeb\Desktop\Projet_memoir\Visuale\2221112002 but-3.jpg
2163.0,BUT,2020.0,2221112002.0,2221112002 but-4,DISTRIBUTION,DISTRIBUTION SPECIALISEE,6.0,Offre,Orange,Présente,Produit/Service,Personne seule,,,Homme,Jeune adulte,Moyen ,Humoristique,Majuscule gras,Moyen,Peu,Non,Français,Très contrasté,Haut gauche,0.89,Promotion indiquée,Moyen (4-5),C:\Users\aittayeb\Desktop\Projet_memoir\Visuale\2221112002 but-4.jpg
2156.0,PULCO,2020.0,2221062004.0,2221062004 BAT_Abribus-1-copie,BOISSONS,BOISSONS NON ALCOOLISEES,1.0,Produit,Jaune,Dominante,Claim,-,,,-,-,Faible,Humoristique,Majuscule gras,Moyen,Moyen,Non,Français,Un peu contrasté,Bas droit,0.83,Aucun,Faible (3 éléments),C:\Users\aittayeb\Desktop\Projet_memoir\Visuale\2221062004 BAT_Abribus-1-copie.jpg
2155.0,FREE TELECOM,2020.0,2221052001.0,2221052001 image60,TELECOMMUNICATIONS,OPERATEURS TELECOMMUNIC.,4.0,Offre,Bleu,Non ,Produit/Service,-,,,-,-,Moyen ,Descriptif,Minuscule gras,Petit,,Non,Français,Très contrasté,Haut milieu,0.89,Prix indiqué,Elevée (plus de 6),C:\Users\aittayeb\Desktop\Projet_memoir\Visuale\2221052001 image60.jpg
2155.0,FREE TELECOM,2020.0,2221052001.0,2221052001 image60,TELECOMMUNICATIONS,OPERATEURS TELECOMMUNIC.,4.0,Offre,Orange,Non ,Produit/Service,-,,,-,-,Moyen ,Descriptif,Minuscule gras,Petit,Beaucoup,Non,Français,Très contrasté,Haut milieu,0.89,Prix indiqué,Elevée (plus de 6),C:\Users\aittayeb\Desktop\Projet_memoir\Visuale\2221052001 image60.jpg
2155.0,FREE TELECOM,2020.0,2221052001.0,2221052001 image61,TELECOMMUNICATIONS,OPERATEURS TELECOMMUNIC.,4.0,Offre,Bleu,Non ,Claim,-,,,-,-,Moyen ,Descriptif,Minuscule gras,Petit,Moyen,Non,Français,Très contrasté,Haut milieu,0.89,Prix indiqué,Elevée (plus de 6),C:\Users\aittayeb\Desktop\Projet_memoir\Visuale\2221052001 image61.jpg
2155.0,FREE TELECOM,2020.0,2221052001.0,2221052001 image62,TELECOMMUNICATIONS,OPERATEURS TELECOMMUNIC.,4.0,Offre,Orange,Non ,Produit/Service,-,,,-,-,Moyen ,Descriptif,Minuscule gras,Petit,Moyen,Non,Français,Très contrasté,Haut milieu,0.89,Prix indiqué,Elevée (plus de 6),C:\Users\aittayeb\Desktop\Projet_memoir\Visuale\2221052001 image62.jpg
2153.0,OASIS,2020.0,2221042001.0,2221042001 21_0620_OASIS_POOL_JC_DECAUX_2M2_1_5e,BOISSONS,BOISSONS NON ALCOOLISEES,4.0,Produit,Orange,Dominante,Personnage,Famille,,,Les 2,Multi générationnel,Faible,Humoristique,Majuscule gras,Petit,Moyen,Non,Français,Un peu contrasté,Bas droit,0.88,Aucun,Moyen (4-5),C:\Users\aittayeb\Desktop\Projet_memoir\Visuale\2221042001 21_0620_OASIS_POOL_JC_DECAUX_2M2_1_5e.jpg
2153.0,OASIS,2020.0,2221042001.0,2221042001 21_0620_OASIS_POOL_JC_DECAUX_2M2_1_5e,BOISSONS,BOISSONS NON ALCOOLISEES,4.0,Produit,Orange,Dominante,Personnage,Famille,,,Les 2,Multi générationnel,Faible,Humoristique,Majuscule gras,Petit,Moyen,Non,Français,Un peu contrasté,Bas droit,0.88,Aucun,Moyen (4-5),C:\Users\aittayeb\Desktop\Projet_memoir\Visuale\2221042001 21_0620_OASIS_POOL_JC_DECAUX_2M2_1_5e.jpg
2153.0,OASIS,2020.0,2221042001.0,2221042001 21_0620_OASIS_POOL_JC_DECAUX_2M2_1_5e,BOISSONS,BOISSONS NON ALCOOLISEES,4.0,Produit,Orange,Dominante,Personnage,Famille,,,Les 2,Multi générationnel,Faible,Humoristique,Majuscule gras,Petit,Moyen,Non,Français,Un peu contrasté,Bas droit,0.88,Aucun,Moyen (4-5),C:\Users\aittayeb\Desktop\Projet_memoir\Visuale\2221042001 21_0620_OASIS_POOL_JC_DECAUX_2M2_1_5e.jpg
2153.0,OASIS,2020.0,2221042001.0,2221042001 21_0620_OASIS_POOL_JC_DECAUX_2M2_1_5e,BOISSONS,BOISSONS NON ALCOOLISEES,4.0,Produit,Orange,Dominante,Personnage,Famille,,,Les 2,Multi générationnel,Faible,Humoristique,Majuscule gras,Petit,Moyen,Non,Français,Un peu contrasté,Bas droit,0.88,Aucun,Moyen (4-5),C:\Users\aittayeb\Desktop\Projet_memoir\Visuale\2221042001 21_0620_OASIS_POOL_JC_DECAUX_2M2_1_5e.jpg
2150.0,SAINT JAMES,2020.0,2221032007.0,2221032007 St-James-blanc-AB,BOISSONS,BOISSONS ALCOOLISEES,1.0,Produit,Vert,Présente,Produit/Service,-,,,-,-,Moyen ,Descriptif,Majuscule gras,Moyen,Moyen,Non,Français,Pas contrasté,Haut milieu,0.52,Aucun,Moyen (4-5),C:\Users\aittayeb\Desktop\Projet_memoir\Visuale\2221032007 St-James-blanc-AB.jpg
2149.0,ORANGINA,2020.0,2221022006.0,2221022006 Orangina_AB_2020_naturalite_auxorangesvraimentsecouees,BOISSONS,BOISSONS NON ALCOOLISEES,4.0,Produit,Bleu,Dominante,Produit/Service,-,,,-,-,,,,Grand,Moyen,Non,Français,Très contrasté,Dans le corps du visuel,0.9,Aucun,Faible (3 éléments),C:\Users\aittayeb\Desktop\Projet_memoir\Visuale\2221022006 Orangina_AB_2020_naturalite_auxorangesvraimentsecouees.jpg
2149.0,ORANGINA,2020.0,2221022006.0,2221022006 Orangina_AB_2020_naturalite_auxorangesvraimentsecouees,BOISSONS,BOISSONS NON ALCOOLISEES,4.0,Produit,Bleu,Dominante,Produit/Service,-,,,-,-,Moyen ,Explicatif/Narratif,Majuscule gras,Grand,Moyen,Non,Français,Très contrasté,Dans le corps du visuel,0.9,Aucun,Faible (3 éléments),C:\Users\aittayeb\Desktop\Projet_memoir\Visuale\2221022006 Orangina_AB_2020_naturalite_auxorangesvraimentsecouees.jpg
2149.0,ORANGINA,2020.0,2221022006.0,2221022006 Orangina_AB_2020_naturalite_Lacouleurjaunevientdelorangina,BOISSONS,BOISSONS NON ALCOOLISEES,4.0,Produit,Bleu,Dominante,Produit/Service,-,,,-,-,Moyen ,Explicatif/Narratif,Majuscule gras,Grand,Moyen,Non,Français,Très contrasté,Dans le corps du visuel,0.9,Aucun,Faible (3 éléments),C:\Users\aittayeb\Desktop\Projet_memoir\Visuale\2221022006 Orangina_AB_2020_naturalite_Lacouleurjaunevientdelorangina.jpg
2149.0,ORANGINA,2020.0,2221022006.0,2221022006 Orangina_AB_2020_naturalite_sansaccroche,BOISSONS,BOISSONS NON ALCOOLISEES,4.0,Produit,Bleu,Dominante,Produit/Service,-,,,-,-,Inexistant,-,-,Grand,Moyen,Non,Français,Très contrasté,Dans le corps du visuel,0.9,Aucun,Faible (3 éléments),C:\Users\aittayeb\Desktop\Projet_memoir\Visuale\2221022006 Orangina_AB_2020_naturalite_sansaccroche.jpg
,HEINEKEN ENTREPRISE,2020.0,2221022007.0,2221022007 Amsterdam-V,BOISSONS,BOISSONS ALCOOLISEES,5.0,Branding,Vert,Dominante,Claim,-,,,-,-,Fort,Explicatif/Narratif,Minuscule sans gras ,Petit,Moyen,Non,Français,Pas contrasté,Haut gauche,0.91,Aucun,Faible (3 éléments),C:\Users\aittayeb\Desktop\Projet_memoir\Visuale\2221022007 Amsterdam-V.jpg
,HEINEKEN ENTREPRISE,2020.0,2221022007.0,2221022007 Authentique-V,BOISSONS,BOISSONS ALCOOLISEES,5.0,Branding,Vert,Dominante,Claim,-,,,-,-,Fort,Explicatif/Narratif,Minuscule sans gras ,Petit,Moyen,Non,Français,Pas contrasté,Haut gauche,0.91,Aucun,Faible (3 éléments),C:\Users\aittayeb\Desktop\Projet_memoir\Visuale\2221022007 Authentique-V.jpg
,HEINEKEN ENTREPRISE,2020.0,2221022007.0,2221022007 Malt-d-Orge-V,BOISSONS,BOISSONS ALCOOLISEES,5.0,Branding,Vert,Dominante,Claim,-,,,-,-,Fort,Explicatif/Narratif,Minuscule sans gras ,Petit,Moyen,Non,Français,Pas contrasté,Dans le corps du visuel,0.91,Aucun,Faible (3 éléments),C:\Users\aittayeb\Desktop\Projet_memoir\Visuale\2221022007 Malt-d-Orge-V.jpg
,HEINEKEN ENTREPRISE,2020.0,2221022007.0,2221022007 Recyclable-V,BOISSONS,BOISSONS ALCOOLISEES,5.0,Branding,Vert,Dominante,Claim,-,,,-,-,Fort,Explicatif/Narratif,Minuscule sans gras ,Petit,Moyen,Non,Français,Pas contrasté,Dans le corps du visuel,0.91,Aucun,Faible (3 éléments),C:\Users\aittayeb\Desktop\Projet_memoir\Visuale\2221022007 Recyclable-V.jpg
,HEINEKEN ENTREPRISE,2020.0,2221022007.0,2221022007 Savoir-Faire-V,BOISSONS,BOISSONS ALCOOLISEES,5.0,Branding,Vert,Dominante,Claim,-,,,-,-,Fort,Explicatif/Narratif,Minuscule sans gras ,Petit,Moyen,Non,Français,Pas contrasté,Haut gauche,0.91,Aucun,Faible (3 éléments),C:\Users\aittayeb\Desktop\Projet_memoir\Visuale\2221022007 Savoir-Faire-V.jpg
,MCDONALD'S,2020.0,2221012001.0,2221012001 AFF_280x210-MAC11155-V1-copie,RESTAURATION,RESTAURATION RAPIDE,3.0,Branding,Marron,Présente,Claim,-,,,-,-,Fort,Humoristique,Minuscule sans gras ,Grand,Moyen,Non,Français,,Bas droit,0.94,Aucun,Faible (3 éléments),C:\Users\aittayeb\Desktop\Projet_memoir\Visuale\2221012001 AFF_280x210-MAC11155-V1-copie.jpg
2148.0,BUT,2020.0,2221012002.0,2221012002 image2,DISTRIBUTION,DISTRIBUTION SPECIALISEE,6.0,Offre,Jaune,Présente,Promotion,-,,,-,-,Fort,Descriptif,Majuscule gras,Grand,Peu,Non,Français,Très contrasté,Haut gauche,0.89,Promotion indiquée,Elevée (plus de 6),C:\Users\aittayeb\Desktop\Projet_memoir\Visuale\2221012002 image2.jpg
2148.0,BUT,2020.0,2221012002.0,2221012002 image2,DISTRIBUTION,DISTRIBUTION SPECIALISEE,6.0,Offre,Jaune,Présente,Promotion,-,,,-,-,Fort,Descriptif,Majuscule gras,Grand,Peu,Non,Français,Très contrasté,Haut gauche,0.89,Promotion indiquée,Elevée (plus de 6),C:\Users\aittayeb\Desktop\Projet_memoir\Visuale\2221012002 image2.jpg
2148.0,BUT,2020.0,2221012002.0,2221012002 image2,DISTRIBUTION,DISTRIBUTION SPECIALISEE,6.0,Offre,Jaune,Présente,Promotion,-,,,-,-,Fort,Descriptif,Majuscule gras,Grand,Peu,Non,Français,Très contrasté,Haut gauche,0.89,Promotion indiquée,Elevée (plus de 6),C:\Users\aittayeb\Desktop\Projet_memoir\Visuale\2221012002 image2.jpg
2148.0,BUT,2020.0,2221012002.0,2221012002 image2,DISTRIBUTION,DISTRIBUTION SPECIALISEE,6.0,Offre,Jaune,Présente,Promotion,-,,,-,-,Fort,Descriptif,Majuscule gras,Grand,Peu,Non,Français,Très contrasté,Haut gauche,0.89,Promotion indiquée,Elevée (plus de 6),C:\Users\aittayeb\Desktop\Projet_memoir\Visuale\2221012002 image2.jpg
2148.0,BUT,2020.0,2221012002.0,2221012002 image2,DISTRIBUTION,DISTRIBUTION SPECIALISEE,6.0,Offre,Jaune,Présente,Promotion,-,,,-,-,Fort,Descriptif,Majuscule gras,Grand,Peu,Non,Français,Très contrasté,Haut gauche,0.89,Promotion indiquée,Elevée (plus de 6),C:\Users\aittayeb\Desktop\Projet_memoir\Visuale\2221012002 image2.jpg
2148.0,BUT,2020.0,2221012002.0,2221012002 image2,DISTRIBUTION,DISTRIBUTION SPECIALISEE,6.0,Offre,Jaune,Présente,Promotion,-,,,-,-,Fort,Descriptif,Majuscule gras,Grand,Peu,Non,Français,Très contrasté,Haut gauche,0.89,Promotion indiquée,Elevée (plus de 6),C:\Users\aittayeb\Desktop\Projet_memoir\Visuale\2221012002 image2.jpg
2706.0,MUGLER,2020.0,2221012003.0,2221012003 MASTER-SP-ANGEL-NOVA-NEW_230X300_FRANCE-copie,HYGIENE_BEAUTE,PARFUM,1.0,Produit,Rose,Dominante,Personnage,Personne seule,Uniquement pour la marque,1ère utilisation ,Femme,Jeune adulte,Faible,Descriptif,Majuscule gras,Moyen,Peu,Non,Anglais,Un peu contrasté,Haut milieu,0.52,Aucun,Faible (3 éléments),C:\Users\aittayeb\Desktop\Projet_memoir\Visuale\2221012003 MASTER-SP-ANGEL-NOVA-NEW_230X300_FRANCE-copie.jpg
2177.0,SCHWEPPES,2020.0,2221252002.0,2221252002 SCWEPPES-Bougie,BOISSONS,BOISSONS NON ALCOOLISEES,3.0,Produit,Noir,Présente,Produit/Service,-,,,-,-,Faible,Explicatif/Narratif,Majuscule gras,Moyen,,Non,Anglais,Un peu contrasté,Dans le corps du visuel,0.87,Aucun,Faible (3 éléments),C:\Users\aittayeb\Desktop\Projet_memoir\Visuale\2221252002 SCWEPPES-Bougie.jpg
2177.0,SCHWEPPES,2020.0,2221252002.0,2221252002 SCWEPPES-Bougie,BOISSONS,BOISSONS NON ALCOOLISEES,3.0,Produit,Noir,Présente,Produit/Service,-,,,-,-,Faible,Explicatif/Narratif,Majuscule gras,Moyen,Peu,Non,Anglais,Un peu contrasté,Dans le corps du visuel,0.87,Aucun,Faible (3 éléments),C:\Users\aittayeb\Desktop\Projet_memoir\Visuale\2221252002 SCWEPPES-Bougie.jpg
2177.0,SCHWEPPES,2020.0,2221252002.0,2221252002 SCWEPPES-Cotillon,BOISSONS,BOISSONS NON ALCOOLISEES,3.0,Produit,Noir,Présente,Produit/Service,-,,,-,-,Faible,Explicatif/Narratif,Majuscule gras,Moyen,Peu,Non,Anglais,Un peu contrasté,Dans le corps du visuel,0.87,Aucun,Faible (3 éléments),C:\Users\aittayeb\Desktop\Projet_memoir\Visuale\2221252002 SCWEPPES-Cotillon.jpg
2161.0,L'OREAL PARIS,2020.0,2221102009.0,2221102009 Image1,HYGIENE_BEAUTE,PRODUITS DE SOINS,2.0,Produit,Noir,Présente,Personnage,Célébrité,Sur d'autres marques,Déjà utilisée,Femme,Adulte,Faible,Explicatif/Narratif,Majuscule gras,Moyen,Beaucoup,Non,Français,Très contrasté,Haut milieu,0.88,Aucun,Faible (3 éléments),C:\Users\aittayeb\Desktop\Projet_memoir\Visuale\2221102009 Image1.jpg
2161.0,L'OREAL PARIS,2020.0,2221102009.0,2221102009 Image1,HYGIENE_BEAUTE,PRODUITS DE SOINS,2.0,Produit,Noir,Présente,Personnage,Célébrité,Sur d'autres marques,Déjà utilisée,Femme,Adulte,Faible,Explicatif/Narratif,Majuscule gras,Moyen,Beaucoup,Non,Français,Très contrasté,Haut milieu,0.88,Aucun,Faible (3 éléments),C:\Users\aittayeb\Desktop\Projet_memoir\Visuale\2221102009 Image1.jpg
2213.0,VALENTINO,2020.0,2221142002.0,2221142002 valentino-,HYGIENE_BEAUTE,PARFUMS,1.0,Produit,Rouge,Dominante,Personnage,Célébrité,Sur d'autres marques,1ère utilisation ,Femme,Jeune adulte,Faible,Descriptif,Majuscule gras,Grand,Beaucoup,Non,Français,Un peu contrasté,Bas droit,-,Aucun,Faible (3 éléments),C:\Users\aittayeb\Desktop\Projet_memoir\Visuale\2221142002 valentino-.jpg
,DISNEY+,2021.0,2221352101.0,2221352101 JCD_MU_DISNEYPLUS_04,INFORMATION_MEDIA,CHAINES TV/ RADIO,2.0,Branding,Noir,Présente,Personnage,Célébrité,,,Les 2,Adulte,Faible,Explicatif/Narratif,Minuscule gras,Moyen,Peu,Non,Français,Un peu contrasté,Haut gauche,0.65,Aucun,Faible (3 éléments),C:\Users\aittayeb\Desktop\Projet_memoir\Visuale\2221352101 JCD_MU_DISNEYPLUS_04.jpg
,DISNEY+,2021.0,2221352101.0,2221352101 JCD_MU_DISNEYPLUS_04,INFORMATION_MEDIA,CHAINES TV/ RADIO,2.0,Branding,Noir,Présente,Personnage,Célébrité,,,Les 2,Adulte,Faible,Explicatif/Narratif,Minuscule gras,Moyen,Peu,Non,Français,Un peu contrasté,Haut gauche,0.65,Aucun,Faible (3 éléments),C:\Users\aittayeb\Desktop\Projet_memoir\Visuale\2221352101 JCD_MU_DISNEYPLUS_04.jpg
2250.0,MCDONALD'S,2021.0,2221702112.0,2221702112 - MCDONALDS,RESTAURATION,RESTAURATION RAPIDE,4.0,Produit,Bleu,Présente,Produit/Service,-,,,-,-,Faible,Descriptif,Minuscule gras,Petit,Moyen,Non,Français,Pas contrasté,Haut droit,0.94,Aucun,Faible (3 éléments),C:\Users\aittayeb\Desktop\Projet_memoir\Visuale\2221702112 .jpg
2250.0,MCDONALD'S,2021.0,2221702112.0,2221702112 - MCDONALDS,RESTAURATION,RESTAURATION RAPIDE,4.0,Produit,Bleu,Présente,Produit/Service,-,,,-,-,Faible,Descriptif,Minuscule gras,Petit,Moyen,Non,Français,Pas contrasté,Haut droit,0.94,Aucun,Faible (3 éléments),C:\Users\aittayeb\Desktop\Projet_memoir\Visuale\2221702112 .jpg
2250.0,MCDONALD'S,2021.0,2221702112.0,2221702112 ABRIBUS---CHICKEN-&-FRIES,RESTAURATION,RESTAURATION RAPIDE,4.0,Produit,Beige,Présente,Produit/Service,-,,,-,-,Faible,Descriptif,Minuscule gras,Petit,Moyen,Non,Français,Pas contrasté,Haut droit,0.94,Aucun,Faible (3 éléments),C:\Users\aittayeb\Desktop\Projet_memoir\Visuale\2221702112 ABRIBUS---CHICKEN-&-FRIES.jpg
2250.0,MCDONALD'S,2021.0,2221702112.0,2221702112 McDONALDS-chicken,RESTAURATION,RESTAURATION RAPIDE,4.0,Produit,Beige,Présente,Produit/Service,-,,,-,-,Faible,Descriptif,Minuscule gras,Petit,Moyen,Non,Français,Pas contrasté,Haut droit,0.94,Aucun,Faible (3 éléments),C:\Users\aittayeb\Desktop\Projet_memoir\Visuale\2221702112 McDONALDS-chicken.jpg
2251.0,AMAZON,2021.0,2221702113.0,2221702113 JCD_MU_PRIME_VIDEO_01,INFORMATION_MEDIA,PLATEFORME STREAMING,1.0,Service,Bleu,Dominante,Personnage,Plusieurs personnes,,,Les 2,Multi générationnel,Faible,Descriptif,Majuscule gras,Moyen,Moyen,Non,Français,Très contrasté,Haut milieu,0.68,Aucun,Faible (3 éléments),C:\Users\aittayeb\Desktop\Projet_memoir\Visuale\2221702113 JCD_MU_PRIME_VIDEO_01.jpg
2299.0,J&B,2021.0,2221392108.0,2221392108 J&B-KV_BD_JB_3_Visuels_compressed-(1)-1-copie,BOISSONS,BOISSONS ALCOOLISEES,3.0,Produit,Jaune,Dominante,Claim,-,,,-,-,Fort,Humoristique,Minuscule gras,Petit,Beaucoup,Non,Français,Très contrasté,Dans le corps du visuel,-,Aucun,Moyen (4-5),C:\Users\aittayeb\Desktop\Projet_memoir\Visuale\2221392108 J&B-KV_BD_JB_3_Visuels_compressed-(1)-1-copie.jpg
2265.0,FREE TELECOM,2021.0,2221692101.0,2221692101 FREE-candy-crush-abribus,TELECOMMUNICATIONS,OPERATEURS TELECOMMUNIC.,4.0,Service,Noir,Présente,Claim,Personne seule,-,-,Les 2,Adulte,Fort,Humoristique,Majuscule gras,Petit,Moyen,Non,Français,Un peu contrasté,Haut droit,0.89,Prix indiqué,Moyen (4-5),C:\Users\aittayeb\Desktop\Projet_memoir\Visuale\2221692101 FREE-candy-crush-abribus.jpg
2265.0,FREE TELECOM,2021.0,2221692101.0,2221692101 FREE-candy-crush-paysage,TELECOMMUNICATIONS,OPERATEURS TELECOMMUNIC.,4.0,Service,Noir,Présente,Claim,Personne seule,-,-,Homme,Adulte,Fort,Humoristique,Majuscule gras,Petit,Moyen,Non,Français,Un peu contrasté,Haut droit,0.89,Prix indiqué,Moyen (4-5),C:\Users\aittayeb\Desktop\Projet_memoir\Visuale\2221692101 FREE-candy-crush-paysage.jpg
2265.0,FREE TELECOM,2021.0,2221692101.0,2221692101 FREE-tinder-abribus,TELECOMMUNICATIONS,OPERATEURS TELECOMMUNIC.,4.0,Service,Marron,Présente,Claim,Plusieurs personnes,-,-,Les 2,Adulte,Fort,Humoristique,Majuscule gras,Petit,Moyen,Non,Français,Un peu contrasté,Haut droit,0.89,Prix indiqué,Moyen (4-5),C:\Users\aittayeb\Desktop\Projet_memoir\Visuale\2221692101 FREE-tinder-abribus.jpg
2265.0,FREE TELECOM,2021.0,2221692101.0,2221692101 FREE-tinder-paysage,TELECOMMUNICATIONS,OPERATEURS TELECOMMUNIC.,4.0,Service,Marron,Présente,Claim,Personne seule,-,-,Femme,Adulte,Fort,Humoristique,Majuscule gras,Petit,Moyen,Non,Français,Un peu contrasté,Haut droit,0.89,Prix indiqué,Moyen (4-5),C:\Users\aittayeb\Desktop\Projet_memoir\Visuale\2221692101 FREE-tinder-paysage.jpg
,JACK DANIEL'S,2021.0,2221672102.0,2221672102 Jack-Daniel's-Honey,BOISSONS,BOISSONS ALCOOLISEES,2.0,Produit,Noir,Dominante,Produit/Service,-,-,-,-,-,Moyen ,Humoristique,Majuscule gras,Moyen,Beaucoup,Non,Français,Un peu contrasté,Dans le corps du visuel,0.84,Aucun,Moyen (4-5),C:\Users\aittayeb\Desktop\Projet_memoir\Visuale\2221672102 Jack-Daniel's-Honey.jpg
1912.0,BIEN ICI,2021.0,2221672103.0,2221672103 2m2-2_Aff-Bienici_233x348,PURE_PLAYERS,SERVICES,2.0,Service,Orange,Dominante,Personnage,Personne seule,-,-,Homme,Jeune adulte,Moyen ,Descriptif,Minuscule gras,Moyen,Moyen,Non,Français,Très contrasté,Bas milieu,-,Aucun,Moyen (4-5),C:\Users\aittayeb\Desktop\Projet_memoir\Visuale\2221672103 2m2-2_Aff-Bienici_233x348.jpg
1912.0,BIEN ICI,2021.0,2221672103.0,2221672103 2m2-2_Aff-Bienici_233x348,PURE_PLAYERS,SERVICES,2.0,Service,Orange,Dominante,Personnage,Personne seule,-,-,Homme,Jeune adulte,Moyen ,Descriptif,Minuscule gras,Moyen,Moyen,Non,Français,Très contrasté,Bas gauche,-,Aucun,Moyen (4-5),C:\Users\aittayeb\Desktop\Projet_memoir\Visuale\2221672103 2m2-2_Aff-Bienici_233x348.jpg
2247.0,MCDONALD'S,2021.0,2221662101.0,2221662101 McDOANLDS-happy-meal-client,RESTAURATION,RESTAURATION RAPIDE,3.0,Branding,Blanc,Présente,Packshot,-,-,-,-,-,Fort,Explicatif/Narratif,Majuscule gras,-,Peu,Non,Français,Très contrasté,Dans le corps du visuel,0.94,Aucun,Moyen (4-5),C:\Users\aittayeb\Desktop\Projet_memoir\Visuale\2221662101 McDOANLDS-happy-meal-client.jpg
2247.0,MCDONALD'S,2021.0,2221662101.0,2221662101 McDONALDS-baguette,RESTAURATION,RESTAURATION RAPIDE,3.0,Branding,Blanc,Non ,Produit/Service,-,-,-,-,-,Fort,Humoristique,Majuscule gras,Petit,Peu,Non,Français,Très contrasté,Dans le corps du visuel,0.94,Aucun,Moyen (4-5),C:\Users\aittayeb\Desktop\Projet_memoir\Visuale\2221662101 McDONALDS-baguette.jpg
2263.0,PEUGEOT,2021.0,2221662102.0,2221662102 JCD_PEUGEOT_308_HYBRIDE_01,AUTOMOBILE_TRANSPORT,AUTOMOBILES POIDS LOURDS,2.0,Produit,Blanc,Dominante,Produit/Service,Personne seule,-,-,Femme,Jeune adulte,Faible,Descriptif,Majuscule gras,Petit,Beaucoup,Non,Français,Très contrasté,Dans le corps du visuel,0.94,Aucun,Moyen (4-5),C:\Users\aittayeb\Desktop\Projet_memoir\Visuale\2221662102 JCD_PEUGEOT_308_HYBRIDE_01.jpg
2263.0,PEUGEOT,2021.0,2221662102.0,2221662102 JCD_PEUGEOT_308_HYBRIDE_02,AUTOMOBILE_TRANSPORT,AUTOMOBILES POIDS LOURDS,2.0,Produit,Blanc,Dominante,Produit/Service,-,-,-,-,-,Faible,Descriptif,Majuscule gras,Petit,Beaucoup,Non,Français,Très contrasté,Dans le corps du visuel,0.94,Aucun,Moyen (4-5),C:\Users\aittayeb\Desktop\Projet_memoir\Visuale\2221662102 JCD_PEUGEOT_308_HYBRIDE_02.jpg
2248.0,UNIBET,2021.0,2221662103.0,2221662103 UNIBET-aix-marseille,PURE_PLAYERS,PARIS SPORTIFS,2.0,Service,Vert,Dominante,Produit/Service,-,-,-,-,-,Moyen ,Descriptif,Majuscule gras,Grand,Beaucoup,Non,Français,Très contrasté,Bas milieu,0.33,Promotion indiquée,Elevée (plus de 6),C:\Users\aittayeb\Desktop\Projet_memoir\Visuale\2221662103 UNIBET-aix-marseille.jpg
2248.0,UNIBET,2021.0,2221662103.0,2221662103 UNIBET-aix-marseille,PURE_PLAYERS,PARIS SPORTIFS,2.0,Service,Vert,Dominante,Produit/Service,-,Sur d'autres marques,Déjà utilisée,-,-,Moyen ,Descriptif,Majuscule gras,Grand,Beaucoup,Non,Français,Très contrasté,Bas milieu,0.33,Aucun,Elevée (plus de 6),C:\Users\aittayeb\Desktop\Projet_memoir\Visuale\2221662103 UNIBET-aix-marseille.jpg
,EUROPE 1,2021.0,2221652101.0,2221652101 EUROPE-1-femme-rit,INFORMATION_MEDIA,CHAINES TV/ RADIO,4.0,Branding,Gris,Présente,Claim,Personne seule,-,-,Les 2,Multi générationnel,Fort,Explicatif/Narratif,Majuscule gras,Petit,Peu,Non,Français,Pas contrasté,Bas droit,-,Aucun,Moyen (4-5),C:\Users\aittayeb\Desktop\Projet_memoir\Visuale\2221652101 EUROPE-1-femme-rit.jpg
2813.0,DISNEYLAND,2021.0,2221652102.0,2221652102 DISNEYLAND-crochet-abribus,TOURISME,PARCS ET LOISIRS,4.0,Branding,Orange,Présente,Personnage,Mascotte,-,-,Les 2,Adulte,Faible,Humoristique,Majuscule gras,Petit,Beaucoup,Non,Français,Pas contrasté,Bas droit,0.93,Aucun,Moyen (4-5),C:\Users\aittayeb\Desktop\Projet_memoir\Visuale\2221652102 DISNEYLAND-crochet-abribus.jpg
2813.0,DISNEYLAND,2021.0,2221652102.0,2221652102 DISNEYLAND-crochet-abribus,TOURISME,PARCS ET LOISIRS,4.0,Branding,Orange,Présente,Personnage,Mascotte,-,-,Les 2,Adulte,Faible,Humoristique,Majuscule gras,Petit,Beaucoup,Non,Français,Pas contrasté,Bas droit,0.93,Aucun,Moyen (4-5),C:\Users\aittayeb\Desktop\Projet_memoir\Visuale\2221652102 DISNEYLAND-crochet-abribus.jpg
2813.0,DISNEYLAND,2021.0,2221652102.0,2221652102 DISNEYLAND-crochet-abribus,TOURISME,PARCS ET LOISIRS,4.0,Branding,Orange,Présente,Personnage,Mascotte,-,-,Les 2,Adulte,Faible,Humoristique,Majuscule gras,Petit,Beaucoup,Non,Français,Pas contrasté,Bas droit,0.93,Aucun,Moyen (4-5),C:\Users\aittayeb\Desktop\Projet_memoir\Visuale\2221652102 DISNEYLAND-crochet-abribus.jpg
2813.0,DISNEYLAND,2021.0,2221652102.0,2221652102 DISNEYLAND-crochet-abribus,TOURISME,PARCS ET LOISIRS,4.0,Branding,Orange,Présente,Personnage,Mascotte,-,-,Les 2,Adulte,Faible,Humoristique,Majuscule gras,Petit,Beaucoup,Non,Français,Pas contrasté,Bas droit,0.93,Aucun,Moyen (4-5),C:\Users\aittayeb\Desktop\Projet_memoir\Visuale\2221652102 DISNEYLAND-crochet-abribus.jpg
1934.0,BUT,2021.0,2221612101.0,2221612101 BUT-1-copie,DISTRIBUTION,DISTRIBUTION SPECIALISEE,4.0,Offre,Rouge,Dominante,Produit/Service,-,-,-,-,-,Faible,Descriptif,Majuscule gras,Petit,Moyen,Non,Français,Pas contrasté,Haut gauche,0.88,Promotion indiquée,Elevée (plus de 6),C:\Users\aittayeb\Desktop\Projet_memoir\Visuale\2221612101 BUT-1-copie.jpg
,RTL,2021.0,2221602101.0,2221602101 RTL-gilet-jaune-copie,INFORMATION_MEDIA,CHAINES TV/ RADIO,3.0,Branding,Noir,Dominante,Personnage,Plusieurs personnes,-,-,Les 2,Multi générationnel,Faible,Explicatif/Narratif,Majuscule gras,Petit,Peu,Non,Français,Un peu contrasté,Bas gauche,-,Aucun,Faible (3 éléments),C:\Users\aittayeb\Desktop\Projet_memoir\Visuale\2221602101 RTL-gilet-jaune-copie.jpg
,RTL,2021.0,2221602101.0,2221602101 RTL-gilet-jaune-copie,INFORMATION_MEDIA,CHAINES TV/ RADIO,3.0,Branding,Vert,Non ,Personnage,Plusieurs personnes,Sur d'autres marques,1ère utilisation ,Les 2,Multi générationnel,Faible,Explicatif/Narratif,Majuscule gras,Petit,Peu,Non,Français,Un peu contrasté,Bas gauche,-,Aucun,Faible (3 éléments),C:\Users\aittayeb\Desktop\Projet_memoir\Visuale\2221602101 RTL-gilet-jaune-copie.jpg
,RTL,2021.0,2221602101.0,2221602101 RTL-gilet-jaune-copie,INFORMATION_MEDIA,CHAINES TV/ RADIO,3.0,Branding,Blanc,Dominante,Personnage,Plusieurs personnes,-,-,Les 2,Multi générationnel,Faible,Explicatif/Narratif,Majuscule gras,Petit,Peu,Non,Français,Un peu contrasté,Bas gauche,-,Aucun,Faible (3 éléments),C:\Users\aittayeb\Desktop\Projet_memoir\Visuale\2221602101 RTL-gilet-jaune-copie.jpg
2773.0,BUT,2021.0,2221592103.0,2221592103 BUT-aspirateur-abribus-copie,DISTRIBUTION,DISTRIBUTION SPECIALISEE,5.0,Offre,Blanc,Dominante,Promotion,-,-,-,-,-,Fort,Descriptif,Minuscule gras,Petit,Moyen,Non,Français,Un peu contrasté,Haut gauche,0.88,Promotion indiquée,Elevée (plus de 6),C:\Users\aittayeb\Desktop\Projet_memoir\Visuale\2221592103 BUT-aspirateur-abribus-copie.jpg
2773.0,BUT,2021.0,2221592103.0,2221592103 BUT-aspirateur-paysage-copie,DISTRIBUTION,DISTRIBUTION SPECIALISEE,5.0,Offre,Blanc,Dominante,Promotion,-,-,-,-,-,Fort,Descriptif,Minuscule gras,Petit,Moyen,Non,Français,Un peu contrasté,Haut gauche,0.88,Promotion indiquée,Elevée (plus de 6),C:\Users\aittayeb\Desktop\Projet_memoir\Visuale\2221592103 BUT-aspirateur-paysage-copie.jpg
2773.0,BUT,2021.0,2221592103.0,2221592103 BUT-bureau-paysage-copie,DISTRIBUTION,DISTRIBUTION SPECIALISEE,5.0,Offre,Gris,Dominante,Promotion,-,-,-,-,-,Fort,Descriptif,Minuscule gras,Petit,Moyen,Non,Français,Un peu contrasté,Haut gauche,0.88,Promotion indiquée,Elevée (plus de 6),C:\Users\aittayeb\Desktop\Projet_memoir\Visuale\2221592103 BUT-bureau-paysage-copie.jpg
2773.0,BUT,2021.0,2221592103.0,2221592103 BUT-fauteuil-abribus-copie,DISTRIBUTION,DISTRIBUTION SPECIALISEE,5.0,Offre,Beige,Dominante,Promotion,-,-,-,-,-,Fort,Descriptif,Minuscule gras,Petit,Moyen,Non,Français,Un peu contrasté,Haut gauche,0.88,Promotion indiquée,Elevée (plus de 6),C:\Users\aittayeb\Desktop\Projet_memoir\Visuale\2221592103 BUT-fauteuil-abribus-copie.jpg
2773.0,BUT,2021.0,2221592103.0,2221592103 BUT-fauteuil-paysage-copie,DISTRIBUTION,DISTRIBUTION SPECIALISEE,5.0,Offre,Blanc,Dominante,Promotion,-,-,-,-,-,Fort,Descriptif,Minuscule gras,Petit,Moyen,Non,Français,Un peu contrasté,Haut gauche,0.88,Promotion indiquée,Elevée (plus de 6),C:\Users\aittayeb\Desktop\Projet_memoir\Visuale\2221592103 BUT-fauteuil-paysage-copie.jpg
2246.0,CAISSE D'EPARGNE,2021.0,2221592104.0,2221592104 CAISSE-DEPARGNE-athlétisme-paysage-copie,ETS_FINANCIERS_ASSURANCES,BANQUES DE DETAIL,6.0,Branding,Bleu,Non ,Personnage,,-,-,Les 2,Multi générationnel,Moyen ,Descriptif,Minuscule gras,Moyen,Peu,Non,Français,Un peu contrasté,Bas droit,0.88,Aucun,Moyen (4-5),C:\Users\aittayeb\Desktop\Projet_memoir\Visuale\2221592104 CAISSE-DEPARGNE-athlétisme-paysage-copie.jpg
2246.0,CAISSE D'EPARGNE,2021.0,2221592104.0,2221592104 CAISSE-DEPARGNE-athlétisme-paysage-copie,ETS_FINANCIERS_ASSURANCES,BANQUES DE DETAIL,6.0,Branding,Bleu,Non ,Personnage,Personne seule,-,-,Femme,Jeune adulte,Moyen ,Descriptif,Minuscule gras,Moyen,Peu,Non,Français,Très contrasté,Bas droit,0.88,Aucun,Moyen (4-5),C:\Users\aittayeb\Desktop\Projet_memoir\Visuale\2221592104 CAISSE-DEPARGNE-athlétisme-paysage-copie.jpg
2246.0,CAISSE D'EPARGNE,2021.0,2221592104.0,2221592104 CAISSE-DEPARGNE-garçon-abribus-copie,ETS_FINANCIERS_ASSURANCES,BANQUES DE DETAIL,6.0,Branding,Bleu,Non ,Personnage,Personne seule,-,-,Homme,Enfant,Moyen ,Descriptif,Minuscule gras,Moyen,Peu,Non,Français,Un peu contrasté,Bas droit,0.88,Aucun,Moyen (4-5),C:\Users\aittayeb\Desktop\Projet_memoir\Visuale\2221592104 CAISSE-DEPARGNE-garçon-abribus-copie.jpg
2246.0,CAISSE D'EPARGNE,2021.0,2221592104.0,2221592104 CAISSE-DEPARGNE-handibasket-abribus-copie,ETS_FINANCIERS_ASSURANCES,BANQUES DE DETAIL,6.0,Branding,Bleu,Non ,Personnage,Plusieurs personnes,-,-,Homme,Jeune adulte,Moyen ,Descriptif,Minuscule gras,Moyen,Peu,Non,Français,Un peu contrasté,Bas droit,0.88,Aucun,Moyen (4-5),C:\Users\aittayeb\Desktop\Projet_memoir\Visuale\2221592104 CAISSE-DEPARGNE-handibasket-abribus-copie.jpg
2246.0,CAISSE D'EPARGNE,2021.0,2221592104.0,2221592104 CAISSE-DEPARGNE-handibasket-paysage-copie,ETS_FINANCIERS_ASSURANCES,BANQUES DE DETAIL,6.0,Branding,Bleu,Non ,Personnage,Personne seule,-,-,Homme,Jeune adulte,Moyen ,Descriptif,Minuscule gras,Moyen,Peu,Non,Français,Un peu contrasté,Bas droit,0.88,Aucun,Moyen (4-5),C:\Users\aittayeb\Desktop\Projet_memoir\Visuale\2221592104 CAISSE-DEPARGNE-handibasket-paysage-copie.jpg
2246.0,CAISSE D'EPARGNE,2021.0,2221592104.0,2221592104 CAISSE-DEPARGNE-travaux-abribus-copie,ETS_FINANCIERS_ASSURANCES,BANQUES DE DETAIL,6.0,Branding,Bleu,Non ,Personnage,Personne seule,-,-,Non visible,-,Moyen ,Descriptif,Minuscule gras,Moyen,Peu,Non,Français,Un peu contrasté,Bas droit,0.88,Aucun,Moyen (4-5),C:\Users\aittayeb\Desktop\Projet_memoir\Visuale\2221592104 CAISSE-DEPARGNE-travaux-abribus-copie.jpg
,FREE TELECOM,2021.0,2221592105.0,2221592105 FREE-abribus-copie,TELECOMMUNICATIONS,OPERATEURS TELECOMMUNIC.,2.0,Offre,Blanc,Dominante,Produit/Service,-,-,-,-,-,Fort,Descriptif,Minuscule gras,Petit,Moyen,Non,Français,Très contrasté,Haut milieu,0.89,Prix indiqué,Elevée (plus de 6),C:\Users\aittayeb\Desktop\Projet_memoir\Visuale\2221592105 FREE-abribus-copie.jpg
,FREE TELECOM,2021.0,2221592105.0,2221592105 FREE-abribus-copie,TELECOMMUNICATIONS,OPERATEURS TELECOMMUNIC.,2.0,Offre,Blanc,Dominante,Produit/Service,-,-,-,-,-,Fort,Descriptif,Minuscule gras,Petit,Moyen,Non,Français,Très contrasté,Haut milieu,0.89,Prix indiqué,Elevée (plus de 6),C:\Users\aittayeb\Desktop\Projet_memoir\Visuale\2221592105 FREE-abribus-copie.jpg
,PULCO,2021.0,2221572101.0,2221572101 PULCO-1,BOISSONS,BOISSONS NON ALCOOLISEES,1.0,Produit,Jaune,Dominante,Produit/Service,-,-,-,-,-,Faible,Explicatif/Narratif,Minuscule gras,Moyen,Moyen,Non,Français,Pas contrasté,Haut gauche,0.83,Aucun,Moyen (4-5),C:\Users\aittayeb\Desktop\Projet_memoir\Visuale\2221572101 PULCO-1.jpg
,FREE TELECOM,2021.0,2221562101.0,"2221562101 118,5x175cm_JUILLET2021_corail-monde",TELECOMMUNICATIONS,OPERATEURS TELECOMMUNIC.,2.0,Produit,Rouge,Dominante,Claim,-,-,-,-,-,Fort,Humoristique,Minuscule gras,Grand,Beaucoup,Non,Français,Pas contrasté,Haut milieu,0.89,Aucun,Elevée (plus de 6),"C:\Users\aittayeb\Desktop\Projet_memoir\Visuale\2221562101 118,5x175cm_JUILLET2021_corail-monde.jpg"
,FREE TELECOM,2021.0,2221562101.0,"2221562101 118,5x175cm_JUILLET2021_jaune-meilleur",TELECOMMUNICATIONS,OPERATEURS TELECOMMUNIC.,1.0,Produit,Jaune,Non ,Produit/Service,-,-,-,-,-,Fort,Humoristique,Minuscule gras,Grand,Beaucoup,Non,Français,Pas contrasté,Haut milieu,0.89,Aucun,Elevée (plus de 6),"C:\Users\aittayeb\Desktop\Projet_memoir\Visuale\2221562101 118,5x175cm_JUILLET2021_jaune-meilleur.jpg"
,FREE TELECOM,2021.0,2221562101.0,2221562101 320x240_CAMEMBERT_CORAIL-MONDE_JUILLET2020,TELECOMMUNICATIONS,OPERATEURS TELECOMMUNIC.,2.0,Produit,Bleu,Non ,Claim,-,-,-,-,-,Fort,Humoristique,Minuscule gras,Grand,Beaucoup,Non,Français,Pas contrasté,Haut milieu,0.89,Aucun,Elevée (plus de 6),C:\Users\aittayeb\Desktop\Projet_memoir\Visuale\2221562101 320x240_CAMEMBERT_CORAIL-MONDE_JUILLET2020.jpg
,OASIS,2021.0,2221532101.0,2221532101 OASIS-abribus-1,BOISSONS,BOISSONS NON ALCOOLISEES,3.0,Produit,Bleu,Présente,Produit/Service,Mascotte,-,-,-,-,Faible,Humoristique,Majuscule gras,Petit,Moyen,Non,Français,Un peu contrasté,Dans le corps du visuel,0.89,Aucun,Moyen (4-5),C:\Users\aittayeb\Desktop\Projet_memoir\Visuale\2221532101 OASIS-abribus-1.jpg
,OASIS,2021.0,2221532101.0,2221532101 OASIS-abribus-1,BOISSONS,BOISSONS NON ALCOOLISEES,3.0,Produit,Bleu,Présente,Produit/Service,Mascotte,-,-,-,-,Faible,Humoristique,Majuscule gras,Petit,Moyen,Non,Français,Un peu contrasté,Dans le corps du visuel,0.89,Aucun,Moyen (4-5),C:\Users\aittayeb\Desktop\Projet_memoir\Visuale\2221532101 OASIS-abribus-1.jpg
,OASIS,2021.0,2221532101.0,2221532101 OASIS-abribus-1,BOISSONS,BOISSONS NON ALCOOLISEES,3.0,Produit,Bleu,Présente,Produit/Service,Mascotte,-,-,-,-,Faible,Humoristique,Majuscule gras,Petit,Moyen,Non,Français,Un peu contrasté,Dans le corps du visuel,0.89,Aucun,Moyen (4-5),C:\Users\aittayeb\Desktop\Projet_memoir\Visuale\2221532101 OASIS-abribus-1.jpg
,OCEAN SPRAY,2021.0,2221532102.0,2221532102 OCEAN-SPRAY-abribus,BOISSONS,BOISSONS NON ALCOOLISEES,2.0,Produit,Blanc,Dominante,Produit/Service,-,-,-,-,-,Faible,Explicatif/Narratif,Majuscule gras,Petit,Moyen,Non,Français,Pas contrasté,Haut milieu,-,Aucun,Moyen (4-5),C:\Users\aittayeb\Desktop\Projet_memoir\Visuale\2221532102 OCEAN-SPRAY-abribus.jpg
,OCEAN SPRAY,2021.0,2221532102.0,2221532102 OCEAN-SPRAY-abribus,BOISSONS,BOISSONS NON ALCOOLISEES,2.0,Produit,Blanc,Dominante,Produit/Service,-,-,-,-,-,Faible,Explicatif/Narratif,Majuscule gras,Petit,Moyen,Non,Français,Pas contrasté,Haut milieu,-,Aucun,Moyen (4-5),C:\Users\aittayeb\Desktop\Projet_memoir\Visuale\2221532102 OCEAN-SPRAY-abribus.jpg
,BUT,2021.0,2221512101.0,2221512101 CCF_MU_BUT_01,DISTRIBUTION,DISTRIBUTION SPECIALISEE,4.0,Offre,Blanc,Dominante,Promotion,-,-,-,-,-,Fort,Descriptif,Majuscule gras,Petit,Moyen,Non,Français,Un peu contrasté,Haut gauche,0.88,Promotion indiquée,Elevée (plus de 6),C:\Users\aittayeb\Desktop\Projet_memoir\Visuale\2221512101 CCF_MU_BUT_01.jpg
,BUT,2021.0,2221512101.0,2221512101 CCF_MU_BUT_01,DISTRIBUTION,DISTRIBUTION SPECIALISEE,4.0,Offre,Blanc,Dominante,Promotion,-,-,-,-,-,Fort,Descriptif,Majuscule gras,Petit,Moyen,Non,Français,Un peu contrasté,Haut gauche,0.88,Promotion indiquée,Elevée (plus de 6),C:\Users\aittayeb\Desktop\Projet_memoir\Visuale\2221512101 CCF_MU_BUT_01.jpg
,BUT,2021.0,2221512101.0,2221512101 CCF_MU_BUT_01,DISTRIBUTION,DISTRIBUTION SPECIALISEE,4.0,Offre,Blanc,Dominante,Promotion,-,-,-,-,-,Fort,Descriptif,Majuscule gras,Petit,Moyen,Non,Français,Un peu contrasté,Haut gauche,0.88,Promotion indiquée,Elevée (plus de 6),C:\Users\aittayeb\Desktop\Projet_memoir\Visuale\2221512101 CCF_MU_BUT_01.jpg
,BUT,2021.0,2221512101.0,2221512101 CCF_MU_BUT_01,DISTRIBUTION,DISTRIBUTION SPECIALISEE,4.0,Offre,Blanc,Dominante,Promotion,-,-,-,-,-,Fort,Descriptif,Majuscule gras,Petit,Moyen,Non,Français,Un peu contrasté,Haut gauche,0.88,Promotion indiquée,Elevée (plus de 6),C:\Users\aittayeb\Desktop\Projet_memoir\Visuale\2221512101 CCF_MU_BUT_01.jpg
1911.0,LES VIGNERONS DE CHAMPAGNE,2021.0,2221512102.0,2221512102 Abribus-SGV-1185x1750-Champagne-boheme-M39L,BOISSONS,BOISSONS ALCOOLISEES,1.0,Branding,Beige,Dominante,Produit/Service,-,-,-,-,-,Moyen ,Humoristique,Majuscule gras,Grand,Peu,Non,Français,Pas contrasté,Bas milieu,-,Aucun,Elevée (plus de 6),C:\Users\aittayeb\Desktop\Projet_memoir\Visuale\2221512102 Abribus-SGV-1185x1750-Champagne-boheme-M39L.jpg
1911.0,LES VIGNERONS DE CHAMPAGNE,2021.0,2221512102.0,2221512102 Abribus-SGV-1185x1750-Champagne-extravagant-M39L,BOISSONS,BOISSONS ALCOOLISEES,1.0,Branding,Gris,Dominante,Produit/Service,-,-,-,-,-,Moyen ,Humoristique,Majuscule gras,Grand,Peu,Non,Français,Pas contrasté,Bas milieu,-,Aucun,Elevée (plus de 6),C:\Users\aittayeb\Desktop\Projet_memoir\Visuale\2221512102 Abribus-SGV-1185x1750-Champagne-extravagant-M39L.jpg
2281.0,CREDIT AGRICOLE,2021.0,2221482107.0,2221482107 CREDIT-AGRICOLE-agriculture,ETS_FINANCIERS_ASSURANCES,BANQUES DE DETAIL,2.0,Branding,Blanc,Dominante,Personnage,Plusieurs personnes,-,-,Les 2,Multi générationnel,Fort,Explicatif/Narratif,Majuscule gras,Petit,Peu,Non,Français,Pas contrasté,Bas droit,0.89,Aucun,Moyen (4-5),C:\Users\aittayeb\Desktop\Projet_memoir\Visuale\2221482107 CREDIT-AGRICOLE-agriculture.jpg
2281.0,CREDIT AGRICOLE,2021.0,2221482107.0,2221482107 CREDIT-AGRICOLE-agriculture,ETS_FINANCIERS_ASSURANCES,BANQUES DE DETAIL,2.0,Branding,Blanc,Dominante,Personnage,Personne seule,-,-,Les 2,Multi générationnel,Fort,Explicatif/Narratif,Majuscule gras,Petit,Peu,Non,Français,Pas contrasté,Bas droit,0.89,Aucun,Moyen (4-5),C:\Users\aittayeb\Desktop\Projet_memoir\Visuale\2221482107 CREDIT-AGRICOLE-agriculture.jpg
,MERCEDES,2021.0,2221482109.0,2221482109 MERCEDES-arriere-1,AUTOMOBILE_TRANSPORT,AUTOMOBILES POIDS LOURDS,2.0,Produit,Bleu,Non ,Produit/Service,Personne seule,-,-,Homme,Adulte,Faible,Descriptif,Majuscule gras,Petit,,Non,Français,Pas contrasté,Dans le corps du visuel,0.9,Aucun,Faible (3 éléments),C:\Users\aittayeb\Desktop\Projet_memoir\Visuale\2221482109 MERCEDES-arriere-1.jpg
,MERCEDES,2021.0,2221482109.0,2221482109 MERCEDES-face-1,AUTOMOBILE_TRANSPORT,AUTOMOBILES POIDS LOURDS,2.0,Produit,Bleu,Non ,Produit/Service,Personne seule,-,-,Homme,Adulte,Faible,Descriptif,Majuscule gras,Petit,Beaucoup,Non,Français,Pas contrasté,Dans le corps du visuel,0.9,Aucun,Faible (3 éléments),C:\Users\aittayeb\Desktop\Projet_memoir\Visuale\2221482109 MERCEDES-face-1.jpg
2261.0,LIDL,2021.0,2221452101.0,2221452101 LIDL-1,DISTRIBUTION,DISTRIBUTION GENERALISTE,1.0,Branding,Bleu,Dominante,Claim,-,-,-,-,-,Fort,Descriptif,Majuscule gras,Petit,Peu,Non,Français,Un peu contrasté,Bas droit,0.93,Aucun,Moyen (4-5),C:\Users\aittayeb\Desktop\Projet_memoir\Visuale\2221452101 LIDL-1.jpg
2278.0,PERRIER,2021.0,2221452102.0,2221452102 PERRIER-comme-du-café,BOISSONS,BOISSONS NON ALCOOLISEES,2.0,Produit,Blanc,Dominante,Produit/Service,-,-,-,-,-,Moyen ,Humoristique,Majuscule gras,Moyen,Beaucoup,Non,Français,Un peu contrasté,Dans le corps du visuel,0.88,Aucun,Moyen (4-5),C:\Users\aittayeb\Desktop\Projet_memoir\Visuale\2221452102 PERRIER-comme-du-café.jpg
1927.0,SAINT JAMES,2021.0,2221452103.0,2221452103 SAINT-JAMES-rhum-ambré,BOISSONS,BOISSONS ALCOOLISEES,2.0,Produit,Vert,Présente,Produit/Service,-,-,-,-,-,Moyen ,Descriptif,Majuscule gras,Moyen,Beaucoup,Non,Français,Un peu contrasté,Haut milieu,0.53,Aucun,Moyen (4-5),C:\Users\aittayeb\Desktop\Projet_memoir\Visuale\2221452103 SAINT-JAMES-rhum-ambré.jpg
1957.0,SCHWEPPES,2021.0,2221452104.0,2221452104 SCHWEPPES-abribus-indian-tonic-1,BOISSONS,BOISSONS NON ALCOOLISEES,4.0,Produit,Jaune,Dominante,Produit/Service,-,-,-,-,-,Fort,Explicatif/Narratif,Minuscule gras,Moyen,Peu,Non,Anglais,Pas contrasté,Haut droit,0.87,Aucun,Moyen (4-5),C:\Users\aittayeb\Desktop\Projet_memoir\Visuale\2221452104 SCHWEPPES-abribus-indian-tonic-1.jpg
1957.0,SCHWEPPES,2021.0,2221452104.0,2221452104 SCHWEPPES-abribus-indian-tonic-1,BOISSONS,BOISSONS NON ALCOOLISEES,4.0,Produit,Jaune,Dominante,Produit/Service,-,-,-,-,-,Fort,Explicatif/Narratif,Minuscule gras,Moyen,Peu,Non,Anglais,Pas contrasté,Haut droit,0.87,Aucun,Moyen (4-5),C:\Users\aittayeb\Desktop\Projet_memoir\Visuale\2221452104 SCHWEPPES-abribus-indian-tonic-1.jpg
1957.0,SCHWEPPES,2021.0,2221452104.0,2221452104 SCHWEPPES-abribus-indian-tonic-1,BOISSONS,BOISSONS NON ALCOOLISEES,4.0,Produit,Jaune,Dominante,Produit/Service,-,-,-,-,-,Fort,Explicatif/Narratif,Minuscule gras,Moyen,Peu,Non,Anglais,Pas contrasté,Haut droit,0.87,Aucun,Moyen (4-5),C:\Users\aittayeb\Desktop\Projet_memoir\Visuale\2221452104 SCHWEPPES-abribus-indian-tonic-1.jpg
1957.0,SCHWEPPES,2021.0,2221452104.0,2221452104 SCHWEPPES-abribus-indian-tonic-1,BOISSONS,BOISSONS NON ALCOOLISEES,4.0,Produit,Jaune,Dominante,Produit/Service,-,-,-,-,-,Fort,Explicatif/Narratif,Minuscule gras,Moyen,Peu,Non,Anglais,Pas contrasté,Haut droit,0.87,Aucun,Moyen (4-5),C:\Users\aittayeb\Desktop\Projet_memoir\Visuale\2221452104 SCHWEPPES-abribus-indian-tonic-1.jpg
2342.0,EUROPE 1,2021.0,2221452105.0,2221452105 europe-1,INFORMATION_MEDIA,CHAINES TV/ RADIO,1.0,Branding,Bleu,Dominante,Claim,-,-,-,-,-,Fort,Explicatif/Narratif,Minuscule gras,Moyen,Peu,Non,Français,Très contrasté,Haut droit,-,Aucun,Faible (3 éléments),C:\Users\aittayeb\Desktop\Projet_memoir\Visuale\2221452105 europe-1.jpg
2342.0,EUROPE 1,2021.0,2221452105.0,2221452105 europe-1-1,INFORMATION_MEDIA,CHAINES TV/ RADIO,1.0,Branding,Bleu,Dominante,Claim,-,-,-,-,-,Fort,Explicatif/Narratif,Minuscule gras,Moyen,Peu,Non,Français,Très contrasté,Haut droit,-,Aucun,Faible (3 éléments),C:\Users\aittayeb\Desktop\Projet_memoir\Visuale\2221452105 europe-1.jpg
2342.0,EUROPE 1,2021.0,2221452105.0,2221452105 europe-1-2,INFORMATION_MEDIA,CHAINES TV/ RADIO,1.0,Branding,Vert,Présente,Claim,-,-,-,-,-,Fort,Explicatif/Narratif,Minuscule gras,Moyen,Peu,Non,Français,Très contrasté,Haut droit,-,Aucun,Faible (3 éléments),C:\Users\aittayeb\Desktop\Projet_memoir\Visuale\2221452105 europe-1.jpg
2342.0,EUROPE 1,2021.0,2221452105.0,2221452105 europe-1-3,INFORMATION_MEDIA,CHAINES TV/ RADIO,1.0,Branding,Vert,Présente,Claim,-,-,-,-,-,Fort,Explicatif/Narratif,Minuscule gras,Moyen,Peu,Non,Français,Très contrasté,Haut droit,-,Aucun,Faible (3 éléments),C:\Users\aittayeb\Desktop\Projet_memoir\Visuale\2221452105 europe-1.jpg
2342.0,EUROPE 1,2021.0,2221452105.0,2221452105 europe-1-4,INFORMATION_MEDIA,CHAINES TV/ RADIO,1.0,Branding,Blanc,Dominante,Claim,-,-,-,-,-,Fort,Explicatif/Narratif,Minuscule gras,Moyen,Peu,Non,Français,Très contrasté,Haut droit,-,Aucun,Faible (3 éléments),C:\Users\aittayeb\Desktop\Projet_memoir\Visuale\2221452105 europe-1.jpg
2342.0,EUROPE 1,2021.0,2221452105.0,2221452105 europe-1-5,INFORMATION_MEDIA,CHAINES TV/ RADIO,1.0,Branding,Bleu,Dominante,Claim,-,-,-,-,-,Fort,Explicatif/Narratif,Minuscule gras,Moyen,Peu,Non,Français,Très contrasté,Haut droit,-,Aucun,Faible (3 éléments),C:\Users\aittayeb\Desktop\Projet_memoir\Visuale\2221452105 europe-1-5.jpg
2342.0,EUROPE 1,2021.0,2221452105.0,2221452105 europe-1-6,INFORMATION_MEDIA,CHAINES TV/ RADIO,1.0,Branding,Jaune,Non ,Claim,-,-,-,-,-,Fort,Explicatif/Narratif,Minuscule gras,Moyen,Peu,Non,Français,Très contrasté,Haut droit,-,Aucun,Faible (3 éléments),C:\Users\aittayeb\Desktop\Projet_memoir\Visuale\2221452105 europe-1.jpg
,BUT,2021.0,2221442101.0,2221442101 BUT-baby-copie,DISTRIBUTION,DISTRIBUTION SPECIALISEE,3.0,Offre,Beige,Présente,Produit/Service,-,-,-,-,-,Faible,Humoristique,Majuscule gras,Moyen,Moyen,Non,Français,Un peu contrasté,Haut gauche,0.88,Promotion indiquée,Moyen (4-5),C:\Users\aittayeb\Desktop\Projet_memoir\Visuale\2221442101 BUT-baby-copie.jpg
,BUT,2021.0,2221442101.0,2221442101 BUT-baby-copie,DISTRIBUTION,DISTRIBUTION SPECIALISEE,3.0,Offre,Gris,Présente,Produit/Service,-,-,-,-,-,Faible,Humoristique,Majuscule gras,Moyen,Moyen,Non,Français,Un peu contrasté,Haut gauche,0.88,Promotion indiquée,Moyen (4-5),C:\Users\aittayeb\Desktop\Projet_memoir\Visuale\2221442101 BUT-baby-copie.jpg
,BUT,2021.0,2221442101.0,2221442101 BUT-baby-copie,DISTRIBUTION,DISTRIBUTION SPECIALISEE,3.0,Offre,Bleu,Présente,Produit/Service,-,-,-,-,-,Faible,Humoristique,Majuscule gras,Moyen,Moyen,Non,Français,Un peu contrasté,Haut gauche,0.88,Prix indiqué,Moyen (4-5),C:\Users\aittayeb\Desktop\Projet_memoir\Visuale\2221442101 BUT-baby-copie.jpg
2257.0,FLORENA,2021.0,2221442102.0,2221442102 FLORENA-1,HYGIENE_BEAUTE,PRODUITS DE SOINS,1.0,Produit,Jaune,Présente,Produit/Service,-,-,-,-,-,Faible,Descriptif,Minuscule sans gras ,Grand,Moyen,Non,Français,Pas contrasté,Haut gauche,-,Aucun,Faible (3 éléments),C:\Users\aittayeb\Desktop\Projet_memoir\Visuale\2221442102 FLORENA-1.jpg
2244.0,M6,2021.0,2221442104.0,2221442104 M6_1,INFORMATION_MEDIA,CHAINES TV/ RADIO,4.0,Branding,Bleu,Dominante,Claim,-,-,-,-,-,Fort,Explicatif/Narratif,Majuscule gras,Moyen,Peu,Non,Français,Pas contrasté,Bas gauche,0.9,Aucun,Moyen (4-5),C:\Users\aittayeb\Desktop\Projet_memoir\Visuale\2221442104 M6_1.jpg
2256.0,ORANGINA,2021.0,2221442105.0,2221442105 ORANGINA-2-bouteilles-abribus-1,BOISSONS,BOISSONS NON ALCOOLISEES,6.0,Produit,Bleu,Dominante,Produit/Service,-,-,-,-,-,Fort,Humoristique,Minuscule gras,Grand,Beaucoup,Non,Français,Un peu contrasté,Dans le corps du visuel,0.9,Aucun,Elevée (plus de 6),C:\Users\aittayeb\Desktop\Projet_memoir\Visuale\2221442105 ORANGINA-2-bouteilles-abribus-1.jpg
1933.0,FREE TELECOM,2021.0,2221422101.0,2221422101 FREE-abribus-1,TELECOMMUNICATIONS,OPERATEURS TELECOMMUNIC.,2.0,Branding,Blanc,Dominante,Claim,-,-,-,-,-,Fort,Humoristique,Majuscule gras,Petit,Moyen,Non,Français,Un peu contrasté,Bas droit,0.89,Aucun,Elevée (plus de 6),C:\Users\aittayeb\Desktop\Projet_memoir\Visuale\2221422101 FREE-abribus-1.jpg
1933.0,FREE TELECOM,2021.0,2221422101.0,2221422101 FREE-abribus-1,TELECOMMUNICATIONS,OPERATEURS TELECOMMUNIC.,2.0,Branding,Blanc,Dominante,Claim,-,-,-,-,-,Fort,Humoristique,Majuscule gras,Petit,Moyen,Non,Français,Un peu contrasté,Bas droit,0.89,Aucun,Elevée (plus de 6),C:\Users\aittayeb\Desktop\Projet_memoir\Visuale\2221422101 FREE-abribus-1.jpg
,ALPRO,2021.0,2221422103.0,2221422103 ALPRO-lait-amande-abribus-1,ALIMENTATION,PRODUITS LAITIERS,1.0,Produit,Orange,Présente,Produit/Service,-,-,-,-,-,Fort,Humoristique,Majuscule gras,Petit,Peu,Non,Français,Pas contrasté,Dans le corps du visuel,-,Aucun,Moyen (4-5),C:\Users\aittayeb\Desktop\Projet_memoir\Visuale\2221422103 ALPRO-lait-amande-abribus-1.jpg
,ALPRO,2021.0,2221422103.0,2221422103 ALPRO-lait-gout-choco-gf-1,ALIMENTATION,PRODUITS LAITIERS,1.0,Produit,Marron,Présente,Produit/Service,-,-,-,-,-,Fort,Humoristique,Majuscule gras,Petit,Peu,Non,Français,Pas contrasté,Dans le corps du visuel,-,Aucun,Moyen (4-5),C:\Users\aittayeb\Desktop\Projet_memoir\Visuale\2221422103 ALPRO-lait-gout-choco-gf-1.jpg
,ALPRO,2021.0,2221422103.0,2221422103 ALPRO-lait-noisette-abribus-1,ALIMENTATION,PRODUITS LAITIERS,1.0,Produit,Vert,Dominante,Produit/Service,-,-,-,-,-,Fort,Humoristique,Majuscule gras,Petit,Peu,Non,Français,Pas contrasté,Dans le corps du visuel,-,Aucun,Moyen (4-5),C:\Users\aittayeb\Desktop\Projet_memoir\Visuale\2221422103 ALPRO-lait-noisette-abribus-1.jpg
,ALPRO,2021.0,2221422103.0,2221422103 ALPRO-mangue-gf-1,ALIMENTATION,PRODUITS LAITIERS,1.0,Produit,Jaune,Présente,Produit/Service,-,-,-,-,-,Fort,Humoristique,Majuscule gras,Petit,Peu,Non,Français,Pas contrasté,Dans le corps du visuel,-,Aucun,Moyen (4-5),C:\Users\aittayeb\Desktop\Projet_memoir\Visuale\2221422103 ALPRO-mangue-gf-1.jpg
,ALPRO,2021.0,2221422103.0,2221422103 ALPRO-nature-amande-abribus-1,ALIMENTATION,PRODUITS LAITIERS,1.0,Produit,Orange,Présente,Produit/Service,-,-,-,-,-,Fort,Humoristique,Majuscule gras,Petit,Peu,Non,Français,Pas contrasté,Dans le corps du visuel,-,Aucun,Moyen (4-5),C:\Users\aittayeb\Desktop\Projet_memoir\Visuale\2221422103 ALPRO-nature-amande-abribus-1.jpg
2242.0,TOYOTA,2021.0,2221372101.0,2221372101 TOYOTA-abribus-copie,AUTOMOBILE_TRANSPORT,AUTOMOBILES POIDS LOURDS,2.0,Produit,Gris,Dominante,Produit/Service,-,-,-,-,-,Moyen ,Descriptif,Majuscule gras,Petit,Beaucoup,Non,Français,Pas contrasté,Haut droit,0.88,Prix indiqué,Moyen (4-5),C:\Users\aittayeb\Desktop\Projet_memoir\Visuale\2221372101 TOYOTA-abribus-copie.jpg
2242.0,TOYOTA,2021.0,2221372101.0,2221372101 TOYOTA-abribus-copie,AUTOMOBILE_TRANSPORT,AUTOMOBILES POIDS LOURDS,2.0,Produit,Gris,Dominante,Produit/Service,-,-,-,-,-,Moyen ,Descriptif,Majuscule gras,Petit,Beaucoup,Non,Français,Pas contrasté,Haut droit,0.88,Prix indiqué,Moyen (4-5),C:\Users\aittayeb\Desktop\Projet_memoir\Visuale\2221372101 TOYOTA-abribus-copie.jpg
,LAGUINITAS,2021.0,2221362101.0,2221362101 LAGUNITAS-panoramique-copie,BOISSONS,BOISSONS ALCOOLISEES,1.0,Produit,Bleu,Dominante,Produit/Service,-,-,-,-,-,Moyen ,Explicatif/Narratif,Minuscule gras,Grand,Moyen,Non,Français,Un peu contrasté,Haut milieu,-,Aucun,Moyen (4-5),C:\Users\aittayeb\Desktop\Projet_memoir\Visuale\2221362101 LAGUNITAS-panoramique-copie.jpg
2796.0,RAY-BAN,2021.0,2221352102.0,2221352102 OPTIC-2000-solaire,MODE_ET_ACCESSOIRES,LUNETTERIE,2.0,Produit,Bleu,,Produit/Service,-,-,-,-,-,Fort,Descriptif,Majuscule gras,Moyen,Moyen,Non,Français,Un peu contrasté,Haut milieu,0.78,Prix indiqué,Moyen (4-5),C:\Users\aittayeb\Desktop\Projet_memoir\Visuale\2221352102 OPTIC-2000-solaire.jpg
2259.0,FREE TELECOM,2021.0,2221272101.0,"2221272101 118,5x175cm_5G_S2-france-DEF-vecto-copie",TELECOMMUNICATIONS,OPERATEURS TELECOMMUNIC.,2.0,Branding,Jaune,Présente,Claim,-,-,-,-,-,Fort,Descriptif,Majuscule gras,Moyen,Moyen,Non,Français,Pas contrasté,Haut milieu,0.89,Aucun,Faible (3 éléments),"C:\Users\aittayeb\Desktop\Projet_memoir\Visuale\2221272101 118,5x175cm_5G_S2-france-DEF-vecto-copie.jpg"
2259.0,FREE TELECOM,2021.0,2221272101.0,2221272101 400x300cm-France-DEF-copie,TELECOMMUNICATIONS,OPERATEURS TELECOMMUNIC.,2.0,Branding,Jaune,Présente,Claim,-,-,-,-,-,Moyen ,Descriptif,Majuscule gras,Moyen,Moyen,Non,Français,Pas contrasté,Haut droit,0.89,Aucun,Faible (3 éléments),C:\Users\aittayeb\Desktop\Projet_memoir\Visuale\2221272101 400x300cm-France-DEF-copie.jpg
2299.0,J&B,2021.0,2221392108.0,2221392108 J&B-KV_BD_JB_3_Visuels_compressed-(1)-1-copie,BOISSONS,BOISSONS ALCOOLISEES,3.0,Produit,Jaune,Dominante,Claim,-,,,-,-,Fort,Humoristique,Minuscule gras,Petit,Beaucoup,Non,Français,Très contrasté,Dans le corps du visuel,-,Aucun,Moyen (4-5),C:\Users\aittayeb\Desktop\Projet_memoir\Visuale\2221392108 J&B-KV_BD_JB_3_Visuels_compressed-(1)-1-copie.jpg
2299.0,J&B,2021.0,2221392108.0,2221392108 J&B-KV_BD_JB_3_Visuels_compressed-(1)-1-copie,BOISSONS,BOISSONS ALCOOLISEES,3.0,Produit,Jaune,Dominante,Claim,-,,,-,-,Fort,Humoristique,Minuscule gras,Petit,Beaucoup,Non,Français,Très contrasté,Dans le corps du visuel,-,Aucun,Moyen (4-5),C:\Users\aittayeb\Desktop\Projet_memoir\Visuale\2221392108 J&B-KV_BD_JB_3_Visuels_compressed-(1)-1-copie.jpg
1948.0,LACOSTE,2021.0,2221422102.0,2221422102 LACOSTE-Asap-Nast,MODE_ET_ACCESSOIRES,PRÊT A PORTER COUTURE,6.0,Branding,Blanc,Dominante,Personnage,Célébrité,-,-,Les 2,Jeune adulte,Faible,Explicatif/Narratif,Majuscule gras,Petit,Moyen,Non,Français,Un peu contrasté,Haut milieu,0.88,Aucun,Moyen (4-5),C:\Users\aittayeb\Desktop\Projet_memoir\Visuale\2221422102 LACOSTE-Asap-Nast.jpg
1948.0,LACOSTE,2021.0,2221422102.0,2221422102 LACOSTE-Asap-Nast,MODE_ET_ACCESSOIRES,PRÊT A PORTER COUTURE,6.0,Branding,Blanc,Dominante,Personnage,Célébrité,-,-,Les 2,Jeune adulte,Faible,Explicatif/Narratif,Majuscule gras,Petit,Moyen,Non,Français,Un peu contrasté,Haut milieu,0.88,Aucun,Moyen (4-5),C:\Users\aittayeb\Desktop\Projet_memoir\Visuale\2221422102 LACOSTE-Asap-Nast.jpg
1948.0,LACOSTE,2021.0,2221422102.0,2221422102 LACOSTE-Asap-Nast,MODE_ET_ACCESSOIRES,PRÊT A PORTER COUTURE,6.0,Branding,Blanc,Dominante,Personnage,Célébrité,-,-,Femme,Jeune adulte,Faible,Explicatif/Narratif,Majuscule gras,Petit,Moyen,Non,Français,Un peu contrasté,Haut milieu,0.88,Aucun,Moyen (4-5),C:\Users\aittayeb\Desktop\Projet_memoir\Visuale\2221422102 LACOSTE-Asap-Nast.jpg
1948.0,LACOSTE,2021.0,2221422102.0,2221422102 LACOSTE-Asap-Nast,MODE_ET_ACCESSOIRES,PRÊT A PORTER COUTURE,6.0,Branding,Blanc,Dominante,Personnage,Célébrité,-,-,Les 2,Jeune adulte,Faible,Explicatif/Narratif,Majuscule gras,Petit,Moyen,Non,Français,Un peu contrasté,Haut milieu,0.88,Aucun,Moyen (4-5),C:\Users\aittayeb\Desktop\Projet_memoir\Visuale\2221422102 LACOSTE-Asap-Nast.jpg
1948.0,LACOSTE,2021.0,2221422102.0,2221422102 LACOSTE-Asap-Nast,MODE_ET_ACCESSOIRES,PRÊT A PORTER COUTURE,6.0,Branding,Blanc,Dominante,Personnage,Célébrité,-,-,Femme,Jeune adulte,Faible,Explicatif/Narratif,Majuscule gras,Petit,Moyen,Non,Français,Un peu contrasté,Haut milieu,0.88,Aucun,Moyen (4-5),C:\Users\aittayeb\Desktop\Projet_memoir\Visuale\2221422102 LACOSTE-Asap-Nast.jpg
1948.0,LACOSTE,2021.0,2221422102.0,2221422102 LACOSTE-Asap-Nast,MODE_ET_ACCESSOIRES,PRÊT A PORTER COUTURE,6.0,Branding,Blanc,Dominante,Personnage,Célébrité,-,-,Homme,Jeune adulte,Faible,Explicatif/Narratif,Majuscule gras,Petit,Moyen,Non,Français,Un peu contrasté,Haut milieu,0.88,Aucun,Moyen (4-5),C:\Users\aittayeb\Desktop\Projet_memoir\Visuale\2221422102 LACOSTE-Asap-Nast.jpg
2264.0,LANCOME,2021.0,2221672101.0,2221672101 LANCOME,HYGIENE_BEAUTE,PARFUMS,1.0,Produit,Rose,Présente,Personnage,Célébrité,Uniquement pour la marque,Déjà utilisée,Femme,Adulte,Faible,Descriptif,Minuscule sans gras ,Grand,Beaucoup,Non,Français,Pas contrasté,Bas milieu,0.84,Aucun,Faible (3 éléments),C:\Users\aittayeb\Desktop\Projet_memoir\Visuale\2221672101 LANCOME.jpg
2235.0,L'OREAL PARIS,2021.0,2221262116.0,2221262116 L'Oréal-Paris-Revitalift,HYGIENE_BEAUTE,PRODUITS DE SOINS,2.0,Produit,Blanc,Non ,Personnage,Célébrité,Uniquement pour la marque,Déjà utilisée,Femme,Adulte,Moyen ,Descriptif,Majuscule gras,Moyen,Moyen,Non,Français,Un peu contrasté,Haut droit,0.87,Aucun,Moyen (4-5),C:\Users\aittayeb\Desktop\Projet_memoir\Visuale\2221262116 L'Oréal-Paris-Revitalift.jpg
2235.0,L'OREAL PARIS,2021.0,2221262116.0,2221262116 L'Oréal-Paris-Revitalift,HYGIENE_BEAUTE,PRODUITS DE SOINS,2.0,Produit,Blanc,Non ,Personnage,Célébrité,Uniquement pour la marque,Déjà utilisée,Femme,Adulte,Moyen ,Descriptif,Majuscule gras,Moyen,Moyen,Non,Français,Un peu contrasté,Haut droit,0.87,Aucun,Moyen (4-5),C:\Users\aittayeb\Desktop\Projet_memoir\Visuale\2221262116 L'Oréal-Paris-Revitalift.jpg
2317.0,CAUDALIE,2022.0,2221952201.0,2221952201 CAUDALIE-1,HYGIENE_BEAUTE,PRODUITS DE SOINS,2.0,Produit,Blanc,Dominante,Produit/Service,-,-,-,-,-,Moyen ,Explicatif/Narratif,Minuscule gras,Grand,Moyen,Non,Français,Pas contrasté,Haut milieu,0.49,Aucun,Moyen (4-5),C:\Users\aittayeb\Desktop\Projet_memoir\Visuale\2221952201 CAUDALIE-1.jpg
2319.0,DISNEY+,2022.0,2221952202.0,2221952202 DISNEY+,INFORMATION_MEDIA,CHAINES TV/ RADIO,1.0,Service,Gris,Non ,Personnage,Personne seule,-,-,Homme,Jeune adulte,Fort,Explicatif/Narratif,Majuscule gras,Petit,Peu,Non,Français,Un peu contrasté,Bas droit,0.69,Aucun,Elevée (plus de 6),C:\Users\aittayeb\Desktop\Projet_memoir\Visuale\2221952202 DISNEY+.jpg
2430.0,BACKMARKET,2022.0,2221922201.0,2221922201 BACKMARKET-difference-abribus,PURE_PLAYERS,COMMERCES,6.0,Branding,Noir,Dominante,Claim,-,-,-,-,-,Fort,Explicatif/Narratif,Minuscule gras,Moyen,Moyen,Non,Français,Très contrasté,Bas droit,0.48,Aucun,Elevée (plus de 6),C:\Users\aittayeb\Desktop\Projet_memoir\Visuale\2221922201 BACKMARKET-difference-abribus.jpg
2430.0,BACKMARKET,2022.0,2221922201.0,2221922201 BACKMARKET-difference-abribus,PURE_PLAYERS,COMMERCES,6.0,Branding,Noir,Dominante,Claim,-,-,-,-,-,Fort,Explicatif/Narratif,Minuscule gras,Moyen,Moyen,Non,Français,Très contrasté,Bas droit,0.48,Aucun,Elevée (plus de 6),C:\Users\aittayeb\Desktop\Projet_memoir\Visuale\2221922201 BACKMARKET-difference-abribus.jpg
2430.0,BACKMARKET,2022.0,2221922201.0,2221922201 BACKMARKET-difference-abribus,PURE_PLAYERS,COMMERCES,6.0,Branding,Noir,Dominante,Claim,-,-,-,-,-,Fort,Explicatif/Narratif,Minuscule gras,Moyen,Moyen,Non,Français,Très contrasté,Bas droit,0.48,Aucun,Elevée (plus de 6),C:\Users\aittayeb\Desktop\Projet_memoir\Visuale\2221922201 BACKMARKET-difference-abribus.jpg
2430.0,BACKMARKET,2022.0,2221922201.0,2221922201 BACKMARKET-difference-abribus,PURE_PLAYERS,COMMERCES,6.0,Branding,Noir,Dominante,Claim,-,-,-,-,-,Fort,Explicatif/Narratif,Minuscule gras,Moyen,Moyen,Non,Français,Très contrasté,Bas droit,0.48,Aucun,Elevée (plus de 6),C:\Users\aittayeb\Desktop\Projet_memoir\Visuale\2221922201 BACKMARKET-difference-abribus.jpg
2430.0,BACKMARKET,2022.0,2221922201.0,2221922201 BACKMARKET-difference-abribus,PURE_PLAYERS,COMMERCES,6.0,Branding,Noir,Dominante,Claim,-,-,-,-,-,Fort,Explicatif/Narratif,Minuscule gras,Moyen,Moyen,Non,Français,Très contrasté,Bas droit,0.48,Aucun,Elevée (plus de 6),C:\Users\aittayeb\Desktop\Projet_memoir\Visuale\2221922201 BACKMARKET-difference-abribus.jpg
2430.0,BACKMARKET,2022.0,2221922201.0,2221922201 BACKMARKET-difference-abribus,PURE_PLAYERS,COMMERCES,6.0,Branding,Noir,Dominante,Claim,-,-,-,-,-,Fort,Explicatif/Narratif,Minuscule gras,Moyen,Moyen,Non,Français,Très contrasté,Bas droit,0.48,Aucun,Elevée (plus de 6),C:\Users\aittayeb\Desktop\Projet_memoir\Visuale\2221922201 BACKMARKET-difference-abribus.jpg
2313.0,BUT,2022.0,2221922202.0,2221922202 BUT cuisine 1 abribus,DISTRIBUTION,DISTRIBUTION SPECIALISEE,6.0,Service,Orange,Présente,Claim,-,-,-,-,-,Fort,Descriptif,Minuscule gras,Moyen,Moyen,Non,Français,Très contrasté,Haut gauche,0.87,Promotion indiquée,Elevée (plus de 6),C:\Users\aittayeb\Desktop\Projet_memoir\Visuale\2221922202 BUT cuisine 1 abribus.jpg
2313.0,BUT,2022.0,2221922202.0,2221922202 BUT cuisine 1 abribus,DISTRIBUTION,DISTRIBUTION SPECIALISEE,6.0,Service,Orange,Présente,Claim,-,-,-,-,-,Fort,Descriptif,Minuscule gras,Moyen,Moyen,Non,Français,Très contrasté,Haut gauche,0.87,Promotion indiquée,Elevée (plus de 6),C:\Users\aittayeb\Desktop\Projet_memoir\Visuale\2221922202 BUT cuisine 1 abribus.jpg
2313.0,BUT,2022.0,2221922202.0,2221922202 BUT cuisine 1 abribus,DISTRIBUTION,DISTRIBUTION SPECIALISEE,6.0,Service,Orange,Présente,Claim,-,-,-,-,-,Fort,Descriptif,Minuscule gras,Moyen,Moyen,Non,Français,Très contrasté,Haut gauche,0.87,Promotion indiquée,Elevée (plus de 6),C:\Users\aittayeb\Desktop\Projet_memoir\Visuale\2221922202 BUT cuisine 1 abribus.jpg
2313.0,BUT,2022.0,2221922202.0,2221922202 BUT cuisine 1 abribus,DISTRIBUTION,DISTRIBUTION SPECIALISEE,6.0,Service,Orange,Présente,Claim,-,-,-,-,-,Fort,Descriptif,Minuscule gras,Moyen,Moyen,Non,Français,Très contrasté,Haut gauche,0.87,Promotion indiquée,Elevée (plus de 6),C:\Users\aittayeb\Desktop\Projet_memoir\Visuale\2221922202 BUT cuisine 1 abribus.jpg
2313.0,BUT,2022.0,2221922202.0,2221922202 BUT cuisine 1 abribus,DISTRIBUTION,DISTRIBUTION SPECIALISEE,6.0,Service,Orange,Présente,Claim,-,-,-,-,-,Fort,Descriptif,Minuscule gras,Moyen,Moyen,Non,Français,Très contrasté,Haut gauche,0.87,Promotion indiquée,Elevée (plus de 6),C:\Users\aittayeb\Desktop\Projet_memoir\Visuale\2221922202 BUT cuisine 1 abribus.jpg
2313.0,BUT,2022.0,2221922202.0,2221922202 BUT cuisine 1 abribus,DISTRIBUTION,DISTRIBUTION SPECIALISEE,6.0,Service,Orange,Présente,Claim,-,-,-,-,-,Fort,Descriptif,Minuscule gras,Moyen,Moyen,Non,Français,Très contrasté,Haut gauche,0.87,Promotion indiquée,Elevée (plus de 6),C:\Users\aittayeb\Desktop\Projet_memoir\Visuale\2221922202 BUT cuisine 1 abribus.jpg
2311.0,FREE TELECOM,2022.0,2221922203.0,2221922203 FREE-si-vite-abribus,TELECOMMUNICATIONS,OPERATEURS TELECOMMUNIC.,2.0,Branding,Rouge,Dominante,Claim,-,-,-,-,-,Fort,Humoristique,Majuscule gras,Moyen,Peu,Non,Français,Très contrasté,Haut milieu,0.92,Aucun,Moyen (4-5),C:\Users\aittayeb\Desktop\Projet_memoir\Visuale\2221922203 FREE-si-vite-abribus.jpg
2311.0,FREE TELECOM,2022.0,2221922203.0,2221922203 FREE-si-vite-abribus,TELECOMMUNICATIONS,OPERATEURS TELECOMMUNIC.,2.0,Branding,Rouge,Dominante,Claim,-,-,-,-,-,Fort,Humoristique,Majuscule gras,Moyen,Peu,Non,Français,Très contrasté,Bas gauche,0.92,Aucun,Moyen (4-5),C:\Users\aittayeb\Desktop\Projet_memoir\Visuale\2221922203 FREE-si-vite-abribus.jpg
2309.0,KFC,2022.0,2221912201.0,2221912201 KFC,RESTAURATION,RESTAURATION RAPIDE,1.0,Branding,Rouge,Dominante,Personnage,Personne seule,-,-,Femme,Jeune adulte,Faible,Descriptif,-,Petit,Peu,Non,Français,Pas contrasté,Dans le corps du visuel,0.86,Aucun,Faible (3 éléments),C:\Users\aittayeb\Desktop\Projet_memoir\Visuale\2221912201 KFC.jpg
2307.0,GAN,2022.0,2221902201.0,2221902201 GAN-nanterre,ETS_FINANCIERS_ASSURANCES,ASSUREURS,3.0,Branding,Bleu,Non ,Personnage,Plusieurs personnes,-,-,Les 2,Adulte,Moyen ,Explicatif/Narratif,Majuscule gras,Petit,Peu,Non,Français,Un peu contrasté,Bas gauche,0.61,Aucun,Faible (3 éléments),C:\Users\aittayeb\Desktop\Projet_memoir\Visuale\2221902201 GAN-nanterre.jpg
2307.0,GAN,2022.0,2221902201.0,2221902201 GAN-nanterre,ETS_FINANCIERS_ASSURANCES,ASSUREURS,3.0,Branding,Bleu,Non ,Personnage,Personne seule,-,-,Homme,Adulte,Moyen ,Explicatif/Narratif,Majuscule gras,Petit,Peu,Non,Français,Un peu contrasté,Bas gauche,0.61,Aucun,Faible (3 éléments),C:\Users\aittayeb\Desktop\Projet_memoir\Visuale\2221902201 GAN-nanterre.jpg
2307.0,GAN,2022.0,2221902201.0,2221902201 GAN-nanterre,ETS_FINANCIERS_ASSURANCES,ASSUREURS,3.0,Branding,Bleu,Non ,Personnage,Personne seule,-,-,Homme,Adulte,Moyen ,Explicatif/Narratif,Majuscule gras,Petit,Peu,Non,Français,Un peu contrasté,Bas gauche,0.61,Aucun,Faible (3 éléments),C:\Users\aittayeb\Desktop\Projet_memoir\Visuale\2221902201 GAN-nanterre.jpg
2308.0,GRAND OPTICAL,2022.0,2221902208.0,2221902208 GRAND-OPTICAL-enfant-abribus,SANTE,MATERIEL MEDICAL,6.0,Branding,Noir,Non ,Personnage,Personne seule,-,-,Homme,Enfant,Faible,Humoristique,Minuscule sans gras ,Moyen,Peu,Non,Français,Pas contrasté,Bas droit,0.68,Aucun,Faible (3 éléments),C:\Users\aittayeb\Desktop\Projet_memoir\Visuale\2221902208 GRAND-OPTICAL-enfant-abribus.jpg
2308.0,GRAND OPTICAL,2022.0,2221902208.0,2221902208 GRAND-OPTICAL-enfant-paysage,SANTE,MATERIEL MEDICAL,6.0,Branding,Noir,Non ,Personnage,Personne seule,-,-,Homme,Enfant,Faible,Humoristique,Minuscule sans gras ,Moyen,Peu,Non,Français,Pas contrasté,Bas droit,0.68,Aucun,Faible (3 éléments),C:\Users\aittayeb\Desktop\Projet_memoir\Visuale\2221902208 GRAND-OPTICAL-enfant-paysage.jpg
2308.0,GRAND OPTICAL,2022.0,2221902208.0,2221902208 GRAND-OPTICAL-femme-abribus,SANTE,MATERIEL MEDICAL,6.0,Branding,Noir,Non ,Personnage,Personne seule,-,-,Femme,Adulte,Faible,Humoristique,Minuscule sans gras ,Moyen,Peu,Non,Français,Pas contrasté,Bas droit,0.68,Aucun,Faible (3 éléments),C:\Users\aittayeb\Desktop\Projet_memoir\Visuale\2221902208 GRAND-OPTICAL-femme-abribus.jpg
2308.0,GRAND OPTICAL,2022.0,2221902208.0,2221902208 GRAND-OPTICAL-femme-paysage,SANTE,MATERIEL MEDICAL,6.0,Branding,Noir,Non ,Personnage,Personne seule,-,-,Femme,Adulte,Faible,Humoristique,Minuscule sans gras ,Moyen,Peu,Non,Français,Pas contrasté,Bas droit,0.68,Aucun,Faible (3 éléments),C:\Users\aittayeb\Desktop\Projet_memoir\Visuale\2221902208 GRAND-OPTICAL-femme-paysage.jpg
2308.0,GRAND OPTICAL,2022.0,2221902208.0,2221902208 GRAND-OPTICAL-homme-abribus,SANTE,MATERIEL MEDICAL,6.0,Offre,Noir,Non ,Personnage,Personne seule,-,-,Homme,Enfant,Faible,Humoristique,Minuscule sans gras ,Moyen,Peu,Non,Français,Pas contrasté,Bas droit,0.68,Promotion indiquée,Faible (3 éléments),C:\Users\aittayeb\Desktop\Projet_memoir\Visuale\2221902208 GRAND-OPTICAL-homme-abribus.jpg
2308.0,GRAND OPTICAL,2022.0,2221902208.0,2221902208 GRAND-OPTICAL-homme-paysage,SANTE,MATERIEL MEDICAL,6.0,Offre,Noir,Non ,Personnage,Personne seule,-,-,Homme,Enfant,Faible,Humoristique,Minuscule sans gras ,Moyen,Peu,Non,Français,Pas contrasté,Bas droit,0.68,Promotion indiquée,Faible (3 éléments),C:\Users\aittayeb\Desktop\Projet_memoir\Visuale\2221902208 GRAND-OPTICAL-homme-paysage.jpg
2319.0,DISNEY+,2022.0,2221882201.0,2221882201 PARALLELES----OOH---2m-(1),INFORMATION_MEDIA,CHAINES TV/ RADIO,1.0,Produit,Bleu,Présente,Claim,Amis,-,-,Les 2,Adolescent,Faible,Descriptif,Majuscule gras,Petit,Moyen,Non,Français,Pas contrasté,Bas droit,0.69,Aucun,Moyen (4-5),C:\Users\aittayeb\Desktop\Projet_memoir\Visuale\2221882201 PARALLELES----OOH---2m-(1).jpg
2305.0,LES 2 VACHES,2022.0,2221882203.0,2221882203 Lait-2-vaches-1,ALIMENTATION,PRODUITS LAITIERS,3.0,Produit,Vert,Non ,Claim,Mascotte,-,-,-,-,Fort,Humoristique,Majuscule gras,Petit,Moyen,Non,,Un peu contrasté,Bas droit,-,Aucun,Faible (3 éléments),C:\Users\aittayeb\Desktop\Projet_memoir\Visuale\2221882203 Lait-2-vaches-1.jpg
2305.0,LES 2 VACHES,2022.0,2221882203.0,2221882203 Lait-2-vaches-1,ALIMENTATION,PRODUITS LAITIERS,3.0,Produit,Vert,Non ,Claim,Mascotte,-,-,-,-,Fort,Humoristique,Majuscule gras,Petit,Moyen,Non,Anglais,Un peu contrasté,Bas droit,-,Aucun,Faible (3 éléments),C:\Users\aittayeb\Desktop\Projet_memoir\Visuale\2221882203 Lait-2-vaches-1.jpg
2305.0,LES 2 VACHES,2022.0,2221882203.0,2221882203 Lait-2-vaches-2,ALIMENTATION,PRODUITS LAITIERS,3.0,Produit,Vert,Non ,Claim,Mascotte,-,-,-,-,Fort,Humoristique,Majuscule gras,Petit,Moyen,Non,Français,Un peu contrasté,Bas droit,-,Aucun,Faible (3 éléments),C:\Users\aittayeb\Desktop\Projet_memoir\Visuale\2221882203 Lait-2-vaches-2.jpg
2304.0,DISNEYLAND,2022.0,2221862201.0,2221862201 DISNEYLAND-fille-bleu-abribus,TOURISME,PARCS ET LOISIRS,6.0,Branding,Bleu,Non ,Personnage,Personne seule,,,Femme,Enfant,Faible,Explicatif/Narratif,Majuscule gras,Petit,Peu,Non,Français,Un peu contrasté,Bas droit,0.94,Aucun,Faible (3 éléments),C:\Users\aittayeb\Desktop\Projet_memoir\Visuale\2221862201 DISNEYLAND-fille-bleu-abribus.jpg
2304.0,DISNEYLAND,2022.0,2221862201.0,2221862201 DISNEYLAND-fille-bleu-paysage,TOURISME,PARCS ET LOISIRS,6.0,Branding,Bleu,Non ,Personnage,Personne seule,,,Femme,Enfant,Faible,Explicatif/Narratif,Majuscule gras,Petit,Peu,Non,Français,Un peu contrasté,Bas droit,0.94,Aucun,Faible (3 éléments),C:\Users\aittayeb\Desktop\Projet_memoir\Visuale\2221862201 DISNEYLAND-fille-bleu-paysage.jpg
2304.0,DISNEYLAND,2022.0,2221862201.0,2221862201 DISNEYLAND-fille-rouge-abribus,TOURISME,PARCS ET LOISIRS,6.0,Branding,Rose,Non ,Personnage,Personne seule,,,Femme,Enfant,Faible,Explicatif/Narratif,Majuscule gras,Petit,Peu,Non,Français,Un peu contrasté,Bas droit,0.94,Aucun,Faible (3 éléments),C:\Users\aittayeb\Desktop\Projet_memoir\Visuale\2221862201 DISNEYLAND-fille-rouge-abribus.jpg
2304.0,DISNEYLAND,2022.0,2221862201.0,2221862201 DISNEYLAND-fille-rouge-paysage,TOURISME,PARCS ET LOISIRS,6.0,Branding,Rose,Non ,Personnage,Personne seule,,,Femme,Enfant,Faible,Explicatif/Narratif,Majuscule gras,Petit,Peu,Non,Français,Un peu contrasté,Bas droit,0.94,Aucun,Faible (3 éléments),C:\Users\aittayeb\Desktop\Projet_memoir\Visuale\2221862201 DISNEYLAND-fille-rouge-paysage.jpg
2304.0,DISNEYLAND,2022.0,2221862201.0,2221862201 DISNEYLAND-garçon-rouge-abribus,TOURISME,PARCS ET LOISIRS,6.0,Branding,Rouge,Non ,Personnage,Personne seule,,,Homme,Enfant,Faible,Explicatif/Narratif,Majuscule gras,Petit,Peu,Non,Français,Un peu contrasté,Bas droit,0.94,Aucun,Faible (3 éléments),C:\Users\aittayeb\Desktop\Projet_memoir\Visuale\2221862201 DISNEYLAND-garçon-rouge-abribus.jpg
2304.0,DISNEYLAND,2022.0,2221862201.0,2221862201 DISNEYLAND-garçon-rouge-paysage,TOURISME,PARCS ET LOISIRS,6.0,Branding,Rouge,Non ,Personnage,Personne seule,,,Homme,Enfant,Faible,Explicatif/Narratif,Majuscule gras,Petit,Peu,Non,Français,Un peu contrasté,Bas droit,0.94,Aucun,Faible (3 éléments),C:\Users\aittayeb\Desktop\Projet_memoir\Visuale\2221862201 DISNEYLAND-garçon-rouge-paysage.jpg
2303.0,CENTER PARCS,2022.0,2221862202.0,2221862202 CENTER-PARC-canoe,TOURISME,HOTELLERIE,3.0,Branding,Rouge,Non ,Personnage,Famille,,,Les 2,Multi générationnel,Faible,Explicatif/Narratif,Minuscule gras,Moyen,Peu,Non,Français,Un peu contrasté,Bas milieu,0.77,Aucun,Faible (3 éléments),C:\Users\aittayeb\Desktop\Projet_memoir\Visuale\2221862202 CENTER-PARC-canoe.jpg
2303.0,CENTER PARCS,2022.0,2221862202.0,2221862202 CENTER-PARC-nageur,TOURISME,HOTELLERIE,3.0,Branding,Beige,Non ,Personnage,Famille,,,Les 2,Multi générationnel,Faible,Explicatif/Narratif,Minuscule gras,Moyen,Peu,Non,Français,Pas contrasté,Bas milieu,0.77,Aucun,Faible (3 éléments),C:\Users\aittayeb\Desktop\Projet_memoir\Visuale\2221862202 CENTER-PARC-nageur.jpg
2303.0,CENTER PARCS,2022.0,2221862202.0,2221862202 CENTER-PARC-nuit,TOURISME,HOTELLERIE,3.0,Branding,Rouge,Non ,Personnage,Famille,,,Les 2,Multi générationnel,Faible,Explicatif/Narratif,Minuscule gras,Moyen,Peu,Non,Français,Pas contrasté,Bas milieu,0.77,Aucun,Faible (3 éléments),C:\Users\aittayeb\Desktop\Projet_memoir\Visuale\2221862202 CENTER-PARC-nuit.jpg
2302.0,GALERIES LAFAYATTE,2022.0,2221862203.0,2221862203 GALERIES-LAFAYETTE-bleu,DISTRIBUTION,GRANDS MAGASINS,2.0,Branding,Noir,Non ,Personnage,Personne seule,,,-,-,Moyen ,Explicatif/Narratif,Majuscule gras,Grand,Moyen,Non,Français,Un peu contrasté,Bas milieu,0.77,Aucun,Faible (3 éléments),C:\Users\aittayeb\Desktop\Projet_memoir\Visuale\2221862203 GALERIES-LAFAYETTE-bleu.jpg
2302.0,GALERIES LAFAYATTE,2022.0,2221862203.0,2221862203 GALERIES-LAFAYETTE-bleu,DISTRIBUTION,GRANDS MAGASINS,2.0,Branding,Noir,Non ,Personnage,Plusieurs personnes,,,Les 2,Jeune adulte,Moyen ,Explicatif/Narratif,Majuscule gras,Grand,Moyen,Non,Français,Un peu contrasté,Bas milieu,0.77,Aucun,Faible (3 éléments),C:\Users\aittayeb\Desktop\Projet_memoir\Visuale\2221862203 GALERIES-LAFAYETTE-bleu.jpg
2301.0,JCDECAUX,2022.0,2221842202.0,2221842202 JCDECAUX entreprise entreprend,INFORMATION_MEDIA,REGIES,6.0,Recrutement,Bleu,Non ,Claim,Personne seule,,,Homme,Jeune adulte,Fort,Explicatif/Narratif,Majuscule gras,Petit,Peu,Non,Français,Un peu contrasté,Bas milieu,-,Aucun,Moyen (4-5),C:\Users\aittayeb\Desktop\Projet_memoir\Visuale\2221842202 JCDECAUX entreprise entreprend.jpg
2301.0,JCDECAUX,2022.0,2221842202.0,2221842202 JCDECAUX entreprise proche,INFORMATION_MEDIA,REGIES,6.0,Recrutement,Bleu,Non ,Claim,Personne seule,,,Femme,Jeune adulte,Fort,Explicatif/Narratif,Majuscule gras,Petit,Peu,Non,Français,Un peu contrasté,Bas milieu,-,Aucun,Moyen (4-5),C:\Users\aittayeb\Desktop\Projet_memoir\Visuale\2221842202 JCDECAUX entreprise proche.jpg
2301.0,JCDECAUX,2022.0,2221842202.0,2221842202 JCDECAUX métier d'avenir,INFORMATION_MEDIA,REGIES,6.0,Recrutement,Bleu,Non ,Claim,Personne seule,,,Femme,Jeune adulte,Fort,Explicatif/Narratif,Majuscule gras,Petit,Peu,Non,Français,Un peu contrasté,Bas milieu,-,Aucun,Moyen (4-5),C:\Users\aittayeb\Desktop\Projet_memoir\Visuale\2221842202 JCDECAUX métier d'avenir.jpg
2301.0,JCDECAUX,2022.0,2221842202.0,2221842202 JCDECAUX métier de demain,INFORMATION_MEDIA,REGIES,6.0,Recrutement,Rouge,Non ,Claim,Personne seule,,,Homme,Jeune adulte,Fort,Explicatif/Narratif,Majuscule gras,Petit,Peu,Non,Français,Un peu contrasté,Bas milieu,-,Aucun,Moyen (4-5),C:\Users\aittayeb\Desktop\Projet_memoir\Visuale\2221842202 JCDECAUX métier de demain.jpg
2301.0,JCDECAUX,2022.0,2221842202.0,2221842202 JCDECAUX métier utile femme,INFORMATION_MEDIA,REGIES,6.0,Recrutement,Orange,Non ,Claim,Personne seule,,,Femme,Jeune adulte,Fort,Explicatif/Narratif,Majuscule gras,Petit,Peu,Non,Français,Un peu contrasté,Bas milieu,-,Aucun,Moyen (4-5),C:\Users\aittayeb\Desktop\Projet_memoir\Visuale\2221842202 JCDECAUX métier utile femme.jpg
2301.0,JCDECAUX,2022.0,2221842202.0,2221842202 JCDECAUX métier utile homme,INFORMATION_MEDIA,REGIES,6.0,Recrutement,Bleu,Non ,Claim,Personne seule,,,Homme,Adulte,Fort,Explicatif/Narratif,Majuscule gras,Petit,Peu,Non,Français,Un peu contrasté,Bas milieu,-,Aucun,Moyen (4-5),C:\Users\aittayeb\Desktop\Projet_memoir\Visuale\2221842202 JCDECAUX métier utile homme.jpg
2343.0,VOLVO,2022.0,2221832201.0,2221832201 VOLVO,AUTOMOBILE_TRANSPORT,AUTOMOBILES POIDS LOURDS,1.0,Produit,Bleu,Non ,Produit/Service,-,,,-,-,Fort,Descriptif,Majuscule gras,Petit,Moyen,Non,Français,Pas contrasté,Haut milieu,0.83,Prix indiqué,Moyen (4-5),C:\Users\aittayeb\Desktop\Projet_memoir\Visuale\2221832201 VOLVO.jpg
2635.0,CAISSE D'EPARGNE,2022.0,2221832202.0,2221832202 CAISSE-D'EPARGNE,ETS_FINANCIERS_ASSURANCES,BANQUES DE DETAIL,1.0,Service,Beige,Non ,Personnage,Famille,,,Les 2,Multi générationnel,Fort,Descriptif,Minuscule gras,Petit,Peu,Non,Français,Un peu contrasté,Bas droit,0.88,Aucun,Moyen (4-5),C:\Users\aittayeb\Desktop\Projet_memoir\Visuale\2221832202 CAISSE-D'EPARGNE.jpg
2297.0,HAIG CLUB,2022.0,2221772201.0,2221772201 HAIG-lemonade,BOISSONS,BOISSONS ALCOOLISEES,3.0,Produit,Bleu,Présente,Produit/Service,-,,,-,-,Fort,Humoristique,Majuscule gras,Petit,Moyen,Non,Anglais,Très contrasté,Haut milieu,-,Aucun,Moyen (4-5),C:\Users\aittayeb\Desktop\Projet_memoir\Visuale\2221772201 HAIG-lemonade.jpg
2297.0,HAIG CLUB,2022.0,2221772201.0,2221772201 HAIG-negroni,BOISSONS,BOISSONS ALCOOLISEES,3.0,Produit,Bleu,Présente,Produit/Service,-,,,-,-,Fort,Humoristique,Majuscule gras,Petit,Moyen,Non,Anglais,Très contrasté,Haut milieu,-,Aucun,Moyen (4-5),C:\Users\aittayeb\Desktop\Projet_memoir\Visuale\2221772201 HAIG-negroni.jpg
2297.0,HAIG CLUB,2022.0,2221772201.0,2221772201 HAIG-sour,BOISSONS,BOISSONS ALCOOLISEES,3.0,Produit,Bleu,Présente,Produit/Service,-,,,-,-,Fort,Humoristique,Majuscule gras,Petit,Moyen,Non,Anglais,Très contrasté,Haut milieu,-,Aucun,Moyen (4-5),C:\Users\aittayeb\Desktop\Projet_memoir\Visuale\2221772201 HAIG-sour.jpg
2339.0,FREE TELECOM,2022.0,2221772211.0,"2221772211 R_118,5x175_Free.p1",TELECOMMUNICATIONS,OPERATEURS TELECOMMUNIC.,2.0,Offre,Blanc,Non ,Produit/Service,Personne seule,,,Femme,Jeune adulte,Fort,Descriptif,Minuscule gras,Moyen,Peu,Non,Français,Très contrasté,Haut milieu,0.92,Promotion indiquée,Moyen (4-5),"C:\Users\aittayeb\Desktop\Projet_memoir\Visuale\2221772211 R_118,5x175_Free.p1.jpg"
2339.0,FREE TELECOM,2022.0,2221772211.0,2221772211 R_320x240_Free.p1,TELECOMMUNICATIONS,OPERATEURS TELECOMMUNIC.,2.0,Offre,Blanc,Non ,Produit/Service,Personne seule,,,Femme,Jeune adulte,Fort,Descriptif,Minuscule gras,Moyen,Peu,Non,Français,Très contrasté,Haut milieu,0.92,Promotion indiquée,Moyen (4-5),C:\Users\aittayeb\Desktop\Projet_memoir\Visuale\2221772211 R_320x240_Free.p1.jpg
2366.0,L'OREAL PARIS,2022.0,2221822207.0,2221822207 L'OREAL-DEF,HYGIENE_BEAUTE,PRODUITS DE SOINS,1.0,Produit,Noir,Non ,Personnage,Célébrité,Sur d'autres marques,1ère utilisation ,Femme,Adulte,Moyen ,Descriptif,Majuscule gras,Grand,Beaucoup,Non,Aucun claim,Un peu contrasté,Bas milieu,0.86,Aucun,Faible (3 éléments),C:\Users\aittayeb\Desktop\Projet_memoir\Visuale\2221822207 L'OREAL-DEF.jpg
2406.0,LIDL,2022.0,2222512201.0,2222512201 LIDL-deluxe-page-001,DISTRIBUTION,DISTRIBUTION GENERALISTE,2.0,Offre,Vert,Non ,Promotion,-,,,-,-,Moyen ,Explicatif/Narratif,Majuscule gras,Petit,Moyen,Non,Français,Un peu contrasté,Bas droit,0.94,Prix indiqué,Moyen (4-5),C:\Users\aittayeb\Desktop\Projet_memoir\Visuale\2222512201 LIDL-deluxe-page-001.jpg
2406.0,LIDL,2022.0,2222512201.0,2222512201 LIDL-favorina-page-001,DISTRIBUTION,DISTRIBUTION GENERALISTE,2.0,Offre,Noir,Non ,Promotion,-,,,-,-,Moyen ,Explicatif/Narratif,Majuscule gras,Petit,Moyen,Non,Français,Un peu contrasté,Bas droit,0.94,Prix indiqué,Moyen (4-5),C:\Users\aittayeb\Desktop\Projet_memoir\Visuale\2222512201 LIDL-favorina-page-001.jpg
2616.0,ARTE,2022.0,2222512202.0,2222512202 ARTE,INFORMATION_MEDIA,CHAINES TV/ RADIO,1.0,Branding,Blanc,Non ,Claim,Personne seule,,,Femme,Jeune adulte,Moyen ,Humoristique,Majuscule gras,Grand,Peu,Oui,Français,Pas contrasté,Bas milieu,0.81,Aucun,Faible (3 éléments),C:\Users\aittayeb\Desktop\Projet_memoir\Visuale\2222512202 ARTE.jpg
2662.0,MOET & CHANDON,2022.0,2222512203.0,2222512203 MOET&CHANDON-feuille,BOISSONS,BOISSONS ALCOOLISEES,3.0,Produit,Noir,Non ,Produit/Service,-,,,-,-,Faible,-,Majuscule gras,Grand,Beaucoup,Non,Aucun claim,Un peu contrasté,Bas milieu,0.67,Aucun,Faible (3 éléments),C:\Users\aittayeb\Desktop\Projet_memoir\Visuale\2222512203 MOET&CHANDON-feuille.jpg
2662.0,MOET & CHANDON,2022.0,2222512203.0,2222512203 MOET&CHANDON-feuille,BOISSONS,BOISSONS ALCOOLISEES,3.0,Produit,Noir,Non ,Produit/Service,-,,,-,-,Faible,-,Majuscule gras,Grand,Beaucoup,Non,Aucun claim,Un peu contrasté,Bas milieu,0.67,Aucun,Faible (3 éléments),C:\Users\aittayeb\Desktop\Projet_memoir\Visuale\2222512203 MOET&CHANDON-feuille.jpg
2662.0,MOET & CHANDON,2022.0,2222512203.0,2222512203 MOET&CHANDON-feuille,BOISSONS,BOISSONS ALCOOLISEES,3.0,Produit,Noir,Non ,Produit/Service,-,,,-,-,Faible,-,Majuscule gras,Grand,Beaucoup,Non,Aucun claim,Un peu contrasté,Bas milieu,0.67,Aucun,Faible (3 éléments),C:\Users\aittayeb\Desktop\Projet_memoir\Visuale\2222512203 MOET&CHANDON-feuille.jpg
2405.0,THE KOOPLES ,2022.0,2222512204.0,2222512204 THE-KOOPLES-black-en-blouson,MODE_ET_ACCESSOIRES,PRÊT A PORTER COUTURE,5.0,Branding,Gris,Non ,Personnage,Personne seule,,,Homme,Jeune adulte,Inexistant,-,-,Moyen,Moyen,Non,Aucun claim,Un peu contrasté,Dans le corps du visuel,0.31,Aucun,Faible (3 éléments),C:\Users\aittayeb\Desktop\Projet_memoir\Visuale\2222512204 THE-KOOPLES-black-en-blouson.jpg
2405.0,THE KOOPLES ,2022.0,2222512204.0,2222512204 THE-KOOPLES-blonde-en-robe,MODE_ET_ACCESSOIRES,PRÊT A PORTER COUTURE,5.0,Branding,Gris,Non ,Personnage,Personne seule,,,Femme,Jeune adulte,Inexistant,-,-,Moyen,Moyen,Non,Aucun claim,Un peu contrasté,Dans le corps du visuel,0.31,Aucun,Faible (3 éléments),C:\Users\aittayeb\Desktop\Projet_memoir\Visuale\2222512204 THE-KOOPLES-blonde-en-robe.jpg
2405.0,THE KOOPLES ,2022.0,2222512204.0,2222512204 THE-KOOPLES-blonde-en-veste,MODE_ET_ACCESSOIRES,PRÊT A PORTER COUTURE,5.0,Branding,Gris,Non ,Personnage,Personne seule,,,Femme,Jeune adulte,Inexistant,-,-,Moyen,Moyen,Non,Aucun claim,Un peu contrasté,Dans le corps du visuel,0.31,Aucun,Faible (3 éléments),C:\Users\aittayeb\Desktop\Projet_memoir\Visuale\2222512204 THE-KOOPLES-blonde-en-veste.jpg
2403.0,BELL & ROSS,2022.0,2222512205.0,2222512205 BELL&ROSS-cadran-bleu_page-0001,MODE_ET_ACCESSOIRES,HORLOGERIE BIJOUTERIE,4.0,Produit,Blanc,Non ,Produit/Service,-,,,-,-,Faible,Descriptif,Majuscule gras,Moyen,Moyen,Non,Anglais,Un peu contrasté,Dans le corps du visuel,-,Aucun,Faible (3 éléments),C:\Users\aittayeb\Desktop\Projet_memoir\Visuale\2222512205 BELL&ROSS-cadran-bleu_page-0001.jpg
2403.0,BELL & ROSS,2022.0,2222512205.0,2222512205 BELL&ROSS-cadran-noir_page-0001,MODE_ET_ACCESSOIRES,HORLOGERIE BIJOUTERIE,4.0,Produit,Blanc,Non ,Produit/Service,-,,,-,-,Faible,Descriptif,Majuscule gras,Moyen,Moyen,Non,Anglais,Un peu contrasté,Dans le corps du visuel,-,Aucun,Faible (3 éléments),C:\Users\aittayeb\Desktop\Projet_memoir\Visuale\2222512205 BELL&ROSS-cadran-noir_page-0001.jpg
2408.0,CARTIER,2022.0,2222492201.0,2222492201 P0388512_CARTIER_EOY_BUS_SHELTER_FRA_1185x1750mm_V5,MODE_ET_ACCESSOIRES,HORLOGERIE BIJOUTERIE,6.0,Produit,Rouge,Non ,Claim,-,,,-,-,Moyen ,,,Moyen,,Non,Aucun claim,Un peu contrasté,Haut milieu,0.8,Aucun,Faible (3 éléments),C:\Users\aittayeb\Desktop\Projet_memoir\Visuale\2222492201 P0388512_CARTIER_EOY_BUS_SHELTER_FRA_1185x1750mm_V5.jpg
2408.0,CARTIER,2022.0,2222492201.0,2222492201 P0388513_CARTIER_EOY_TANK_BUS_SHELTER_FRA_1185x1750mm,MODE_ET_ACCESSOIRES,HORLOGERIE BIJOUTERIE,6.0,Produit,Beige,Non ,Produit/Service,-,,,-,-,Inexistant,-,-,Moyen,Moyen,Non,Aucun claim,Un peu contrasté,Haut milieu,0.8,Aucun,Faible (3 éléments),C:\Users\aittayeb\Desktop\Projet_memoir\Visuale\2222492201 P0388513_CARTIER_EOY_TANK_BUS_SHELTER_FRA_1185x1750mm.jpg
2408.0,CARTIER,2022.0,2222492201.0,2222492201 P0388514_CARTIER_EOY_PANTHERE_BUS_SHELTER_FRA_1185x1750mm,MODE_ET_ACCESSOIRES,HORLOGERIE BIJOUTERIE,6.0,Produit,Rouge,Non ,Produit/Service,-,,,-,-,Inexistant,-,-,Moyen,Peu,Non,Aucun claim,Un peu contrasté,Haut milieu,0.8,Aucun,Faible (3 éléments),C:\Users\aittayeb\Desktop\Projet_memoir\Visuale\2222492201 P0388514_CARTIER_EOY_PANTHERE_BUS_SHELTER_FRA_1185x1750mm.jpg
2408.0,CARTIER,2022.0,2222492201.0,2222492201 P0388515_CARTIER_EOY_JUC_BUS_SHELTER_FRA_1185x1750mm_V4,MODE_ET_ACCESSOIRES,HORLOGERIE BIJOUTERIE,6.0,Produit,Rouge,Non ,Claim,-,,,-,-,Moyen ,Explicatif/Narratif,Minuscule sans gras ,Moyen,Moyen,Non,Aucun claim,Un peu contrasté,Haut milieu,0.8,Aucun,Faible (3 éléments),C:\Users\aittayeb\Desktop\Projet_memoir\Visuale\2222492201 P0388515_CARTIER_EOY_JUC_BUS_SHELTER_FRA_1185x1750mm_V4.jpg
2408.0,CARTIER,2022.0,2222492201.0,2222492201 P0388516_CARTIER_EOY_SANTOS_BUS_SHELTER_FRA_1185x1750mm,MODE_ET_ACCESSOIRES,HORLOGERIE BIJOUTERIE,6.0,Produit,Beige,Non ,Produit/Service,-,,,-,-,Inexistant,-,-,Moyen,Moyen,Non,Aucun claim,Pas contrasté,Haut milieu,0.8,Aucun,Faible (3 éléments),C:\Users\aittayeb\Desktop\Projet_memoir\Visuale\2222492201 P0388516_CARTIER_EOY_SANTOS_BUS_SHELTER_FRA_1185x1750mm.jpg
2408.0,CARTIER,2022.0,2222492201.0,2222492201 P0388517_CARTIER_EOY_JUC_KIOSK_FRA_1690x1240mm_V4,MODE_ET_ACCESSOIRES,HORLOGERIE BIJOUTERIE,6.0,Produit,Rouge,Non ,Produit/Service,-,,,-,-,Inexistant,-,-,Moyen,Peu,Non,Aucun claim,Un peu contrasté,Dans le corps du visuel,0.8,Aucun,Faible (3 éléments),C:\Users\aittayeb\Desktop\Projet_memoir\Visuale\2222492201 P0388517_CARTIER_EOY_JUC_KIOSK_FRA_1690x1240mm_V4.jpg
2611.0,ETAM,2022.0,2222492202.0,"2222492202 071122_ETAM_XMAS22_DECAUX_118,5X175_V4_001_39L_UHD-RCS-OK",MODE_ET_ACCESSOIRES,LINGERIE ET BALNEAIRE,2.0,Branding,Blanc,Non ,Personnage,Personne seule,,,Femme,Jeune adulte,Faible,Explicatif/Narratif,Majuscule gras,Grand,Peu,Non,Français,Très contrasté,Haut milieu,0.77,Aucun,Faible (3 éléments),"C:\Users\aittayeb\Desktop\Projet_memoir\Visuale\2222492202 071122_ETAM_XMAS22_DECAUX_118,5X175_V4_001_39L_UHD-RCS-OK.jpg"
2611.0,ETAM,2022.0,2222492202.0,"2222492202 071122_ETAM_XMAS22_DECAUX_118,5X175_V4_002_39L_UHD-RCS-OK",MODE_ET_ACCESSOIRES,LINGERIE ET BALNEAIRE,2.0,Branding,Blanc,Non ,Personnage,Personne seule,,,Femme,Jeune adulte,Faible,Explicatif/Narratif,Majuscule gras,Grand,Peu,Non,Français,Très contrasté,Haut milieu,0.77,Aucun,Faible (3 éléments),"C:\Users\aittayeb\Desktop\Projet_memoir\Visuale\2222492202 071122_ETAM_XMAS22_DECAUX_118,5X175_V4_002_39L_UHD-RCS-OK.jpg"
2615.0,GIORGIO ARMANI,2022.0,2222492204.0,2222492204 GA_SI_XMAS22_SI-EDP_JCD_1160x1700_1185x1750_FR,HYGIENE_BEAUTE,PARFUMS,2.0,Produit,Noir,Non ,Personnage,Célébrité,Uniquement pour la marque,Déjà utilisée,Femme,Adulte,Faible,Descriptif,Minuscule gras,Grand,Moyen,Non,Aucun claim,Un peu contrasté,Haut milieu,-,Aucun,Faible (3 éléments),C:\Users\aittayeb\Desktop\Projet_memoir\Visuale\2222492204 GA_SI_XMAS22_SI-EDP_JCD_1160x1700_1185x1750_FR.jpg
,ADIDAS,2022.0,2222452211.0,2222452211 CCF_MU_ADIDAS_01,MODE_ET_ACCESSOIRES,CHAUSSURES ET ACCESSOIRES,1.0,Branding,Blanc,Non ,Personnage,Célébrité,Sur d'autres marques,Déjà utilisée,Femme,Jeune adulte,Faible,Explicatif/Narratif,Majuscule gras,Petit,Beaucoup,Non,Autre,Un peu contrasté,Haut milieu,0.92,Aucun,Moyen (4-5),C:\Users\aittayeb\Desktop\Projet_memoir\Visuale\2222452211 CCF_MU_ADIDAS_01.jpg
2615.0,GIORGIO ARMANI,2022.0,2222492204.0,2222492204 GA-PRIVE_PIVOINE_JCD_1160x1700_1185x1750_FR_V3,HYGIENE_BEAUTE,PARFUMS,1.0,Produit,Noir,Non ,Produit/Service,Mascotte,,,-,-,Faible,Descriptif,Minuscule gras,Moyen,Moyen,Non,Aucun claim,Un peu contrasté,Haut milieu,-,Aucun,Faible (3 éléments),C:\Users\aittayeb\Desktop\Projet_memoir\Visuale\2222492204 GA-PRIVE_PIVOINE_JCD_1160x1700_1185x1750_FR_V3.jpg
2409.0,LIERAC,2022.0,2222482215.0,2222482215 LIERAC,HYGIENE_BEAUTE,PRODUITS DE SOINS PHARMACEUTIQUES,1.0,Produit,Blanc,Non ,Produit/Service,-,,,-,-,Moyen ,Explicatif/Narratif,Majuscule gras,Grand,Moyen,Non,Français,Pas contrasté,Bas milieu,0.33,Aucun,Moyen (4-5),C:\Users\aittayeb\Desktop\Projet_memoir\Visuale\2222482215 LIERAC.jpg
2661.0,DISNEY,2022.0,2222462201.0,2222462201 00000---2m2_JC-DECAUX_ABRIBUS_DISNEY_Xmas_2022-23,TOURISME,PARCS ET LOISIRS,2.0,Branding,Bleu,Non ,Claim,-,,,-,-,Faible,Explicatif/Narratif,Majuscule gras,Petit,Moyen,Non,Français,Pas contrasté,Bas milieu,0.94,Aucun,Faible (3 éléments),C:\Users\aittayeb\Desktop\Projet_memoir\Visuale\2222462201 00000---2m2_JC-DECAUX_ABRIBUS_DISNEY_Xmas_2022-23.jpg
2605.0,MCDONALD'S,2022.0,2222452201.0,2222452201 ABRIBUS-DRIVE-V1-A_120x176_QUESADILLA-MAC11536,RESTAURATION,RESTAURATION RAPIDE,3.0,Produit,Vert,Non ,Produit/Service,-,,,-,-,Faible,Descriptif,Minuscule sans gras ,Petit,Moyen,Oui,Français,Un peu contrasté,Haut droit,0.93,Aucun,Faible (3 éléments),C:\Users\aittayeb\Desktop\Projet_memoir\Visuale\2222452201 ABRIBUS-DRIVE-V1-A_120x176_QUESADILLA-MAC11536.jpg
2605.0,MCDONALD'S,2022.0,2222452201.0,2222452201 ABRIBUS-DRIVE-V2-B_120x176_QUESADILLA-MAC11536,RESTAURATION,RESTAURATION RAPIDE,3.0,Produit,Vert,Non ,Produit/Service,-,,,-,-,Faible,Descriptif,Minuscule sans gras ,Petit,Moyen,Oui,Français,Un peu contrasté,Haut droit,0.93,Aucun,Faible (3 éléments),C:\Users\aittayeb\Desktop\Projet_memoir\Visuale\2222452201 ABRIBUS-DRIVE-V2-B_120x176_QUESADILLA-MAC11536.jpg
,CREDIT MUTUEL,2022.0,2222452202.0,2222452202  0805_1_CRMU_2207170_CONTINENT_ABRIBUS_118.5x175mm_Ret_2707,ETS_FINANCIERS_ASSURANCES,BANQUES DE DETAIL,1.0,Offre,Blanc,Non ,Personnage,Personne seule,,,Femme,Jeune adulte,Fort,Explicatif/Narratif,Majuscule gras,Moyen,Peu,Non,Français,Très contrasté,Bas milieu,0.86,Promotion indiquée,Moyen (4-5),C:\Users\aittayeb\Desktop\Projet_memoir\Visuale\2222452202  0805_1_CRMU_2207170_CONTINENT_ABRIBUS_118.5x175mm_Ret_2707.jpg
2385.0,FREE TELECOM,2022.0,2222452204.0,"2222452204 118,5x175_FreeFlex.p1",TELECOMMUNICATIONS,OPERATEURS TELECOMMUNIC.,2.0,Offre,Blanc,Non ,Produit/Service,-,,,-,-,Fort,Explicatif/Narratif,Minuscule gras,Petit,Moyen,Non,Français,Pas contrasté,Haut milieu,0.92,Prix indiqué,Moyen (4-5),"C:\Users\aittayeb\Desktop\Projet_memoir\Visuale\2222452204 118,5x175_FreeFlex.p1.jpg"
2385.0,FREE TELECOM,2022.0,2222452204.0,2222452204 320x240cm_freeFlex-3.p1,TELECOMMUNICATIONS,OPERATEURS TELECOMMUNIC.,2.0,Offre,Blanc,Non ,Produit/Service,-,,,-,-,Fort,Explicatif/Narratif,Minuscule gras,Petit,Moyen,Non,Français,Pas contrasté,Haut milieu,0.92,Prix indiqué,Moyen (4-5),C:\Users\aittayeb\Desktop\Projet_memoir\Visuale\2222452204 320x240cm_freeFlex-3.p1.jpg
2411.0,SNCF,2022.0,2222452205.0,2222452205 IDF1_120X176-0922-UHD,TOURISME,VOYAGES TOURISME,5.0,Offre,Bleu,Non ,Personnage,Personne seule,,,Homme,Adulte,Moyen ,Humoristique,Majuscule gras,Petit,Moyen,Non,Français,Un peu contrasté,Bas droit,0.94,Prix indiqué,Moyen (4-5),C:\Users\aittayeb\Desktop\Projet_memoir\Visuale\2222452205 IDF1_120X176-0922-UHD.jpg
2411.0,SNCF,2022.0,2222452205.0,2222452205 IDF2_120X176-0922-UHD,TOURISME,VOYAGES TOURISME,5.0,Offre,Jaune,Non ,Personnage,Personne seule,,,Femme,Jeune adulte,Moyen ,Humoristique,Majuscule gras,Petit,Moyen,Non,Français,Un peu contrasté,Bas droit,0.94,Prix indiqué,Moyen (4-5),C:\Users\aittayeb\Desktop\Projet_memoir\Visuale\2222452205 IDF2_120X176-0922-UHD.jpg
2411.0,SNCF,2022.0,2222452205.0,2222452205 IDF3_120X176-0922-UHD,TOURISME,VOYAGES TOURISME,5.0,Offre,Bleu,Non ,Personnage,Couple,,,Les 2,Jeune adulte,Moyen ,Humoristique,Majuscule gras,Petit,Moyen,Non,Français,Un peu contrasté,Bas droit,0.94,Prix indiqué,Moyen (4-5),C:\Users\aittayeb\Desktop\Projet_memoir\Visuale\2222452205 IDF3_120X176-0922-UHD.jpg
2411.0,SNCF,2022.0,2222452205.0,2222452205 IDF4-120X176-0922-UHD-(1),TOURISME,VOYAGES TOURISME,5.0,Offre,Rose,Non ,Personnage,Personne seule,,,Femme,Jeune adulte,Moyen ,Humoristique,Majuscule gras,Petit,Moyen,Non,Français,Un peu contrasté,Bas droit,0.94,Prix indiqué,Moyen (4-5),C:\Users\aittayeb\Desktop\Projet_memoir\Visuale\2222452205 IDF4-120X176-0922-UHD-(1).jpg
2411.0,SNCF,2022.0,2222452205.0,2222452205 IDF5_120X176-0922-UHD,TOURISME,VOYAGES TOURISME,5.0,Offre,Bleu,Non ,Personnage,Personne seule,,,Homme,Jeune adulte,Moyen ,Humoristique,Majuscule gras,Petit,Moyen,Non,Français,Un peu contrasté,Bas droit,0.94,Prix indiqué,Moyen (4-5),C:\Users\aittayeb\Desktop\Projet_memoir\Visuale\2222452205 IDF5_120X176-0922-UHD.jpg
2412.0,LABEL 5,2022.0,2222452210.0,2222452210 LABEL5_FORMATS_ABRIBUS2_Page_1,BOISSONS,BOISSONS ALCOOLISEES,2.0,Produit,Marron,Non ,Produit/Service,-,,,-,-,Faible,Explicatif/Narratif,Minuscule gras,Grand,Moyen,Non,Aucun claim,Pas contrasté,Haut milieu,0.65,Aucun,Moyen (4-5),C:\Users\aittayeb\Desktop\Projet_memoir\Visuale\2222452210 LABEL5_FORMATS_ABRIBUS2_Page_1.jpg
2412.0,LABEL 5,2022.0,2222452210.0,2222452210 LABEL5_FORMATS_ABRIBUS2_Page_2,BOISSONS,BOISSONS ALCOOLISEES,2.0,Produit,Vert,Non ,Produit/Service,-,,,-,-,Faible,Explicatif/Narratif,Minuscule gras,Grand,Moyen,Non,Aucun claim,Un peu contrasté,Haut milieu,0.65,Aucun,Moyen (4-5),C:\Users\aittayeb\Desktop\Projet_memoir\Visuale\2222452210 LABEL5_FORMATS_ABRIBUS2_Page_2.jpg
2408.0,CARTIER,2022.0,2222422201.0,2222422201 P0354183_CARTIER_FRANCE_PANTHERE_GRAPHIQUE_1690_1240v4,MODE_ET_ACCESSOIRES,HORLOGERIE BIJOUTERIE,2.0,Produit,Blanc,Non ,Personnage,Célébrité,Sur d'autres marques,1ère utilisation ,Femme,Jeune adulte,Faible,Descriptif,Majuscule gras,Grand,Moyen,Non,Aucun claim,Pas contrasté,Haut gauche,0.8,Aucun,Faible (3 éléments),C:\Users\aittayeb\Desktop\Projet_memoir\Visuale\2222422201 P0354183_CARTIER_FRANCE_PANTHERE_GRAPHIQUE_1690_1240v4.jpg
2408.0,CARTIER,2022.0,2222422201.0,2222422201 S42-P0354182_CARTIER_FRANCE_PANTHERE_GRAPHIQUE_1185_1750.v4,MODE_ET_ACCESSOIRES,HORLOGERIE BIJOUTERIE,2.0,Produit,Blanc,Non ,Personnage,Célébrité,Sur d'autres marques,1ère utilisation ,Femme,Jeune adulte,Faible,Descriptif,Majuscule gras,Grand,Moyen,Non,Aucun claim,Pas contrasté,Haut gauche,0.8,Aucun,Faible (3 éléments),C:\Users\aittayeb\Desktop\Projet_memoir\Visuale\2222422201 S42-P0354182_CARTIER_FRANCE_PANTHERE_GRAPHIQUE_1185_1750.v4.jpg
2378.0,JURA,2022.0,2222452212.0,2222452212 KEYVI_JURA_FINAL_V1-bdef_page-0001,BOISSONS,BOISSONS ALCOOLISEES,1.0,Produit,Beige,Non ,Claim,-,,,-,-,Moyen ,Humoristique,Majuscule gras,Grand,Moyen,Non,Anglais,Un peu contrasté,Dans le corps du visuel,-,Aucun,Moyen (4-5),C:\Users\aittayeb\Desktop\Projet_memoir\Visuale\2222452212 KEYVI_JURA_FINAL_V1-bdef_page-0001.jpg
2450.0,LOEWE,2022.0,2222452213.0,2222452213 Screenshot-2022-10-19-at-18.45.21,MODE_ET_ACCESSOIRES,MAROQUINERIE,4.0,Produit,Vert,Non ,Produit/Service,-,,,-,-,Inexistant,-,-,Grand,Moyen,Non,Aucun claim,Pas contrasté,Haut milieu,-,Aucun,Faible (3 éléments),C:\Users\aittayeb\Desktop\Projet_memoir\Visuale\2222452213 Screenshot-2022-10-19-at-18.45.21.jpg
2450.0,LOEWE,2022.0,2222452213.0,2222452213 Screenshot-2022-10-19-at-18.45.38,MODE_ET_ACCESSOIRES,MAROQUINERIE,4.0,Produit,Marron,Non ,Produit/Service,Personne seule,,,Femme,-,Inexistant,-,-,Grand,Moyen,Non,Aucun claim,Pas contrasté,Haut milieu,-,Aucun,Faible (3 éléments),C:\Users\aittayeb\Desktop\Projet_memoir\Visuale\2222452213 Screenshot-2022-10-19-at-18.45.38.jpg
2450.0,LOEWE,2022.0,2222452213.0,2222452213 Screenshot-2022-10-21-at-15.32.36,MODE_ET_ACCESSOIRES,MAROQUINERIE,4.0,Branding,Gris,Non ,Personnage,Personne seule,,,Femme,Jeune adulte,Inexistant,-,-,Grand,Moyen,Non,Aucun claim,Pas contrasté,Haut milieu,-,Aucun,Faible (3 éléments),C:\Users\aittayeb\Desktop\Projet_memoir\Visuale\2222452213 Screenshot-2022-10-21-at-15.32.36.jpg
2450.0,LOEWE,2022.0,2222452213.0,2222452213 Screenshot-2022-10-21-at-15.32.44,MODE_ET_ACCESSOIRES,MAROQUINERIE,4.0,Branding,Gris,Non ,Personnage,Personne seule,,,Femme,Senior,Inexistant,-,-,Grand,Moyen,Non,Aucun claim,Un peu contrasté,Haut gauche,-,Aucun,Faible (3 éléments),C:\Users\aittayeb\Desktop\Projet_memoir\Visuale\2222452213 Screenshot-2022-10-21-at-15.32.44.jpg
2367.0,BOUYGUES TELECOM,2022.0,2222432201.0,2222432201 BT-S43---visuel-1,TELECOMMUNICATIONS,OPERATEURS TELECOMMUNIC.,3.0,Service,Blanc,Non ,Claim,-,,,-,-,Moyen ,Explicatif/Narratif,Minuscule gras,Moyen,Peu,Non,Français,Un peu contrasté,Haut milieu,0.87,Aucun,Faible (3 éléments),C:\Users\aittayeb\Desktop\Projet_memoir\Visuale\2222432201 BT-S43---visuel-1.jpg
2367.0,BOUYGUES TELECOM,2022.0,2222432201.0,2222432201 BT-S43---visuel-2,TELECOMMUNICATIONS,OPERATEURS TELECOMMUNIC.,3.0,Service,Blanc,Non ,Claim,-,,,-,-,Moyen ,Explicatif/Narratif,Minuscule gras,Moyen,Peu,Non,Français,Un peu contrasté,Haut milieu,0.87,Aucun,Faible (3 éléments),C:\Users\aittayeb\Desktop\Projet_memoir\Visuale\2222432201 BT-S43---visuel-2.jpg
2413.0,HOURA,2022.0,2222432202.0,"2222432202 R_118,5x175_Fin_Proche.p1",PURE_PLAYERS,COMMERCES,4.0,Service,Vert,Non ,Claim,Personne seule,,,Femme,Jeune adulte,Fort,Humoristique,Majuscule gras,Moyen,Peu,Non,Français,Un peu contrasté,Bas gauche,0.18,Aucun,Moyen (4-5),"C:\Users\aittayeb\Desktop\Projet_memoir\Visuale\2222432202 R_118,5x175_Fin_Proche.p1.jpg"
2413.0,HOURA,2022.0,2222432202.0,"2222432202 R_118,5x175_Soucis_Dur_Truc.p1",PURE_PLAYERS,COMMERCES,4.0,Service,Bleu,Non ,Claim,Personne seule,,,Femme,-,Fort,Humoristique,Majuscule gras,Moyen,Peu,Non,Français,Un peu contrasté,Bas gauche,0.18,Aucun,Moyen (4-5),"C:\Users\aittayeb\Desktop\Projet_memoir\Visuale\2222432202 R_118,5x175_Soucis_Dur_Truc.p1.jpg"
2413.0,HOURA,2022.0,2222432202.0,"2222432202 R_118,5x175_Soucis_Dur_Truc.p2",PURE_PLAYERS,COMMERCES,4.0,Service,Rouge,Non ,Claim,Couple,,,Les 2,Jeune adulte,Fort,Humoristique,Majuscule gras,Moyen,Peu,Non,Français,Un peu contrasté,Bas gauche,0.18,Aucun,Moyen (4-5),"C:\Users\aittayeb\Desktop\Projet_memoir\Visuale\2222432202 R_118,5x175_Soucis_Dur_Truc.p2.jpg"
2413.0,HOURA,2022.0,2222432202.0,"2222432202 R_118,5x175_Soucis_Dur_Truc.p3",PURE_PLAYERS,COMMERCES,4.0,Service,Violet,Non ,Claim,Personne seule,,,Femme,Jeune adulte,Fort,Humoristique,Majuscule gras,Moyen,Peu,Non,Français,Un peu contrasté,Bas gauche,0.18,Aucun,Moyen (4-5),"C:\Users\aittayeb\Desktop\Projet_memoir\Visuale\2222432202 R_118,5x175_Soucis_Dur_Truc.p3.jpg"
2414.0,KFC,2022.0,2222422202.0,2222422202 KFC-1,RESTAURATION,RESTAURATION RAPIDE,3.0,Branding,Rouge,Non ,Personnage,Amis,,,Les 2,Jeune adulte,Faible,Explicatif/Narratif,Majuscule gras,Moyen,Moyen,Non,Français,Pas contrasté,Bas droit,0.86,Aucun,Faible (3 éléments),C:\Users\aittayeb\Desktop\Projet_memoir\Visuale\2222422202 KFC-1.jpg
2414.0,KFC,2022.0,2222422202.0,2222422202 KFC-2,RESTAURATION,RESTAURATION RAPIDE,3.0,Branding,Rouge,Non ,Personnage,Amis,,,Les 2,Jeune adulte,Faible,Explicatif/Narratif,Majuscule gras,Moyen,Moyen,Non,Français,Pas contrasté,Bas droit,0.86,Aucun,Faible (3 éléments),C:\Users\aittayeb\Desktop\Projet_memoir\Visuale\2222422202 KFC-2.jpg
2383.0,BOMBAY SAPPHIRE,2022.0,2222422204.0,2222422204  760103-3_BAM_F22_Bombay_OOH_Aug_FR_175x118-5cm_1,BOISSONS,BOISSONS ALCOOLISEES,2.0,Produit,Bleu,Dominante,Produit/Service,-,,,-,-,Faible,Explicatif/Narratif,Minuscule sans gras ,Moyen,Moyen,Non,Français,Pas contrasté,Bas milieu,0.14,Aucun,Moyen (4-5),C:\Users\aittayeb\Desktop\Projet_memoir\Visuale\2222422204  760103-3_BAM_F22_Bombay_OOH_Aug_FR_175x118-5cm_1.jpg
2383.0,BOMBAY SAPPHIRE,2022.0,2222422204.0,2222422204 CJS2022_04_Adaptation_1_5_e_OOH_Bombay_02_V1-(1)-1,BOISSONS,BOISSONS ALCOOLISEES,2.0,Produit,Bleu,Dominante,Produit/Service,-,,,-,-,Faible,Explicatif/Narratif,Minuscule sans gras ,Moyen,Moyen,Non,Français,Pas contrasté,Haut milieu,0.14,Aucun,Moyen (4-5),C:\Users\aittayeb\Desktop\Projet_memoir\Visuale\2222422204 CJS2022_04_Adaptation_1_5_e_OOH_Bombay_02_V1-(1)-1.jpg
2628.0,MCDONALD'S,2022.0,2222412201.0,2222412201 ABRIBUS-DRIVE_120x176_TRUST-FRANCITE-MAC11524-A-QUAD-OK,RESTAURATION,RESTAURATION RAPIDE,2.0,Branding,Bleu,Non ,Logo,-,,,-,-,Moyen ,Explicatif/Narratif,Majuscule gras,Grand,Moyen,Non,Français,Un peu contrasté,Dans le corps du visuel,0.93,Aucun,Moyen (4-5),C:\Users\aittayeb\Desktop\Projet_memoir\Visuale\2222412201 ABRIBUS-DRIVE_120x176_TRUST-FRANCITE-MAC11524-A-QUAD-OK.jpg
2628.0,MCDONALD'S,2022.0,2222412201.0,2222412201 ABRIBUS-DRIVE_120x176_TRUST-FRUITS-MAC11524-A-QUAD-OK,RESTAURATION,RESTAURATION RAPIDE,2.0,Branding,Bleu,Non ,Packshot,-,,,-,-,Moyen ,Explicatif/Narratif,Majuscule gras,-,Moyen,Non,Français,Un peu contrasté,Dans le corps du visuel,0.93,Aucun,Moyen (4-5),C:\Users\aittayeb\Desktop\Projet_memoir\Visuale\2222412201 ABRIBUS-DRIVE_120x176_TRUST-FRUITS-MAC11524-A-QUAD-OK.jpg
2417.0,HIPPOPOTAMUS,2022.0,2222402201.0,2222402201 HIPO_2208060_Abribus_1185x1750,RESTAURATION,RESTAURATION,2.0,Branding,Noir,Non ,Claim,-,,,-,-,Moyen ,Explicatif/Narratif,Majuscule gras,Moyen,Peu,Non,Français,Un peu contrasté,Bas gauche,0.72,Aucun,Faible (3 éléments),C:\Users\aittayeb\Desktop\Projet_memoir\Visuale\2222402201 HIPO_2208060_Abribus_1185x1750.jpg
2417.0,HIPPOPOTAMUS,2022.0,2222402201.0,2222402201 HIPO_2208060_Abribus_1185x1750,RESTAURATION,RESTAURATION,2.0,Branding,Noir,Non ,Claim,-,,,-,-,Moyen ,Explicatif/Narratif,Majuscule gras,Moyen,Peu,Non,Français,Un peu contrasté,Bas gauche,0.72,Aucun,Faible (3 éléments),C:\Users\aittayeb\Desktop\Projet_memoir\Visuale\2222402201 HIPO_2208060_Abribus_1185x1750.jpg
2337.0,DISNEY,2022.0,2222402202.0,2222402202 4x3_DISNEY_HALLOWEEN-1,TOURISME,PARCS ET LOISIRS,4.0,Branding,Noir,Non ,Personnage,Mascotte,,,Les 2,-,Faible,Humoristique,Majuscule gras,Petit,Peu,Non,Français,Pas contrasté,Bas droit,0.94,Aucun,Faible (3 éléments),C:\Users\aittayeb\Desktop\Projet_memoir\Visuale\2222402202 4x3_DISNEY_HALLOWEEN-1.jpg
2337.0,DISNEY,2022.0,2222402202.0,2222402202 4x3_DISNEY_HALLOWEEN-1,TOURISME,PARCS ET LOISIRS,4.0,Branding,Noir,Non ,Personnage,Mascotte,,,Les 2,-,Faible,Humoristique,Majuscule gras,Petit,Peu,Non,Français,Pas contrasté,Bas droit,0.94,Aucun,Faible (3 éléments),C:\Users\aittayeb\Desktop\Projet_memoir\Visuale\2222402202 4x3_DISNEY_HALLOWEEN-1.jpg
2337.0,DISNEY,2022.0,2222402202.0,2222402202 4x3_DISNEY_HALLOWEEN-1,TOURISME,PARCS ET LOISIRS,4.0,Branding,Noir,Non ,Personnage,Mascotte,,,Les 2,-,Faible,Humoristique,Majuscule gras,Petit,Peu,Non,Français,Pas contrasté,Bas droit,0.94,Aucun,Faible (3 éléments),C:\Users\aittayeb\Desktop\Projet_memoir\Visuale\2222402202 4x3_DISNEY_HALLOWEEN-1.jpg
2337.0,DISNEY,2022.0,2222402202.0,2222402202 4x3_DISNEY_HALLOWEEN-1,TOURISME,PARCS ET LOISIRS,4.0,Branding,Noir,Non ,Personnage,Mascotte,,,Les 2,-,Faible,Humoristique,Majuscule gras,Petit,Peu,Non,Français,Pas contrasté,Bas droit,0.94,Aucun,Faible (3 éléments),C:\Users\aittayeb\Desktop\Projet_memoir\Visuale\2222402202 4x3_DISNEY_HALLOWEEN-1.jpg
2379.0,BURGER KING,2022.0,2222402203.0,2222402203 BK_OOH_MEP-MONTAGNARD-0109-3,RESTAURATION,RESTAURATION RAPIDE,2.0,Produit,Noir,Non ,Produit/Service,Personne seule,,,Femme,Jeune adulte,Moyen ,Humoristique,Minuscule gras,Moyen,Peu,Non,Français,Un peu contrasté,Bas droit,0.88,Aucun,Faible (3 éléments),C:\Users\aittayeb\Desktop\Projet_memoir\Visuale\2222402203 BK_OOH_MEP-MONTAGNARD-0109-3.jpg
2379.0,BURGER KING,2022.0,2222402203.0,2222402203 BK_OOH_MEP-MONTAGNARD-0109-4,RESTAURATION,RESTAURATION RAPIDE,2.0,Produit,Noir,Non ,Produit/Service,Personne seule,,,Femme,Jeune adulte,Moyen ,Humoristique,Minuscule gras,Moyen,Peu,Non,Français,Un peu contrasté,Bas droit,0.88,Aucun,Faible (3 éléments),C:\Users\aittayeb\Desktop\Projet_memoir\Visuale\2222402203 BK_OOH_MEP-MONTAGNARD-0109-4.jpg
2419.0,GAN,2022.0,2222402204.0,2222402204 GAN2101_A07724_AFF_ABRIBUS_9B3_1185x1750_V3,ETS_FINANCIERS_ASSURANCES,ASSUREURS,3.0,Branding,Bleu,Dominante,Claim,Plusieurs personnes,,,Les 2,Adulte,Moyen ,Explicatif/Narratif,Majuscule gras,Petit,Peu,Non,Français,Un peu contrasté,Dans le corps du visuel,0.61,Aucun,Faible (3 éléments),C:\Users\aittayeb\Desktop\Projet_memoir\Visuale\2222402204 GAN2101_A07724_AFF_ABRIBUS_9B3_1185x1750_V3.jpg
2419.0,GAN,2022.0,2222402204.0,2222402204 GAN2101_a17539_AFF_ABRIBUS_6BP_1185x1750_V1,ETS_FINANCIERS_ASSURANCES,ASSUREURS,3.0,Branding,Bleu,Dominante,Claim,Personne seule,,,Homme,Adulte,Moyen ,Explicatif/Narratif,Majuscule gras,Petit,Peu,Non,Français,Un peu contrasté,Dans le corps du visuel,0.61,Aucun,Faible (3 éléments),C:\Users\aittayeb\Desktop\Projet_memoir\Visuale\2222402204 GAN2101_a17539_AFF_ABRIBUS_6BP_1185x1750_V1.jpg
2418.0,MARTINI,2022.0,2222402205.0,2222402205 763203-15_FY23_FR_Martini_NonAlc_TBSBartenders_Global_FrenchBottles_1185x1750_1-(1),BOISSONS,BOISSONS ALCOOLISEES,2.0,Produit,Orange,Non ,Produit/Service,-,,,-,-,Faible,Explicatif/Narratif,Majuscule gras,Petit,Beaucoup,Non,Français,Un peu contrasté,Haut milieu,0.82,Aucun,Faible (3 éléments),C:\Users\aittayeb\Desktop\Projet_memoir\Visuale\2222402205 763203-15_FY23_FR_Martini_NonAlc_TBSBartenders_Global_FrenchBottles_1185x1750_1-(1).jpg
2418.0,MARTINI,2022.0,2222402205.0,2222402205 763203-16_FY23_FR_Martini_NonAlc_TBSBartenders_Global_FrenchBottles_3200x2400_1-(1),BOISSONS,BOISSONS ALCOOLISEES,2.0,Produit,Orange,Non ,Produit/Service,-,,,-,-,Faible,Explicatif/Narratif,Majuscule gras,Petit,Beaucoup,Non,Français,Un peu contrasté,Haut milieu,0.82,Aucun,Faible (3 éléments),C:\Users\aittayeb\Desktop\Projet_memoir\Visuale\2222402205 763203-16_FY23_FR_Martini_NonAlc_TBSBartenders_Global_FrenchBottles_3200x2400_1-(1).jpg
2336.0,VICHY,2022.0,2222382201.0,2222382201 JCD_MU_VICHY_VITALIFT_01,HYGIENE_BEAUTE,PRODUITS DE SOINS PHARMACEUTIQUES,1.0,Produit,Blanc,Non ,Produit/Service,Personne seule,-,-,Femme,Adulte,Moyen ,Explicatif/Narratif,Majuscule gras,Moyen,Moyen,Non,Français,Un peu contrasté,Haut droit,0.75,Aucun,Elevée (plus de 6),C:\Users\aittayeb\Desktop\Projet_memoir\Visuale\2222382201 JCD_MU_VICHY_VITALIFT_01.jpg
2422.0,FREE TELECOM,2022.0,2222332203.0,2222332203 FREE-abribus,TELECOMMUNICATIONS,OPERATEURS TELECOMMUNIC.,2.0,Offre,Blanc,Présente,Produit/Service,-,-,-,-,-,Fort,Explicatif/Narratif,Minuscule gras,Moyen,Moyen,Non,Français,Un peu contrasté,Haut milieu,0.92,Prix indiqué,Moyen (4-5),C:\Users\aittayeb\Desktop\Projet_memoir\Visuale\2222332203 FREE-abribus.jpg
2422.0,FREE TELECOM,2022.0,2222332203.0,2222332203 FREE-paysage,TELECOMMUNICATIONS,OPERATEURS TELECOMMUNIC.,2.0,Offre,Blanc,Présente,Produit/Service,-,-,-,-,-,Fort,Explicatif/Narratif,Minuscule gras,Moyen,Moyen,Non,Français,Un peu contrasté,Haut milieu,0.92,Prix indiqué,Moyen (4-5),C:\Users\aittayeb\Desktop\Projet_memoir\Visuale\2222332203 FREE-paysage.jpg
2342.0,SOCIETE GENERALE,2022.0,2222372201.0,2222372201 SOCIETE-GENERALE-1,ETS_FINANCIERS_ASSURANCES,BANQUES DE DETAIL,3.0,Service,Bleu,Présente,Claim,Personne seule,-,-,Femme,Adulte,Fort,Explicatif/Narratif,Majuscule gras,Petit,Peu,Non,Français,Un peu contrasté,Bas droit,0.84,Aucun,Moyen (4-5),C:\Users\aittayeb\Desktop\Projet_memoir\Visuale\2222372201 SOCIETE-GENERALE-1.jpg
2342.0,SOCIETE GENERALE,2022.0,2222372201.0,2222372201 SOCIETE-GENERALE-2,ETS_FINANCIERS_ASSURANCES,BANQUES DE DETAIL,3.0,Service,Bleu,Présente,Claim,Personne seule,-,-,Femme,Adulte,Fort,Explicatif/Narratif,Majuscule gras,Petit,Peu,Non,Français,Un peu contrasté,Bas droit,0.84,Aucun,Moyen (4-5),C:\Users\aittayeb\Desktop\Projet_memoir\Visuale\2222372201 SOCIETE-GENERALE-2.jpg
2335.0,BUT,2022.0,2222362201.0,2222362201 BUT-aspi-abribus,DISTRIBUTION,DISTRIBUTION SPECIALISEE,8.0,Offre,Bleu,Présente,Promotion,-,-,-,-,-,Fort,Descriptif,Majuscule gras,Petit,Moyen,Non,Français,Un peu contrasté,Haut gauche,0.87,Prix indiqué,Moyen (4-5),C:\Users\aittayeb\Desktop\Projet_memoir\Visuale\2222362201 BUT-aspi-abribus.jpg
2335.0,BUT,2022.0,2222362201.0,2222362201 BUT-aspi-paysage,DISTRIBUTION,DISTRIBUTION SPECIALISEE,8.0,Offre,Bleu,Présente,Promotion,-,-,-,-,-,Fort,Descriptif,Majuscule gras,Petit,Moyen,Non,Français,Un peu contrasté,Haut gauche,0.87,Prix indiqué,Moyen (4-5),C:\Users\aittayeb\Desktop\Projet_memoir\Visuale\2222362201 BUT-aspi-paysage.jpg
2335.0,BUT,2022.0,2222362201.0,2222362201 BUT-bouilloire-paysage,DISTRIBUTION,DISTRIBUTION SPECIALISEE,8.0,Offre,Rouge,Dominante,Promotion,-,-,-,-,-,Moyen ,Descriptif,Majuscule gras,Petit,Moyen,Non,Français,Un peu contrasté,Haut gauche,0.87,Prix indiqué,Moyen (4-5),C:\Users\aittayeb\Desktop\Projet_memoir\Visuale\2222362201 BUT-bouilloire-paysage.jpg
2335.0,BUT,2022.0,2222362201.0,2222362201 BUT-canapé-abribus,DISTRIBUTION,DISTRIBUTION SPECIALISEE,8.0,Offre,Rouge,Dominante,Promotion,-,-,-,-,-,Moyen ,Descriptif,Majuscule gras,Petit,Moyen,Non,Français,Un peu contrasté,Haut gauche,0.87,Prix indiqué,Moyen (4-5),C:\Users\aittayeb\Desktop\Projet_memoir\Visuale\2222362201 BUT-canapé-abribus.jpg
2335.0,BUT,2022.0,2222362201.0,2222362201 BUT-canapé-paysage,DISTRIBUTION,DISTRIBUTION SPECIALISEE,8.0,Offre,Rouge,Dominante,Promotion,-,-,-,-,-,Moyen ,Descriptif,Majuscule gras,Petit,Moyen,Non,Français,Un peu contrasté,Haut gauche,0.87,Prix indiqué,Moyen (4-5),C:\Users\aittayeb\Desktop\Projet_memoir\Visuale\2222362201 BUT-canapé-paysage.jpg
2335.0,BUT,2022.0,2222362201.0,2222362201 BUT-lit-abribus,DISTRIBUTION,DISTRIBUTION SPECIALISEE,8.0,Offre,Bleu,Présente,Promotion,-,-,-,-,-,Fort,Descriptif,Majuscule gras,Petit,Moyen,Non,Français,Un peu contrasté,Haut gauche,0.87,Prix indiqué,Moyen (4-5),C:\Users\aittayeb\Desktop\Projet_memoir\Visuale\2222362201 BUT-lit-abribus.jpg
2335.0,BUT,2022.0,2222362201.0,2222362201 BUT-lit-paysage,DISTRIBUTION,DISTRIBUTION SPECIALISEE,8.0,Offre,Bleu,Présente,Promotion,-,-,-,-,-,Fort,Descriptif,Majuscule gras,Petit,Moyen,Non,Français,Un peu contrasté,Haut gauche,0.87,Prix indiqué,Moyen (4-5),C:\Users\aittayeb\Desktop\Projet_memoir\Visuale\2222362201 BUT-lit-paysage.jpg
2626.0,PRADA,2022.0,2222362202.0,2222362202 PRADA-1,HYGIENE_BEAUTE,PARFUMS,2.0,Produit,Vert,Non ,Personnage,Célébrité,Uniquement pour la marque,1ère utilisation ,Femme,Adulte,Faible,Descriptif,Majuscule gras,Grand,Moyen,Non,Français,Un peu contrasté,Haut gauche,0.71,Aucun,Faible (3 éléments),C:\Users\aittayeb\Desktop\Projet_memoir\Visuale\2222362202 PRADA-1.jpg
2626.0,PRADA,2022.0,2222362202.0,2222362202 PRADA-2,HYGIENE_BEAUTE,PARFUMS,2.0,Produit,Vert,Non ,Produit/Service,-,-,-,-,-,Faible,Descriptif,Majuscule gras,Grand,Moyen,Non,Français,Un peu contrasté,Haut milieu,0.71,Aucun,Faible (3 éléments),C:\Users\aittayeb\Desktop\Projet_memoir\Visuale\2222362202 PRADA-2.jpg
,EUROPE1,2022.0,2222382202.0,2222382202 bern_abb,INFORMATION_MEDIA,CHAINES TV/ RADIO,6.0,Branding,Bleu,Présente,Personnage,Célébrité,-,-,Homme,Adulte,Moyen ,Explicatif/Narratif,Majuscule gras,Moyen,Moyen,Non,Français,Un peu contrasté,Haut milieu,-,Aucun,Moyen (4-5),C:\Users\aittayeb\Desktop\Projet_memoir\Visuale\2222382202 bern_abb.jpg
,EUROPE1,2022.0,2222382202.0,2222382202 ferrari,INFORMATION_MEDIA,CHAINES TV/ RADIO,6.0,Branding,Bleu,Présente,Personnage,Célébrité,-,-,Femme,Adulte,Moyen ,Explicatif/Narratif,Majuscule gras,Moyen,Moyen,Non,Français,Un peu contrasté,Haut milieu,-,Aucun,Moyen (4-5),C:\Users\aittayeb\Desktop\Projet_memoir\Visuale\2222382202 ferrari.jpg
,EUROPE1,2022.0,2222382202.0,2222382202 hondelatte,INFORMATION_MEDIA,CHAINES TV/ RADIO,6.0,Branding,Bleu,Présente,Personnage,Célébrité,-,-,Homme,Adulte,Moyen ,Explicatif/Narratif,Majuscule gras,Moyen,Moyen,Non,Français,Un peu contrasté,Haut milieu,-,Aucun,Moyen (4-5),C:\Users\aittayeb\Desktop\Projet_memoir\Visuale\2222382202 hondelatte.jpg
,EUROPE1,2022.0,2222382202.0,2222382202 mabrouk,INFORMATION_MEDIA,CHAINES TV/ RADIO,6.0,Branding,Bleu,Présente,Personnage,Célébrité,-,-,Femme,Adulte,Moyen ,Explicatif/Narratif,Majuscule gras,Moyen,Moyen,Non,Français,Un peu contrasté,Haut milieu,-,Aucun,Moyen (4-5),C:\Users\aittayeb\Desktop\Projet_memoir\Visuale\2222382202 mabrouk.jpg
,EUROPE1,2022.0,2222382202.0,2222382202 vandel_abb,INFORMATION_MEDIA,CHAINES TV/ RADIO,6.0,Branding,Bleu,Présente,Personnage,Célébrité,-,-,Homme,Adulte,Moyen ,Explicatif/Narratif,Majuscule gras,Moyen,Moyen,Non,Français,Un peu contrasté,Haut milieu,-,Aucun,Moyen (4-5),C:\Users\aittayeb\Desktop\Projet_memoir\Visuale\2222382202 vandel_abb.jpg
2420.0,VOLVO,2022.0,2222362212.0,2222362212 VOLVO,AUTOMOBILE_TRANSPORT,AUTOMOBILES POIDS LOURDS,1.0,Produit,Gris,Non ,Produit/Service,-,-,-,-,-,Moyen ,Explicatif/Narratif,Majuscule gras,Petit,Beaucoup,Non,Français,Un peu contrasté,Haut milieu,0.83,Aucun,Moyen (4-5),C:\Users\aittayeb\Desktop\Projet_memoir\Visuale\2222362212 VOLVO XC60.jpg
2421.0,AMAZON,2022.0,2222352201.0,2222352201 AMAZON-elfes,INFORMATION_MEDIA,PLATEFORME STREAMING,5.0,Service,Noir,Non ,Claim,,-,-,,,Moyen ,Descriptif,Majuscule gras,Moyen,Peu,Non,Français,Pas contrasté,Haut milieu,0.73,Aucun,Faible (3 éléments),C:\Users\aittayeb\Desktop\Projet_memoir\Visuale\2222352201 AMAZON-elfes.jpg
2421.0,AMAZON,2022.0,2222352201.0,2222352201 AMAZON-eowyn,INFORMATION_MEDIA,PLATEFORME STREAMING,5.0,Service,Noir,Non ,Claim,Personne seule,-,-,Femme,Adulte,Moyen ,Descriptif,Majuscule gras,Moyen,Peu,Non,Français,Pas contrasté,Haut milieu,0.73,Aucun,Faible (3 éléments),C:\Users\aittayeb\Desktop\Projet_memoir\Visuale\2222352201 AMAZON-eowyn.jpg
2421.0,AMAZON,2022.0,2222352201.0,2222352201 AMAZON-orques,INFORMATION_MEDIA,PLATEFORME STREAMING,5.0,Service,Noir,Non ,Claim,Plusieurs personnes,-,-,Homme,Adulte,Moyen ,Descriptif,Majuscule gras,Moyen,Peu,Non,Français,Pas contrasté,Haut milieu,0.73,Aucun,Faible (3 éléments),C:\Users\aittayeb\Desktop\Projet_memoir\Visuale\2222352201 AMAZON-orques.jpg
2421.0,AMAZON,2022.0,2222352201.0,2222352201 AMAZON-terre-du-milieu,INFORMATION_MEDIA,PLATEFORME STREAMING,5.0,Service,Bleu,Non ,Claim,-,-,-,-,-,Moyen ,Descriptif,Majuscule gras,Moyen,Peu,Non,Français,Pas contrasté,Haut milieu,0.73,Aucun,Faible (3 éléments),C:\Users\aittayeb\Desktop\Projet_memoir\Visuale\2222352201 AMAZON-terre-du-milieu.jpg
2334.0,APEROL,2022.0,2222352202.0,2222352202 APEROL-abribus,BOISSONS,BOISSONS ALCOOLISEES,2.0,Produit,Orange,Dominante,Produit/Service,-,-,-,-,-,Faible,Explicatif/Narratif,Majuscule gras,Moyen,Beaucoup,Non,Français,Un peu contrasté,Haut gauche,0.37,Aucun,Faible (3 éléments),C:\Users\aittayeb\Desktop\Projet_memoir\Visuale\2222352202 APEROL-abribus.jpg
2334.0,APEROL,2022.0,2222352202.0,2222352202 APEROL-paysage,BOISSONS,BOISSONS ALCOOLISEES,2.0,Produit,Orange,Dominante,Produit/Service,-,-,-,-,-,Faible,Explicatif/Narratif,Majuscule gras,Moyen,Beaucoup,Non,Français,Un peu contrasté,Haut gauche,0.37,Aucun,Faible (3 éléments),C:\Users\aittayeb\Desktop\Projet_memoir\Visuale\2222352202 APEROL-paysage.jpg
2333.0,BUT,2022.0,2222332201.0,2222332201 BUT aspi abribus,DISTRIBUTION,DISTRIBUTION SPECIALISEE,6.0,Service,Jaune,Présente,Claim,-,-,-,-,-,Fort,Descriptif,Minuscule gras,Petit,Moyen,Non,Français,Très contrasté,Haut gauche,0.87,Promotion indiquée,Moyen (4-5),C:\Users\aittayeb\Desktop\Projet_memoir\Visuale\2222332201 BUT aspi abribus.jpg
2333.0,BUT,2022.0,2222332201.0,2222332201 BUT fauteil abribus,DISTRIBUTION,DISTRIBUTION SPECIALISEE,6.0,Service,Jaune,Présente,Claim,-,-,-,-,-,Fort,Descriptif,Minuscule gras,Petit,Moyen,Non,Français,Très contrasté,Haut gauche,0.87,Promotion indiquée,Moyen (4-5),C:\Users\aittayeb\Desktop\Projet_memoir\Visuale\2222332201 BUT fauteil abribus.jpg
2333.0,BUT,2022.0,2222332201.0,2222332201 BUT-aspi-paysage,DISTRIBUTION,DISTRIBUTION SPECIALISEE,6.0,Service,Jaune,Présente,Claim,-,-,-,-,-,Fort,Descriptif,Minuscule gras,Petit,Moyen,Non,Français,Très contrasté,Haut gauche,0.87,Promotion indiquée,Moyen (4-5),C:\Users\aittayeb\Desktop\Projet_memoir\Visuale\2222332201 BUT-aspi-paysage.jpg
2333.0,BUT,2022.0,2222332201.0,2222332201 BUT-fauteil-paysage,DISTRIBUTION,DISTRIBUTION SPECIALISEE,6.0,Service,Jaune,Présente,Claim,-,-,-,-,-,Fort,Descriptif,Minuscule gras,Petit,Moyen,Non,Français,Très contrasté,Haut gauche,0.87,Promotion indiquée,Moyen (4-5),C:\Users\aittayeb\Desktop\Projet_memoir\Visuale\2222332201 BUT-fauteil-paysage.jpg
2333.0,BUT,2022.0,2222332201.0,2222332201 BUT-four-paysage,DISTRIBUTION,DISTRIBUTION SPECIALISEE,6.0,Service,Jaune,Présente,Claim,-,-,-,-,-,Fort,Descriptif,Minuscule gras,Petit,Moyen,Non,Français,Très contrasté,Haut gauche,0.87,Promotion indiquée,Moyen (4-5),C:\Users\aittayeb\Desktop\Projet_memoir\Visuale\2222332201 BUT-four-paysage.jpg
2332.0,VINS D'ALSACE,2022.0,2222332202.0,2222332202 VINS-ALSACE-chateau,BOISSONS,BOISSONS ALCOOLISEES,2.0,Produit,Gris,Non ,Produit/Service,-,-,-,-,-,Moyen ,Explicatif/Narratif,Minuscule gras,Moyen,Moyen,Non,Français,Un peu contrasté,Bas droit,-,Aucun,Moyen (4-5),C:\Users\aittayeb\Desktop\Projet_memoir\Visuale\2222332202 VINS-ALSACE-chateau.jpg
2332.0,VINS D'ALSACE,2022.0,2222332202.0,2222332202 VINS-ALSACE-croix,BOISSONS,BOISSONS ALCOOLISEES,2.0,Produit,Gris,Non ,Produit/Service,-,-,-,-,-,Moyen ,Explicatif/Narratif,Minuscule gras,Moyen,Moyen,Non,Français,Un peu contrasté,Bas droit,-,Aucun,Moyen (4-5),C:\Users\aittayeb\Desktop\Projet_memoir\Visuale\2222332202 VINS-ALSACE-croix.jpg
2338.0,MCDONALD'S,2022.0,2222322201.0,2222322201 ABRIBUS-DRIVE-B_FRITES-120x176_RECRUTEMENT-MAC11486-QUAD-OK,RESTAURATION,RESTAURATION RAPIDE,2.0,Recrutement,Blanc,Présente,QR code,-,-,-,-,-,Faible,Descriptif,Minuscule gras,Petit,Peu,Oui,Français,Un peu contrasté,Dans le corps du visuel,0.93,Aucun,Faible (3 éléments),C:\Users\aittayeb\Desktop\Projet_memoir\Visuale\2222322201 ABRIBUS-DRIVE-B_FRITES-120x176_RECRUTEMENT-MAC11486-QUAD-OK.jpg
2338.0,MCDONALD'S,2022.0,2222322201.0,2222322201 ABRIBUS-DRIVE-C_BURGER-120x176_RECRUTEMENT-MAC11486-QUAD-OK,RESTAURATION,RESTAURATION RAPIDE,2.0,Recrutement,Blanc,Présente,QR code,-,-,-,-,-,Faible,Descriptif,Minuscule gras,Petit,Peu,Oui,Français,Un peu contrasté,Dans le corps du visuel,0.93,Aucun,Faible (3 éléments),C:\Users\aittayeb\Desktop\Projet_memoir\Visuale\2222322201 ABRIBUS-DRIVE-C_BURGER-120x176_RECRUTEMENT-MAC11486-QUAD-OK.jpg
2340.0,ORANGINA,2022.0,2222302210.0,2222302210 ORAN_2205187_Boire_la_Vie_118_5x175_Abribus_MC,BOISSONS,BOISSONS NON ALCOOLISEES,6.0,Produit,Jaune,Dominante,Produit/Service,-,-,-,-,-,Moyen ,Explicatif/Narratif,Minuscule gras,Moyen,Moyen,Non,Français,Très contrasté,Dans le corps du visuel,0.89,Aucun,Faible (3 éléments),C:\Users\aittayeb\Desktop\Projet_memoir\Visuale\2222302210 ORAN_2205187_Boire_la_Vie_118_5x175_Abribus_MC.jpg
2340.0,ORANGINA,2022.0,2222302210.0,2222302210 ORAN_2205187_Boire_la_Vie_320x240_Affiche_MD,BOISSONS,BOISSONS NON ALCOOLISEES,6.0,Produit,Jaune,Dominante,Produit/Service,-,-,-,-,-,Moyen ,Explicatif/Narratif,Minuscule gras,Moyen,Moyen,Non,Français,Très contrasté,Dans le corps du visuel,0.89,Aucun,Faible (3 éléments),C:\Users\aittayeb\Desktop\Projet_memoir\Visuale\2222302210 ORAN_2205187_Boire_la_Vie_320x240_Affiche_MD.jpg
2340.0,ORANGINA,2022.0,2222302210.0,2222302210 ORAN_2205187_Fraichement_Secoue_118_5x175_Abribus_MA,BOISSONS,BOISSONS NON ALCOOLISEES,6.0,Produit,Jaune,Dominante,Produit/Service,-,-,-,-,-,Moyen ,Explicatif/Narratif,Minuscule gras,Moyen,Moyen,Non,Français,Très contrasté,Dans le corps du visuel,0.89,Aucun,Faible (3 éléments),C:\Users\aittayeb\Desktop\Projet_memoir\Visuale\2222302210 ORAN_2205187_Fraichement_Secoue_118_5x175_Abribus_MA.jpg
2340.0,ORANGINA,2022.0,2222302210.0,2222302210 ORAN_2205187_Fraichement_Secoue_320x240_Affiche_MD,BOISSONS,BOISSONS NON ALCOOLISEES,6.0,Produit,Jaune,Dominante,Produit/Service,-,-,-,-,-,Moyen ,Explicatif/Narratif,Minuscule gras,Moyen,Moyen,Non,Français,Très contrasté,Dans le corps du visuel,0.89,Aucun,Faible (3 éléments),C:\Users\aittayeb\Desktop\Projet_memoir\Visuale\2222302210 ORAN_2205187_Fraichement_Secoue_320x240_Affiche_MD.jpg
2340.0,ORANGINA,2022.0,2222302210.0,2222302210 ORAN_2205187_Grande_Fraicheur_118_5x175_Abribus_MB,BOISSONS,BOISSONS NON ALCOOLISEES,6.0,Produit,Jaune,Dominante,Produit/Service,-,-,-,-,-,Moyen ,Explicatif/Narratif,Minuscule gras,Moyen,Moyen,Non,Français,Très contrasté,Dans le corps du visuel,0.89,Aucun,Faible (3 éléments),C:\Users\aittayeb\Desktop\Projet_memoir\Visuale\2222302210 ORAN_2205187_Grande_Fraicheur_118_5x175_Abribus_MB.jpg
2340.0,ORANGINA,2022.0,2222302210.0,2222302210 ORAN_2205187_Il_fait_Chaud_118_5x175_Abribus_MD,BOISSONS,BOISSONS NON ALCOOLISEES,6.0,Produit,Jaune,Dominante,Produit/Service,-,-,-,-,-,Moyen ,Explicatif/Narratif,Minuscule gras,Moyen,Moyen,Non,Français,Très contrasté,Dans le corps du visuel,0.89,Aucun,Faible (3 éléments),C:\Users\aittayeb\Desktop\Projet_memoir\Visuale\2222302210 ORAN_2205187_Il_fait_Chaud_118_5x175_Abribus_MD.jpg
2424.0,PORTO CRUZ,2022.0,2222302212.0,2222302212 PCRZ200-3_ABRIBUS_PORTO_CRUZ_TONIC_1185X1750_1-5_V4,BOISSONS,BOISSONS ALCOOLISEES,1.0,Produit,Bleu,Non ,Produit/Service,-,-,-,-,-,Faible,Descriptif,Majuscule gras,Moyen,Moyen,Non,Français,Un peu contrasté,Haut milieu,-,Aucun,Moyen (4-5),C:\Users\aittayeb\Desktop\Projet_memoir\Visuale\2222302212 PCRZ200-3_ABRIBUS_PORTO_CRUZ_TONIC_1185X1750_1-5_V4.jpg
,DESPERADOS,2022.0,2222282202.0,2222282202 DESPERADOS-berry,BOISSONS,BOISSONS ALCOOLISEES,3.0,Produit,Rouge,Non ,Produit/Service,-,-,-,-,-,Faible,Descriptif,Majuscule gras,Moyen,Beaucoup,Non,Anglais,Un peu contrasté,Dans le corps du visuel,0.8,Aucun,Faible (3 éléments),C:\Users\aittayeb\Desktop\Projet_memoir\Visuale\2222282202 DESPERADOS-berry.jpg
,DESPERADOS,2022.0,2222282202.0,2222282202 DESPERADOS-mojito,BOISSONS,BOISSONS ALCOOLISEES,3.0,Produit,Vert,Non ,Produit/Service,-,-,-,-,-,Faible,Descriptif,Majuscule gras,Moyen,Beaucoup,Non,Français,Un peu contrasté,Dans le corps du visuel,0.8,Aucun,Faible (3 éléments),C:\Users\aittayeb\Desktop\Projet_memoir\Visuale\2222282202 DESPERADOS-mojito.jpg
2426.0,FREE TELECOM,2022.0,2222282203.0,2222282203 FREE-abribus,TELECOMMUNICATIONS,OPERATEURS TELECOMMUNIC.,2.0,Offre,Blanc,Présente,Produit/Service,-,-,-,-,-,Fort,Descriptif,Majuscule gras,Moyen,Peu,Non,Français,Un peu contrasté,Haut milieu,0.92,Prix indiqué,Moyen (4-5),C:\Users\aittayeb\Desktop\Projet_memoir\Visuale\2222282203 FREE-abribus.jpg
2426.0,FREE TELECOM,2022.0,2222282203.0,2222282203 FREE-paysage,TELECOMMUNICATIONS,OPERATEURS TELECOMMUNIC.,2.0,Offre,Blanc,Présente,Produit/Service,-,-,-,-,-,Fort,Descriptif,Majuscule gras,Moyen,Peu,Non,Français,Un peu contrasté,Haut milieu,0.92,Prix indiqué,Moyen (4-5),C:\Users\aittayeb\Desktop\Projet_memoir\Visuale\2222282203 FREE-paysage.jpg
2425.0,VERISURE,2022.0,2222282204.0,2222282204 VERISURE-juillett,APPAREILS_MENAGERS,EQUIPMENT-ACCESS.MENAGER,2.0,Service,Rouge,Dominante,Personnage,Personne seule,-,-,Homme,Adulte,Fort,Explicatif/Narratif,Majuscule gras,Moyen,Moyen,Non,Français,Très contrasté,Haut gauche,0.58,Aucun,Moyen (4-5),C:\Users\aittayeb\Desktop\Projet_memoir\Visuale\2222282204 VERISURE-juillett.jpg
2425.0,VERISURE,2022.0,2222282204.0,2222282204 VERISURE-serviette,APPAREILS_MENAGERS,EQUIPMENT-ACCESS.MENAGER,2.0,Service,Rouge,Dominante,Claim,-,-,-,-,-,Fort,Explicatif/Narratif,Majuscule gras,Moyen,Moyen,Non,Français,Un peu contrasté,Haut milieu,0.58,Aucun,Moyen (4-5),C:\Users\aittayeb\Desktop\Projet_memoir\Visuale\2222282204 VERISURE-serviette.jpg
2328.0,BUT,2022.0,2222272201.0,2222272201 BUT-inséparable,DISTRIBUTION,DISTRIBUTION SPECIALISEE,3.0,Offre,Rouge,Présente,Promotion,-,-,-,-,-,Fort,Descriptif,Minuscule gras,Petit,Moyen,Non,Français,Très contrasté,Haut gauche,0.87,Promotion indiquée,Elevée (plus de 6),C:\Users\aittayeb\Desktop\Projet_memoir\Visuale\2222272201 BUT-inséparable.jpg
2328.0,BUT,2022.0,2222272201.0,2222272201 BUT-oreiller,DISTRIBUTION,DISTRIBUTION SPECIALISEE,3.0,Offre,Rouge,Présente,Promotion,-,-,-,-,-,Fort,Descriptif,Minuscule gras,Petit,Moyen,Non,Français,Très contrasté,Haut gauche,0.87,Promotion indiquée,Elevée (plus de 6),C:\Users\aittayeb\Desktop\Projet_memoir\Visuale\2222272201 BUT-oreiller.jpg
2328.0,BUT,2022.0,2222272201.0,2222272201 BUT-trendy,DISTRIBUTION,DISTRIBUTION SPECIALISEE,3.0,Offre,Rouge,Présente,Promotion,-,-,-,-,-,Fort,Descriptif,Minuscule gras,Petit,Moyen,Non,Français,Très contrasté,Haut gauche,0.87,Promotion indiquée,Elevée (plus de 6),C:\Users\aittayeb\Desktop\Projet_memoir\Visuale\2222272201 BUT-trendy.jpg
2623.0,SCHWEPPES,2022.0,2222272202.0,2222272202 SCHWEPPES-femme-abribus,BOISSONS,BOISSONS NON ALCOOLISEES,4.0,Branding,Jaune,Dominante,Produit/Service,-,-,-,-,-,Faible,Explicatif/Narratif,Majuscule gras,Moyen,Beaucoup,Non,Anglais,Très contrasté,Haut milieu,0.86,Aucun,Faible (3 éléments),C:\Users\aittayeb\Desktop\Projet_memoir\Visuale\2222272202 SCHWEPPES-femme-abribus.jpg
2623.0,SCHWEPPES,2022.0,2222272202.0,2222272202 SCHWEPPES-femme-paysage,BOISSONS,BOISSONS NON ALCOOLISEES,4.0,Branding,Jaune,Dominante,Produit/Service,-,-,-,-,-,Faible,Explicatif/Narratif,Majuscule gras,Moyen,Beaucoup,Non,Anglais,Très contrasté,Dans le corps du visuel,0.86,Aucun,Faible (3 éléments),C:\Users\aittayeb\Desktop\Projet_memoir\Visuale\2222272202 SCHWEPPES-femme-paysage.jpg
2329.0,VALENTINO,2022.0,2222272203.0,2222272203 VALENTINO-1,HYGIENE_BEAUTE,PARFUMS,3.0,Produit,Jaune,Non ,Personnage,Célébrité,Uniquement pour la marque,Déjà utilisée,Les 2,Jeune adulte,Faible,Explicatif/Narratif,Majuscule gras,Moyen,Beaucoup,Non,Anglais,Très contrasté,Haut milieu,-,Aucun,Faible (3 éléments),C:\Users\aittayeb\Desktop\Projet_memoir\Visuale\2222272203 VALENTINO-1.jpg
2329.0,VALENTINO,2022.0,2222272203.0,2222272203 VALENTINO-2,HYGIENE_BEAUTE,PARFUMS,3.0,Produit,Rose,Non ,Personnage,Célébrité,Uniquement pour la marque,Déjà utilisée,Les 2,Jeune adulte,Faible,Explicatif/Narratif,Majuscule gras,Moyen,Beaucoup,Non,Anglais,Très contrasté,Haut milieu,-,Aucun,Faible (3 éléments),C:\Users\aittayeb\Desktop\Projet_memoir\Visuale\2222272203 VALENTINO-2.jpg
2427.0,PATYKA,2022.0,2222262201.0,2222262201 PATYKA,HYGIENE_BEAUTE,PRODUITS DE SOINS,1.0,Produit,Bleu,Présente,Produit/Service,-,-,-,-,-,Moyen ,Explicatif/Narratif,Majuscule gras,Grand,Moyen,Non,Français,Un peu contrasté,Haut milieu,-,Aucun,Faible (3 éléments),C:\Users\aittayeb\Desktop\Projet_memoir\Visuale\2222262201 PATYKA.jpg
2327.0,LES VIGNERONS DE CHAMPAGNE,2022.0,2222262202.0,2222262202 SGVC-1,BOISSONS,BOISSONS ALCOOLISEES,5.0,Branding,Gris,Non ,Personnage,Personne seule,-,-,Femme,Adulte,Moyen ,Humoristique,Majuscule gras,Moyen,Peu,Non,Français,Pas contrasté,Bas milieu,-,Aucun,Moyen (4-5),C:\Users\aittayeb\Desktop\Projet_memoir\Visuale\2222262202 SGVC-1.jpg
2327.0,LES VIGNERONS DE CHAMPAGNE,2022.0,2222262202.0,2222262202 SGVC-2,BOISSONS,BOISSONS ALCOOLISEES,5.0,Branding,Orange,Non ,Personnage,Personne seule,-,-,Femme,Adulte,Moyen ,Humoristique,Majuscule gras,Moyen,Peu,Non,Français,Un peu contrasté,Bas milieu,-,Aucun,Moyen (4-5),C:\Users\aittayeb\Desktop\Projet_memoir\Visuale\2222262202 SGVC-2.jpg
2327.0,LES VIGNERONS DE CHAMPAGNE,2022.0,2222262202.0,2222262202 SGVC-3,BOISSONS,BOISSONS ALCOOLISEES,5.0,Branding,Bleu,Non ,Personnage,Personne seule,-,-,Femme,Adulte,Moyen ,Humoristique,Majuscule gras,Moyen,Peu,Non,Français,Pas contrasté,Bas milieu,-,Aucun,Moyen (4-5),C:\Users\aittayeb\Desktop\Projet_memoir\Visuale\2222262202 SGVC-3.jpg
2327.0,LES VIGNERONS DE CHAMPAGNE,2022.0,2222262202.0,2222262202 SGVC-4,BOISSONS,BOISSONS ALCOOLISEES,5.0,Branding,Beige,Non ,Personnage,Personne seule,-,-,Homme,Adulte,Moyen ,Humoristique,Majuscule gras,Moyen,Peu,Non,Français,Pas contrasté,Bas milieu,-,Aucun,Moyen (4-5),C:\Users\aittayeb\Desktop\Projet_memoir\Visuale\2222262202 SGVC-4.jpg
2327.0,LES VIGNERONS DE CHAMPAGNE,2022.0,2222262202.0,2222262202 SGVC-5,BOISSONS,BOISSONS ALCOOLISEES,5.0,Branding,Rose,Non ,Personnage,Personne seule,-,-,Homme,Adulte,Moyen ,Humoristique,Majuscule gras,Moyen,Peu,Non,Français,Un peu contrasté,Bas milieu,-,Aucun,Moyen (4-5),C:\Users\aittayeb\Desktop\Projet_memoir\Visuale\2222262202 SGVC-5.jpg
2326.0,OASIS,2022.0,2222252201.0,2222252201 OASIS-pomme-cassis-framboise,BOISSONS,BOISSONS NON ALCOOLISEES,2.0,Produit,Bleu,Non ,Produit/Service,Mascotte,-,-,-,-,Faible,Explicatif/Narratif,Majuscule gras,Moyen,Beaucoup,Non,Français,Un peu contrasté,Dans le corps du visuel,0.87,Aucun,Faible (3 éléments),C:\Users\aittayeb\Desktop\Projet_memoir\Visuale\2222252201 OASIS-pomme-cassis-framboise.jpg
2326.0,OASIS,2022.0,2222252201.0,2222252201 OASIS-tropical,BOISSONS,BOISSONS NON ALCOOLISEES,2.0,Produit,Bleu,Non ,Produit/Service,Mascotte,-,-,-,-,Faible,Explicatif/Narratif,Majuscule gras,Moyen,Beaucoup,Non,Français,Un peu contrasté,Dans le corps du visuel,0.87,Aucun,Faible (3 éléments),C:\Users\aittayeb\Desktop\Projet_memoir\Visuale\2222252201 OASIS-tropical.jpg
2622.0,CAISSE D'EPARGNE,2022.0,2222242201.0,2222242201 CAISSE-EPARGNE-alex,ETS_FINANCIERS_ASSURANCES,BANQUES DE DETAIL,3.0,Branding,Gris,Présente,Personnage,Personne seule,-,-,Homme,Adulte,Moyen ,Explicatif/Narratif,Minuscule gras,Moyen,Moyen,Non,Français,Un peu contrasté,Bas droit,0.88,Aucun,Moyen (4-5),C:\Users\aittayeb\Desktop\Projet_memoir\Visuale\2222242201 CAISSE-EPARGNE-alex.jpg
2622.0,CAISSE D'EPARGNE,2022.0,2222242201.0,2222242201 CAISSE-EPARGNE-alice,ETS_FINANCIERS_ASSURANCES,BANQUES DE DETAIL,3.0,Branding,Gris,Présente,Personnage,Personne seule,-,-,Femme,Adulte,Moyen ,Explicatif/Narratif,Minuscule gras,Moyen,Moyen,Non,Français,Un peu contrasté,Bas droit,0.88,Aucun,Moyen (4-5),C:\Users\aittayeb\Desktop\Projet_memoir\Visuale\2222242201 CAISSE-EPARGNE-alice.jpg
2622.0,CAISSE D'EPARGNE,2022.0,2222242201.0,2222242201 CAISSE-EPARGNE-jeanne,ETS_FINANCIERS_ASSURANCES,BANQUES DE DETAIL,3.0,Branding,Gris,Présente,Personnage,Personne seule,-,-,Femme,Adulte,Moyen ,Explicatif/Narratif,Minuscule gras,Moyen,Moyen,Non,Français,Un peu contrasté,Bas droit,0.88,Aucun,Moyen (4-5),C:\Users\aittayeb\Desktop\Projet_memoir\Visuale\2222242201 CAISSE-EPARGNE-jeanne.jpg
2325.0,KFC,2022.0,2222242202.0,2222242202 KFC-1,RESTAURATION,RESTAURATION RAPIDE,3.0,Branding,Bleu,Présente,Claim,Animal,-,-,-,-,Moyen ,Humoristique,Majuscule gras,Moyen,Peu,Non,Français,Un peu contrasté,Bas droit,0.86,Aucun,Moyen (4-5),C:\Users\aittayeb\Desktop\Projet_memoir\Visuale\2222242202 KFC-1.jpg
2325.0,KFC,2022.0,2222242202.0,2222242202 KFC-2,RESTAURATION,RESTAURATION RAPIDE,3.0,Branding,Bleu,Présente,Claim,Animal,-,-,-,-,Moyen ,Humoristique,Majuscule gras,Moyen,Peu,Non,Français,Un peu contrasté,Bas droit,0.86,Aucun,Moyen (4-5),C:\Users\aittayeb\Desktop\Projet_memoir\Visuale\2222242202 KFC-2.jpg
2622.0,CAISSE D'EPARGNE,2022.0,2222232201.0,2222232201 AFF-2m2_MRH-ASSURANCE_Ech1cinq_1185x1750mm_V,ETS_FINANCIERS_ASSURANCES,BANQUES DE DETAIL,1.0,Branding,Marron,Présente,Personnage,Personne seule,-,-,Homme,Enfant,Moyen ,Explicatif/Narratif,Minuscule gras,Moyen,Moyen,Non,Français,Un peu contrasté,Bas droit,0.88,Aucun,Moyen (4-5),C:\Users\aittayeb\Desktop\Projet_memoir\Visuale\2222232201 AFF-2m2_MRH-ASSURANCE_Ech1cinq_1185x1750mm_V.jpg
2322.0,VOLVO,2022.0,2222232202.0,2222232202 VOLVO_118_5x175_5e_C40_Recharge_100pctElectrique_JCDecaux_2-OK,AUTOMOBILE_TRANSPORT,AUTOMOBILES POIDS LOURDS,2.0,Produit,Bleu,Non ,Produit/Service,-,-,-,-,-,Moyen ,Descriptif,Majuscule gras,Petit,Beaucoup,Non,Français,Pas contrasté,Haut milieu,0.83,Aucun,Faible (3 éléments),C:\Users\aittayeb\Desktop\Projet_memoir\Visuale\2222232202 VOLVO_118_5x175_5e_C40_Recharge_100pctElectrique_JCDecaux_2-OK.jpg
2322.0,VOLVO,2022.0,2222232202.0,2222232202 VOLVO_314x231_COLLE_10e_C40_Recharge_100pctElectrique_JCDecaux_1-OK,AUTOMOBILE_TRANSPORT,AUTOMOBILES POIDS LOURDS,2.0,Produit,Bleu,Non ,Produit/Service,-,-,-,-,-,Moyen ,Descriptif,Majuscule gras,Petit,Beaucoup,Non,Français,Pas contrasté,Haut milieu,0.83,Aucun,Faible (3 éléments),C:\Users\aittayeb\Desktop\Projet_memoir\Visuale\2222232202 VOLVO_314x231_COLLE_10e_C40_Recharge_100pctElectrique_JCDecaux_1-OK.jpg
2323.0,BROSSARD,2022.0,2222232211.0,"2222232211 118,5x175-sav-fam-test",ALIMENTATION,PANIFICATION,2.0,Branding,Jaune,Dominante,Produit/Service,-,-,-,-,-,Moyen ,Explicatif/Narratif,Majuscule gras,Petit,Moyen,Non,Français,Un peu contrasté,Haut milieu,0.79,Aucun,Moyen (4-5),"C:\Users\aittayeb\Desktop\Projet_memoir\Visuale\2222232211 118,5x175-sav-fam-test.jpg"
2323.0,BROSSARD,2022.0,2222232211.0,"2222232211 118,5x175-sav-pocket-test-logo",ALIMENTATION,PANIFICATION,2.0,Branding,Jaune,Dominante,Produit/Service,-,-,-,-,-,Moyen ,Explicatif/Narratif,Majuscule gras,Petit,Moyen,Non,Français,Un peu contrasté,Haut milieu,0.79,Aucun,Moyen (4-5),"C:\Users\aittayeb\Desktop\Projet_memoir\Visuale\2222232211 118,5x175-sav-pocket-test-logo.jpg"
2429.0,HOURA,2022.0,2222212201.0,2222212201 HOURA-1-1,PURE_PLAYERS,COMMERCES,5.0,Service,Rouge,Non ,Claim,Personne seule,-,-,Femme,Adulte,Fort,Humoristique,Majuscule gras,Moyen,Peu,Non,Français,Un peu contrasté,Bas gauche,0.18,Aucun,Moyen (4-5),C:\Users\aittayeb\Desktop\Projet_memoir\Visuale\2222212201 HOURA-1-1.jpg
2429.0,HOURA,2022.0,2222212201.0,2222212201 HOURA-1-2,PURE_PLAYERS,COMMERCES,5.0,Service,Rose,Non ,Claim,Animal,-,-,-,-,Fort,Humoristique,Majuscule gras,Moyen,Peu,Non,Français,Un peu contrasté,Bas gauche,0.18,Aucun,Moyen (4-5),C:\Users\aittayeb\Desktop\Projet_memoir\Visuale\2222212201 HOURA-1-2.jpg
2429.0,HOURA,2022.0,2222212201.0,2222212201 HOURA-1-3,PURE_PLAYERS,COMMERCES,5.0,Service,Jaune,Non ,Claim,Couple,-,-,Les 2,Adulte,Fort,Humoristique,Majuscule gras,Moyen,Peu,Non,Français,Un peu contrasté,Bas gauche,0.18,Aucun,Moyen (4-5),C:\Users\aittayeb\Desktop\Projet_memoir\Visuale\2222212201 HOURA-1-3.jpg
2429.0,HOURA,2022.0,2222212201.0,2222212201 HOURA-2-1,PURE_PLAYERS,COMMERCES,5.0,Service,Bleu,Non ,Claim,Personne seule,-,-,Femme,Adulte,Fort,Humoristique,Majuscule gras,Moyen,Peu,Non,Français,Un peu contrasté,Bas gauche,0.18,Aucun,Moyen (4-5),C:\Users\aittayeb\Desktop\Projet_memoir\Visuale\2222212201 HOURA-2-1.jpg
2429.0,HOURA,2022.0,2222212201.0,2222212201 HOURA-2-5,PURE_PLAYERS,COMMERCES,5.0,Service,Vert,Non ,Claim,Personne seule,-,-,Femme,Adulte,Fort,Humoristique,Majuscule gras,Moyen,Peu,Non,Français,Un peu contrasté,Bas gauche,0.18,Aucun,Moyen (4-5),C:\Users\aittayeb\Desktop\Projet_memoir\Visuale\2222212201 HOURA-2-5.jpg
2615.0,GIORGIO ARMANI,2022.0,2222492204.0,2222492204 GA_SI_XMAS22_SI-EDP_JCD_1160x1700_1185x1750_FR,HYGIENE_BEAUTE,PARFUMS,2.0,Produit,Noir,Présente,Personnage,Célébrité,Uniquement pour la marque,Déjà utilisée,Femme,Adulte,Inexistant,-,-,Grand,Beaucoup,Non,Aucun claim,Très contrasté,Bas droit,-,Aucun,Faible (3 éléments),C:\Users\aittayeb\Desktop\Projet_memoir\Visuale\2222492204 GA_SI_XMAS22_SI-EDP_JCD_1160x1700_1185x1750_FR.jpg
2615.0,GIORGIO ARMANI,2022.0,2222492204.0,2222492204 GA-PRIVE_PIVOINE_JCD_1160x1700_1185x1750_FR_V3,HYGIENE_BEAUTE,PARFUMS,2.0,Produit,Noir,Non ,Produit/Service,-,-,-,-,-,Inexistant,-,-,Grand,Beaucoup,Non,Aucun claim,Très contrasté,Haut milieu,-,Aucun,Faible (3 éléments),C:\Users\aittayeb\Desktop\Projet_memoir\Visuale\2222492204 GA-PRIVE_PIVOINE_JCD_1160x1700_1185x1750_FR_V3.jpg
2618.0,LANCOME,2022.0,2222362211.0,2222362211 lancome la vie est belle,HYGIENE_BEAUTE,PARFUMS,1.0,Produit,Violet,Présente,Personnage,Célébrité,Uniquement pour la marque,Déjà utilisée,Femme,Adulte,Faible,Descriptif,Minuscule sans gras ,Grand,Beaucoup,Non,Aucun claim,Un peu contrasté,Bas milieu,0.82,Aucun,Faible (3 éléments),C:\Users\aittayeb\Desktop\Projet_memoir\Visuale\2222362211 lancome la vie est belle.jpg
2370.0,FREE TELECOM,2023.0,2223012301.0,2223012301 FREE-fibre-abribus,TELECOMMUNICATIONS,OPERATEURS TELECOMMUNIC.,4.0,Produit,Blanc,Non ,Produit/Service,-,,,-,-,Fort,Descriptif,Minuscule gras,Moyen,Moyen,Non,Français,Très contrasté,Haut milieu,0.92,Prix indiqué,Moyen (4-5),C:\Users\aittayeb\Desktop\Projet_memoir\Visuale\2223012301 FREE-fibre-abribus.jpg
2370.0,FREE TELECOM,2023.0,2223012301.0,2223012301 FREE-wifi-abribus,TELECOMMUNICATIONS,OPERATEURS TELECOMMUNIC.,4.0,Produit,Blanc,Non ,Produit/Service,-,,,-,-,Fort,Descriptif,Minuscule gras,Moyen,Moyen,Non,Français,Très contrasté,Haut milieu,0.92,Prix indiqué,Moyen (4-5),C:\Users\aittayeb\Desktop\Projet_memoir\Visuale\2223012301 FREE-wifi-abribus.jpg
2370.0,FREE TELECOM,2023.0,2223012301.0,2223012301 FREE-fibre-paysage,TELECOMMUNICATIONS,OPERATEURS TELECOMMUNIC.,4.0,Produit,Blanc,Non ,Produit/Service,-,,,-,-,Fort,Descriptif,Minuscule gras,Moyen,Moyen,Non,Français,Très contrasté,Haut milieu,0.92,Prix indiqué,Moyen (4-5),C:\Users\aittayeb\Desktop\Projet_memoir\Visuale\2223012301 FREE-fibre-paysage.jpg
2380.0,BURGER KING,2023.0,2223022301.0,2223022301 BURGER KING-OOH-TASTE-BETTER-1,RESTAURATION,RESTAURATION RAPIDE,3.0,Produit,Bleu,Non ,Produit/Service,-,,,-,-,Moyen,Humoristique,Minuscule gras,Moyen,peu,Non,Français,Un peu contrasté,Bas droit,0.89,Aucun,Moyen (4-5),C:\Users\aittayeb\Desktop\Projet_memoir\Visuale\2223022301 BURGER KING-OOH-TASTE-BETTER-1.jpg
2380.0,BURGER KING,2023.0,2223022301.0,2223022301 BURGER KING-OOH_TASTE-BETTER-3,RESTAURATION,RESTAURATION RAPIDE,3.0,Produit,Marron,Non ,Produit/Service,-,,,-,-,Moyen,Humoristique,Minuscule gras,Moyen,peu,Non,Français,Un peu contrasté,Bas droit,0.89,Aucun,Moyen (4-5),C:\Users\aittayeb\Desktop\Projet_memoir\Visuale\2223022301 BURGER KING-OOH_TASTE-BETTER-3.jpg
2402.0,EVIAN,2023.0,2223022302.0,2223022302 EVIAN DRINK-TRUE,ALIMENTATION,BOISSONS ALIMENTAIRES,4.0,Produit,Blanc,Non ,Personnage,Oui,,,Femme,Adulte,Faible,Explicatif/Narratif,Minuscule gras,Moyen,Beaucoup,Oui,Français,Un peu contrasté,Bas gauche,0.89,Aucun,Faible (3 éléments),C:\Users\aittayeb\Desktop\Projet_memoir\Visuale\2223022302 EVIAN DRINK-TRUE.jpg
2402.0,EVIAN,2023.0,2223022302.0,2223022302 EVIAN PAPA,ALIMENTATION,BOISSONS ALIMENTAIRES,4.0,Produit,Blanc,Non ,Personnage,Oui,,,Homme,Adulte et bébé,Faible,Explicatif/Narratif,Minuscule gras,Moyen,Beaucoup,Non,Français,Un peu contrasté,Bas gauche,0.89,Aucun,Faible (3 éléments),C:\Users\aittayeb\Desktop\Projet_memoir\Visuale\2223022302 EVIAN PAPA.jpg
2402.0,EVIAN,2023.0,2223022302.0,2223022302 EVIAN DRINK-TRUE-PANO,ALIMENTATION,BOISSONS ALIMENTAIRES,4.0,Produit,Blanc,Non ,Personnage,Oui,,,Femme,Adulte,Faible,Explicatif/Narratif,Minuscule gras,Moyen,Beaucoup,Oui,Français,Un peu contrasté,Bas gauche,0.89,Aucun,Faible (3 éléments),C:\Users\aittayeb\Desktop\Projet_memoir\Visuale\2223022302 EVIAN DRINK-TRUE-PANO.jpg
2402.0,EVIAN,2023.0,2223022302.0,2223022302 EVIAN MAMAN,ALIMENTATION,BOISSONS ALIMENTAIRES,4.0,Produit,Blanc,Non ,Personnage,Oui,,,Femme,Adulte,Faible,Explicatif/Narratif,Minuscule gras,Moyen,Beaucoup,Oui,Français,Un peu contrasté,Bas gauche,0.89,Aucun,Faible (3 éléments),C:\Users\aittayeb\Desktop\Projet_memoir\Visuale\2223022302 EVIAN MAMAN.jpg
2369.0,COLLECTIVE,2023.0,2223032301.0,2223032301 VINS-ALSACE-finesse,BOISSONS,BOISSONS ALCOOLISEES,4.0,Branding,Blanc,Présente,Produit/Service,-,,,-,Multi générationnel,Fort,Humoristique,Majuscule gras,Moyen,Beaucoup,Non,Français,Un peu contrasté,Bas droit,-,Aucun,Moyen (4-5),C:\Users\aittayeb\Desktop\Projet_memoir\Visuale\2223032301 VINS-ALSACE-finesse.jpg
2369.0,COLLECTIVE,2023.0,2223032301.0,2223032301 VINS-ALSACE-Grands-Crus,BOISSONS,BOISSONS ALCOOLISEES,4.0,Branding,Blanc,Présente,Produit/Service,-,,,-,Multi générationnel,Fort,Humoristique,Majuscule gras,Moyen,Beaucoup,Non,Français,Un peu contrasté,Bas droit,-,Aucun,Moyen (4-5),C:\Users\aittayeb\Desktop\Projet_memoir\Visuale\2223032301 VINS-ALSACE-Grands-Crus.jpg
2369.0,COLLECTIVE,2023.0,2223032301.0,2223032301 VINS-ALSACE-nets,BOISSONS,BOISSONS ALCOOLISEES,4.0,Branding,Blanc,Présente,Produit/Service,-,,,-,Multi générationnel,Fort,Humoristique,Majuscule gras,Moyen,Beaucoup,Non,Français,Un peu contrasté,Bas droit,-,Aucun,Moyen (4-5),C:\Users\aittayeb\Desktop\Projet_memoir\Visuale\2223032301 VINS-ALSACE-nets.jpg
2369.0,COLLECTIVE,2023.0,2223032301.0,2223032301 VINS-ALSACE-uniques,BOISSONS,BOISSONS ALCOOLISEES,4.0,Branding,Blanc,Présente,Produit/Service,-,,,-,Multi générationnel,Fort,Humoristique,Majuscule gras,Moyen,Beaucoup,Non,Français,Un peu contrasté,Bas droit,-,Aucun,Moyen (4-5),C:\Users\aittayeb\Desktop\Projet_memoir\Visuale\2223032301 VINS-ALSACE-uniques.jpg
2401.0,M6,2023.0,2223052301.0,2223052301 M6-AIMER,INFORMATION_MEDIA,CHAINES TV/ RADIO,8.0,Branding,Vert,Non ,Personnage,Célébrité,Sur d'autres marques,Déjà utilisée,Femme,Adulte,Moyen,Explicatif/Narratif,Majuscule gras,Petit,Peu,Non,Français,Très contrasté,Bas gauche,0.91,Aucun,Faible (3 éléments),C:\Users\aittayeb\Desktop\Projet_memoir\Visuale\2223052301 M6-AIMER.jpg
2401.0,M6,2023.0,2223052301.0,2223052301 M6-EXPLIQUER,INFORMATION_MEDIA,CHAINES TV/ RADIO,8.0,Branding,Rouge,Non ,Personnage,Célébrité,Sur d'autres marques,Déjà utilisée,Homme,Adulte,Moyen,Explicatif/Narratif,Majuscule gras,Petit,Peu,Non,Français,Très contrasté,Bas gauche,0.91,Aucun,Faible (3 éléments),C:\Users\aittayeb\Desktop\Projet_memoir\Visuale\2223052301 M6-EXPLIQUER.jpg
2401.0,M6,2023.0,2223052301.0,2223052301 M6-INFORMER,INFORMATION_MEDIA,CHAINES TV/ RADIO,8.0,Branding,Bleu,Non ,Personnage,Célébrité,Sur d'autres marques,Déjà utilisée,Les 2,Adulte,Moyen,Explicatif/Narratif,Majuscule gras,Petit,Peu,Non,Français,Très contrasté,Bas gauche,0.91,Aucun,Faible (3 éléments),C:\Users\aittayeb\Desktop\Projet_memoir\Visuale\2223052301 M6-INFORMER.jpg
2401.0,M6,2023.0,2223052302.0,2223052302 M6-ACCOMPAGNER,INFORMATION_MEDIA,CHAINES TV/ RADIO,8.0,Branding,Bleu,Non ,Personnage,Célébrité,Sur d'autres marques,Déjà utilisée,Homme,Adulte,Moyen,Explicatif/Narratif,Majuscule gras,Petit,Peu,Non,Français,Très contrasté,Bas gauche,0.91,Aucun,Faible (3 éléments),C:\Users\aittayeb\Desktop\Projet_memoir\Visuale\2223052302 M6-ACCOMPAGNER.jpg
2401.0,M6,2023.0,2223052302.0,2223052302 M6-ENQUETER,INFORMATION_MEDIA,CHAINES TV/ RADIO,8.0,Branding,Rouge,Non ,Personnage,Célébrité,Sur d'autres marques,Déjà utilisée,Les 2,Adulte,Moyen,Explicatif/Narratif,Majuscule gras,Petit,Peu,Non,Français,Très contrasté,Bas gauche,0.91,Aucun,Faible (3 éléments),C:\Users\aittayeb\Desktop\Projet_memoir\Visuale\2223052302 M6-ENQUETER.jpg
2401.0,M6,2023.0,2223052302.0,2223052302 M6-RIRE,INFORMATION_MEDIA,CHAINES TV/ RADIO,8.0,Branding,Jaune,Non ,Personnage,Célébrité,Sur d'autres marques,Déjà utilisée,Homme,Sénior,Moyen,Explicatif/Narratif,Majuscule gras,Petit,Peu,Non,Français,Très contrasté,Bas gauche,0.91,Aucun,Faible (3 éléments),C:\Users\aittayeb\Desktop\Projet_memoir\Visuale\2223052302 M6-RIRE.jpg
2401.0,M6,2023.0,2223052302.0,2223052302 M6-TRANSMETTRE,INFORMATION_MEDIA,CHAINES TV/ RADIO,8.0,Branding,Orange,Non ,Personnage,Célébrité,Sur d'autres marques,Déjà utilisée,Homme,Adulte,Moyen,Explicatif/Narratif,Majuscule gras,Petit,Peu,Non,Français,Très contrasté,Bas gauche,0.91,Aucun,Faible (3 éléments),C:\Users\aittayeb\Desktop\Projet_memoir\Visuale\2223052302 M6-TRANSMETTRE.jpg
2371.0,UNIBET,2023.0,2223062301.0,2223062301 UNIBET-maillot,PURE_PLAYERS,PARIS SPORTIFS,5.0,Offre,Vert,Dominante,Claim,-,,,-,Jeune adulte,Moyen,Humoristique,Majuscule gras,Grand,Moyen,Non,Français,Très contrasté,Bas gauche,0.4,Aucun,Moyen (4-5),C:\Users\aittayeb\Desktop\Projet_memoir\Visuale\2223062301 UNIBET-maillot.jpg
2371.0,UNIBET,2023.0,2223062301.0,2223062301 UNIBET-oreilles,PURE_PLAYERS,PARIS SPORTIFS,5.0,Offre,Vert,Dominante,Claim,-,,,-,Jeune adulte,Moyen,Humoristique,Majuscule gras,Grand,Moyen,Non,Français,Très contrasté,Bas gauche,0.4,Aucun,Moyen (4-5),C:\Users\aittayeb\Desktop\Projet_memoir\Visuale\2223062301 UNIBET-oreilles.jpg
2371.0,UNIBET,2023.0,2223062301.0,2223062301 UNIBET-pari,PURE_PLAYERS,PARIS SPORTIFS,5.0,Offre,Vert,Dominante,Claim,-,,,-,Jeune adulte,Moyen,Humoristique,Majuscule gras,Grand,Moyen,Non,Français,Très contrasté,Bas gauche,0.4,Aucun,Moyen (4-5),C:\Users\aittayeb\Desktop\Projet_memoir\Visuale\2223062301 UNIBET-pari.jpg
2371.0,UNIBET,2023.0,2223062301.0,2223062301 UNIBET-pied,PURE_PLAYERS,PARIS SPORTIFS,5.0,Offre,Vert,Dominante,Claim,-,,,-,Jeune adulte,Moyen,Humoristique,Majuscule gras,Grand,Moyen,Non,Français,Très contrasté,Bas gauche,0.4,Aucun,Moyen (4-5),C:\Users\aittayeb\Desktop\Projet_memoir\Visuale\2223062301 UNIBET-pied.jpg
2437.0,PRESIDENT,2023.0,2223072301.0,2223072301 PRESIDENT-camembert,ALIMENTATION,PRODUITS LAITIERS,5.0,Branding ,Rouge,Dominante,Personnage,Deux personnes,,,Les 2,Adulte,Faible,Humoristique,Majuscule gras,Petit,Beaucoup,Non,Français,Un peu contrasté,Haut gauche,0.88,Aucun,Faible (3 éléments),C:\Users\aittayeb\Desktop\Projet_memoir\Visuale\2223072301 PRESIDENT-camembert.jpg
2437.0,PRESIDENT,2023.0,2223072301.0,2223072301 PRESIDENT-crème,ALIMENTATION,PRODUITS LAITIERS,5.0,Branding ,Rouge,Dominante,Personnage,Une personne ,,,Femme,Adulte,Faible,Humoristique,Majuscule gras,Petit,Beaucoup,Non,Français,Un peu contrasté,Haut gauche,0.88,Aucun,Faible (3 éléments),C:\Users\aittayeb\Desktop\Projet_memoir\Visuale\2223072301 PRESIDENT-crème.jpg
2437.0,PRESIDENT,2023.0,2223072301.0,2223072301 PRESIDENT-emmental,ALIMENTATION,PRODUITS LAITIERS,5.0,Branding ,Rouge,Dominante,Personnage,Une personne ,,,Homme,Jeune adulte,Faible,Humoristique,Majuscule gras,Petit,Beaucoup,Non,Français,Un peu contrasté,Haut gauche,0.88,Aucun,Faible (3 éléments),C:\Users\aittayeb\Desktop\Projet_memoir\Visuale\2223072301 PRESIDENT-emmental.jpg
2437.0,PRESIDENT,2023.0,2223072301.0,2223072301 PRESIDENT-extra-fondant,ALIMENTATION,PRODUITS LAITIERS,5.0,Branding ,Rouge,Dominante,Personnage,Une personne ,,,Femme,Adulte,Faible,Humoristique,Majuscule gras,Petit,Beaucoup,Non,Français,Un peu contrasté,Haut gauche,0.88,Aucun,Faible (3 éléments),C:\Users\aittayeb\Desktop\Projet_memoir\Visuale\2223072301 PRESIDENT-extra-fondant.jpg
2438.0,MC DONALDS,2023.0,2223072302.0,2223072302 McDONALDS-coca,RESTAURATION,RESTAURATION RAPIDE,3.0,Branding ,Marron,Non ,Produit/Service,Non,,,-,-,Faible,-,-,Petit,Beaucoup,Non,Aucun claim,Pas contrasté,Bas milieu,0.95,Aucun,Faible (3 éléments),C:\Users\aittayeb\Desktop\Projet_memoir\Visuale\2223072302 McDONALDS-coca.jpg
2438.0,MC DONALDS,2023.0,2223072302.0,2223072302 McDONALDS-sundae,RESTAURATION,RESTAURATION RAPIDE,3.0,Branding ,Blanc,Non ,Produit/Service,Non,,,-,-,Faible,-,-,Petit,Beaucoup,Non,Aucun claim,Un peu contrasté,Bas milieu,0.95,Aucun,Faible (3 éléments),C:\Users\aittayeb\Desktop\Projet_memoir\Visuale\2223072302 McDONALDS-sundae.jpg
2381.0,BURGER KING,2023.0,2223082301.0,2223082301 BURGER KING -nouvelle vaisselle réutilisable-2,RESTAURATION,RESTAURATION RAPIDE,3.0,Produit,Beige,Non ,Packaging,Oui,,,Homme,Adulte,Moyen,Humoristique,Minuscule gras,Moyen,Moyen,Non,Français,Très contrasté,Bas droit,0.89,Aucun,Moyen (4-5),C:\Users\aittayeb\Desktop\Projet_memoir\Visuale\2223082301 BURGER KING -nouvelle vaisselle réutilisable-2.png
2381.0,BURGER KING,2023.0,2223082301.0,2223082301 BURGER KING -nouvelle vaisselle réutilisable-1,RESTAURATION,RESTAURATION RAPIDE,3.0,Produit,Rouge,Non ,Packaging,Oui,,,Femme,Adulte,Moyen,Humoristique,Minuscule gras,Moyen,Moyen,Non,Français,Très contrasté,Bas droit,0.89,Aucun,Moyen (4-5),C:\Users\aittayeb\Desktop\Projet_memoir\Visuale\2223082301 BURGER KING -nouvelle vaisselle réutilisable-1.png
2381.0,BURGER KING,2023.0,2223082301.0,2223082301 BURGER KING -nouvelle vaisselle réutilisable-3,RESTAURATION,RESTAURATION RAPIDE,3.0,Produit,Rose,Non ,Packaging,Oui,,,Homme,Adulte,Moyen,Humoristique,Minuscule gras,Moyen,Moyen,Non,Français,Très contrasté,Bas droit,0.89,Aucun,Moyen (4-5),C:\Users\aittayeb\Desktop\Projet_memoir\Visuale\2223082301 BURGER KING -nouvelle vaisselle réutilisable-3.png
2439.0,FREE TELECOM,2023.0,2223102302.0,2223102302 FREE-bus,TELECOMMUNICATIONS,OPERATEURS TELECOMMUNIC.,2.0,Offre,Blanc,Présente,Claim,-,,,-,Multi générationnel,Moyen,Descriptif,Minuscule gras,Moyen,Moyen,Non,Français,Un peu contrasté,Bas milieu,0.92,Prix indiqué,Faible (3 éléments),C:\Users\aittayeb\Desktop\Projet_memoir\Visuale\2223102302 FREE-bus.jpg
2382.0,OPCO2i,2023.0,2223102301.0,2223102301 AVEC-L'INDUSTRIE-on fabrique-1,INDUSTRIE,INDUSTRIE,5.0,Service,Beige,Non ,Icone,Oui,,,Femme,Jeune adulte,Fort,Explicatif/Narratif,Minuscule gras,Moyen,Moyen,Non,Français,Un peu contrasté,Bas milieu,-,Aucun,Elevée (plus de 6),C:\Users\aittayeb\Desktop\Projet_memoir\Visuale\2223102301 AVEC-L'INDUSTRIE-on fabrique-1.jpg
2382.0,OPCO2i,2023.0,2223102301.0,2223102301 AVEC-L'INDUSTRIE-on fabrique-2,INDUSTRIE,INDUSTRIE,5.0,Service,Bleu,Non ,Personnage,Oui,,,Femme,Jeune adulte,Fort,Explicatif/Narratif,Minuscule gras,Moyen,Moyen,Non,Français,Un peu contrasté,Bas milieu,-,Aucun,Elevée (plus de 6),C:\Users\aittayeb\Desktop\Projet_memoir\Visuale\2223102301 AVEC-L'INDUSTRIE-on fabrique-2.jpg
2382.0,OPCO2i,2023.0,2223102301.0,2223102301 AVEC-L'INDUSTRIE -on fabrique-3,INDUSTRIE,INDUSTRIE,5.0,Service,Violet,Non ,Personnage,Oui,,,Les 2,Jeune adulte,Fort,Explicatif/Narratif,Minuscule gras,Moyen,Moyen,Non,Français,Un peu contrasté,Bas milieu,-,Aucun,Elevée (plus de 6),C:\Users\aittayeb\Desktop\Projet_memoir\Visuale\2223102301 AVEC-L'INDUSTRIE -on fabrique-3.jpg
2382.0,OPCO2i,2023.0,2223102301.0,2223102301 AVEC-L'INDUSTRIE-on fabrique-4,INDUSTRIE,INDUSTRIE,5.0,Service,Marron,Non ,Personnage,Oui,,,Homme,Adulte,Fort,Explicatif/Narratif,Minuscule gras,Moyen,Moyen,Non,Français,Un peu contrasté,Bas milieu,-,Aucun,Elevée (plus de 6),C:\Users\aittayeb\Desktop\Projet_memoir\Visuale\2223102301 AVEC-L'INDUSTRIE-on fabrique-4.jpg
2382.0,OPCO2i,2023.0,2223102301.0,2223102301 AVEC-L'INDUSTRIE-on fabrique-5,INDUSTRIE,INDUSTRIE,5.0,Service,Bleu,Non ,Personnage,Oui,,,Homme,Adulte,Fort,Explicatif/Narratif,Minuscule gras,Moyen,Moyen,Non,Français,Un peu contrasté,Bas milieu,-,Aucun,Elevée (plus de 6),C:\Users\aittayeb\Desktop\Projet_memoir\Visuale\2223102301 AVEC-L'INDUSTRIE-on fabrique-5.jpg
2373.0,GIVENCHY PARFUMS,2023.0,2223112301.0,2223112301 GIVENCHY-flacon,HYGIENE_BEAUTE,PARFUMS,3.0,Produit,Noir,Dominante,Produit/Service,Une personne,Uniquement pour la marque,1ère utilisation ,-,-,Faible,Aucun,Majuscule gras,Grand,Beaucoup,Non,Anglais,Un peu contrasté,Bas milieu,-,Aucun,Faible (3 éléments),C:\Users\aittayeb\Desktop\Projet_memoir\Visuale\2223112301 GIVENCHY-flacon.jpg
2398.0,TEZENIS ,2023.0,2223112303.0,2223112303 CALZEDONIA-FR-OOH-LAYOUT,MODE_ET_ACCESSOIRES,LINGERIE ET BALNEAIRE,1.0,Produit,Beige,Non ,Personnage,Oui,,,Femme,Adulte,Faible,Explicatif/Narratif,Minuscule gras,Grand,Peu,Non,Français,Un peu contrasté,Haut milieu,-,Prix indiqué,Faible (3 éléments),C:\Users\aittayeb\Desktop\Projet_memoir\Visuale\2223112303 CALZEDONIA-FR-OOH-LAYOUT.jpg
2399.0,L'OREAL PARIS,2023.0,2223112302.0,2223112302 L'OREAL-REVITALIFT,HYGIENE_BEAUTE,PRODUITS DE SOINS,1.0,Produit,Orange,Non ,Produit/Service,Non,,,-,-,Faible,Explicatif/Narratif,Majuscule gras,Petit,Moyen,Non,Français,Un peu contrasté,Haut milieu,0.86,Aucun,Moyen (4-5),C:\Users\aittayeb\Desktop\Projet_memoir\Visuale\2223112302 L'OREAL-REVITALIFT.jpg
2397.0,FREE TELECOM,2023.0,2223132301.0,2223132301 FREE,TELECOMMUNICATIONS,OPERATEURS TELECOMMUNIC.,1.0,Produit,Noir,Présente,Produit/Service,Non,,,-,-,Fort,Humoristique,Minuscule gras,Petit,Moyen,Non,Français,Un peu contrasté,Haut milieu,0.92,Prix indiqué,Moyen (4-5),C:\Users\aittayeb\Desktop\Projet_memoir\Visuale\2223132301 FREE.jpg
2581.0,BUT,2023.0,2223162309.0,2223162309 BUT-cuisines mai 2023-1,DISTRIBUTION,DISTRIBUTION SPECIALISEE,6.0,Produit,Noir,Dominante,Produit/Service,-,,,-,-,Fort,Explicatif/Narratif,Minuscule gras,Moyen,Moyen,Non,Français,Un peu contrasté,Haut gauche,0.87,Promotion indiquée,Elevée (plus de 6),C:\Users\aittayeb\Desktop\Projet_memoir\Visuale\2223162309 BUT-cuisines mai 2023-1.JPG
2581.0,BUT,2023.0,2223162309.0,2223162309 BUT-cuisines mai 2023-2,DISTRIBUTION,DISTRIBUTION SPECIALISEE,6.0,Produit,Noir,Dominante,Produit/Service,-,,,-,-,Fort,Explicatif/Narratif,Minuscule gras,Moyen,Moyen,Non,Français,Un peu contrasté,Haut gauche,0.87,Promotion indiquée,Elevée (plus de 6),C:\Users\aittayeb\Desktop\Projet_memoir\Visuale\2223162309 BUT-cuisines mai 2023-2.JPG
2581.0,BUT,2023.0,2223162309.0,2223162309 BUT-cuisines mai 2023-3,DISTRIBUTION,DISTRIBUTION SPECIALISEE,6.0,Produit,Noir,Dominante,Produit/Service,-,,,-,-,Fort,Explicatif/Narratif,Minuscule gras,Moyen,Moyen,Non,Français,Un peu contrasté,Haut gauche,0.87,Promotion indiquée,Elevée (plus de 6),C:\Users\aittayeb\Desktop\Projet_memoir\Visuale\2223162309 BUT-cuisines mai 2023-3.JPG
2581.0,BUT,2023.0,2223162309.0,2223162309 BUT-cuisines mai 2023-4,DISTRIBUTION,DISTRIBUTION SPECIALISEE,6.0,Produit,Noir,Dominante,Produit/Service,-,,,-,-,Fort,Explicatif/Narratif,Minuscule gras,Moyen,Moyen,Non,Français,Un peu contrasté,Haut gauche,0.87,Promotion indiquée,Elevée (plus de 6),C:\Users\aittayeb\Desktop\Projet_memoir\Visuale\2223162309 BUT-cuisines mai 2023-4.JPG
2581.0,BUT,2023.0,2223162309.0,2223162309 BUT-cuisines mai 2023-6,DISTRIBUTION,DISTRIBUTION SPECIALISEE,6.0,Produit,Noir,Dominante,Produit/Service,-,,,-,-,Fort,Explicatif/Narratif,Minuscule gras,Moyen,Moyen,Non,Français,Un peu contrasté,Haut gauche,0.87,Promotion indiquée,Elevée (plus de 6),C:\Users\aittayeb\Desktop\Projet_memoir\Visuale\2223162309 BUT-cuisines mai 2023-6.JPG
2574.0,EURO DISNEY SCA ASSOCIES,2023.0,2223172301.0,2223172301 DISNEYLAND-grand final 30 ans-1,TOURISME,PARCS ET LOISIRS,6.0,Branding,Rouge,Présente,Personnage,Mascotte,,,Homme,Jeune adulte,Moyen,Humoristique,Masjuscule sans gras,Moyen,Beaucoup,Non,Français,Très contrasté,Haut milieu,0.93,Aucun,Faible (3 éléments),C:\Users\aittayeb\Desktop\Projet_memoir\Visuale\2223172301 DISNEYLAND-grand final 30 ans-1.jpg
2574.0,EURO DISNEY SCA ASSOCIES,2023.0,2223172301.0,2223172301 DISNEYLAND-grand final 30 ans-2,TOURISME,PARCS ET LOISIRS,6.0,Branding,Noir,Présente,Personnage,Mascotte,,,Homme,Adulte,Moyen,Humoristique,Masjuscule sans gras,Moyen,Beaucoup,Non,Français,Très contrasté,Haut milieu,0.93,Aucun,Faible (3 éléments),C:\Users\aittayeb\Desktop\Projet_memoir\Visuale\2223172301 DISNEYLAND-grand final 30 ans-2.jpg
2574.0,EURO DISNEY SCA ASSOCIES,2023.0,2223172301.0,2223172301 DISNEYLAND-grand final 30 ans-3,TOURISME,PARCS ET LOISIRS,6.0,Branding,Blanc,Présente,Personnage,Mascotte,,,Homme,Adulte,Moyen,Humoristique,Masjuscule sans gras,Moyen,Beaucoup,Non,Français,Très contrasté,Haut milieu,0.93,Aucun,Faible (3 éléments),C:\Users\aittayeb\Desktop\Projet_memoir\Visuale\2223172301 DISNEYLAND-grand final 30 ans-3.jpg
2574.0,EURO DISNEY SCA ASSOCIES,2023.0,2223172301.0,2223172301 DISNEYLAND-grand final 30 ans-4,TOURISME,PARCS ET LOISIRS,6.0,Branding,Bleu,Présente,Personnage,Mascotte,,,Homme,Adulte,Moyen,Humoristique,Masjuscule sans gras,Moyen,Beaucoup,Non,Français,Très contrasté,Haut milieu,0.93,Aucun,Faible (3 éléments),C:\Users\aittayeb\Desktop\Projet_memoir\Visuale\2223172301 DISNEYLAND-grand final 30 ans-4.jpg
2574.0,EURO DISNEY SCA ASSOCIES,2023.0,2223172301.0,2223172301 DISNEYLAND-grand final 30 ans-5,TOURISME,PARCS ET LOISIRS,6.0,Branding,Bleu,Présente,Personnage,Mascotte,,,Homme,Adulte,Moyen,Humoristique,Masjuscule sans gras,Moyen,Beaucoup,Non,Français,Très contrasté,Haut milieu,0.93,Aucun,Faible (3 éléments),C:\Users\aittayeb\Desktop\Projet_memoir\Visuale\2223172301 DISNEYLAND-grand final 30 ans-5.jpg
2574.0,EURO DISNEY SCA ASSOCIES,2023.0,2223172301.0,2223172301 DISNEYLAND-grand final 30 ans-6,TOURISME,PARCS ET LOISIRS,6.0,Branding,Jaune,Présente,Personnage,Mascotte,,,Femme,Adulte,Moyen,Humoristique,Masjuscule sans gras,Moyen,Beaucoup,Non,Français,Très contrasté,Haut milieu,0.93,Aucun,Faible (3 éléments),C:\Users\aittayeb\Desktop\Projet_memoir\Visuale\2223172301 DISNEYLAND-grand final 30 ans-6.jpg
2394.0,VENERGY,2023.0,2223172304.0,2223172304 V-ERNERGY,BOISSONS,BOISSONS NON ALCOOLISEES,1.0,Produit,Vert,Dominante,Mascotte,Oui,,,-,-,Faible,Humoristique,Masjuscule sans gras,Petit,Moyen,Non,Franglais,Un peu contrasté,Haut gauche,-,Aucun,Faible (3 éléments),C:\Users\aittayeb\Desktop\Projet_memoir\Visuale\2223172304 V-ERNERGY.jpg
2395.0,MOET DIAGEO,2023.0,2223172303.0,2223172303 JB-paysage,BOISSONS,BOISSONS ALCOOLISEES,2.0,Produit,Jaune,Présente,Personnage,Oui,Uniquement pour la marque,1ère utilisation ,Les 2,Adulte,Moyen,Explicatif/Narratif,Minuscule et majuscule gras,Petit,Moyen,Non,Français,Un peu contrasté,Bas gauche,-,Aucun,Faible (3 éléments),C:\Users\aittayeb\Desktop\Projet_memoir\Visuale\2223172303 JB-paysage.jpg
2396.0,FREE TELECOM,2023.0,2223172302.0,2223172302 FREE-abribus,TELECOMMUNICATIONS,OPERATEURS TELECOMMUNIC.,2.0,Produit,Gris,Présente,Produit/Service,Non,,,-,-,Fort,Humoristique,Minuscule gras,Petit,Moyen,Non,Français,Un peu contrasté,Haut milieu,0.92,Prix indiqué,Elevée (plus de 6),C:\Users\aittayeb\Desktop\Projet_memoir\Visuale\2223172302 FREE-abribus.jpg
2393.0,OPEL,2023.0,2223192302.0,2223192302 OPEL,AUTOMOBILE_TRANSPORT,AUTOMOBILES POIDS LOURDS,1.0,Produit,Gris,Présente,Produit/Service,Non,,,-,-,Fort,Explicatif/Narratif,Masjuscule sans gras,Moyen,Moyen,Non,Français,Un peu contrasté,Haut gauche,0.85,Prix indiqué,Moyen (4-5),C:\Users\aittayeb\Desktop\Projet_memoir\Visuale\2223192302 OPEL.jpg
2440.0,LACOSTE,2023.0,2223192301.0,2223192301 LACOSTE-Ardoines-NYC,MODE_ET_ACCESSOIRES,PRÊT A PORTER COUTURE,4.0,Branding ,Blanc,Non ,Personnage,Plusieurs personnes,,,Homme,Jeune adulte,Faible,Descriptif,Majuscule gras,Moyen,Beaucoup,Non,Français,Très contrasté,Dans le corps du visuel,0.85,Aucun,Faible (3 éléments),C:\Users\aittayeb\Desktop\Projet_memoir\Visuale\2223192301 LACOSTE-Ardoines-NYC.jpg
2440.0,LACOSTE,2023.0,2223192301.0,2223192301 LACOSTE-RG-Seoul,MODE_ET_ACCESSOIRES,PRÊT A PORTER COUTURE,4.0,Branding ,Bleu,Non ,Personnage,Plusieurs personnes,,,Les 2,Adulte,Faible,Descriptif,Majuscule gras,Moyen,Beaucoup,Non,Français,Très contrasté,Dans le corps du visuel,0.85,Aucun,Faible (3 éléments),C:\Users\aittayeb\Desktop\Projet_memoir\Visuale\2223192301 LACOSTE-RG-Seoul.jpg
2391.0,FROMAGERIES BEL,2023.0,2223202307.0,2223202307 LA VACHE QUI RIT-ABRIBUS-1,ALIMENTATION,PRODUITS LAITIERS,5.0,Produit,Rouge,Dominante,Mascotte,Oui,,,-,-,Moyen,Humoristique,Majuscule gras,Grand,Beaucoup,Non,Français,Un peu contrasté,Haut gauche,0.89,Aucun,Faible (3 éléments),C:\Users\aittayeb\Desktop\Projet_memoir\Visuale\2223202307 LA VACHE QUI RIT-ABRIBUS-1.jpg
2391.0,FROMAGERIES BEL,2023.0,2223202307.0,2223202307 LA VACHE QUI RIT-KIOSQUE_BASTILLE,ALIMENTATION,PRODUITS LAITIERS,5.0,Produit,Rouge,Dominante,Mascotte,Oui,,,-,-,Moyen,Humoristique,Majuscule gras,Grand,Beaucoup,Non,Français,Un peu contrasté,Haut gauche,0.89,Aucun,Faible (3 éléments),C:\Users\aittayeb\Desktop\Projet_memoir\Visuale\2223202307 LA VACHE QUI RIT-KIOSQUE_BASTILLE.jpg
2391.0,FROMAGERIES BEL,2023.0,2223202307.0,2223202307 LA VACHE QUI RIT-KIOSQUE_PANO,ALIMENTATION,PRODUITS LAITIERS,5.0,Produit,Rouge,Dominante,Mascotte,Oui,,,-,-,Moyen,Humoristique,Majuscule gras,Grand,Beaucoup,Non,Français,Un peu contrasté,Haut gauche,0.89,Aucun,Faible (3 éléments),C:\Users\aittayeb\Desktop\Projet_memoir\Visuale\2223202307 LA VACHE QUI RIT-KIOSQUE_PANO.jpg
2392.0,DESPERADOS,2023.0,2223202302.0,2223202302 DESPERADOS,BOISSONS,BOISSONS ALCOOLISEES,1.0,Produit,Jaune,Dominante,Produit/Service,Non,,,-,-,Moyen,Explicatif/Narratif,Masjuscule sans gras,Moyen,Beaucoup,Non,Français,Un peu contrasté,Bas gauche,0.8,Aucun,Elevée (plus de 6),C:\Users\aittayeb\Desktop\Projet_memoir\Visuale\2223202302 DESPERADOS.jpg
2441.0,BMW,2023.0,2223202303.0,2223202303 BMW-abribus,AUTOMOBILE_TRANSPORT,AUTOMOBILES POIDS LOURDS,2.0,Produit,Noir,Non ,Produit/Service,Non,,,-,-,Faible,Descriptif,Majuscule gras,Petit ,Beaucoup,Non,Français,Un peu contrasté,Haut gauche,0.89,Aucun,Faible (3 éléments),C:\Users\aittayeb\Desktop\Projet_memoir\Visuale\2223202303 BMW-abribus.jpg
2441.0,BMW,2023.0,2223202303.0,2223202303 BMW-paysage,AUTOMOBILE_TRANSPORT,AUTOMOBILES POIDS LOURDS,2.0,Produit,Noir,Non ,Produit/Service,Non,,,-,-,Faible,Descriptif,Majuscule gras,Petit ,Beaucoup,Non,Français,Un peu contrasté,Haut gauche,0.89,Aucun,Faible (3 éléments),C:\Users\aittayeb\Desktop\Projet_memoir\Visuale\2223202303 BMW-paysage.jpg
2368.0,LANCOME,2023.0,2223212301.0,2223212301 LANCOME,HYGIENE_BEAUTE,PARFUMS,1.0,Produit,Blanc,Présente,Personnage,Célébrité,Uniquement pour la marque,Déjà utilisée,Femme,Adulte,Faible,Aucun,Minuscule gras,Moyen,Moyen,Non,Français,Un peu contrasté,Haut milieu,0.82,Aucun,Faible (3 éléments),C:\Users\aittayeb\Desktop\Projet_memoir\Visuale\2223212301 LANCOME.jpg
2388.0,KFC,2023.0,2223212302.0,2223212302 KFC,RESTAURATION,RESTAURATION RAPIDE,1.0,Produit,Rouge,Dominante,Produit/Service,Oui,,,Homme,Jeune adulte,Moyen,Humoristique,Majuscule gras,Grand,Peu,Non,Français,Très contrasté,Bas milieu,0.87,Aucun,Faible (3 éléments),C:\Users\aittayeb\Desktop\Projet_memoir\Visuale\2223212302 KFC.jpg
2567.0,BRASSERIE KRONENBOURG,2023.0,2223222304.0,2223222304 1664-à la french-1,BOISSONS,BOISSONS ALCOOLISEES,3.0,Produit,Bleu,Dominante,Produit/Service,Oui,,,Femme,Jeune adulte,Faible,Explicatif/Narratif,Majuscule gras,Moyen,Beaucoup,Non,Franglais,Très contrasté,Bas gauche,-,Aucun,Faible (3 éléments),C:\Users\aittayeb\Desktop\Projet_memoir\Visuale\2223222304 1664-à la french-1.jpg
2389.0,SCHWEPPES,2023.0,2223222302.0,2223222302 SCHWEPPES-agrumes,BOISSONS,BOISSONS NON ALCOOLISEES,2.0,Produit,Jaune,Dominante,Produit/Service,Non,,,-,-,Moyen,Humoristique,Minuscule gras,Grand,Beaucoup,Non,Français,Un peu contrasté,Dans le corps du visuel,0.85,Aucun,Faible (3 éléments),C:\Users\aittayeb\Desktop\Projet_memoir\Visuale\2223222302 SCHWEPPES-agrumes.jpg
2390.0,MARTINI,2023.0,2223222301.0,2223222301 MARTINI-paysage,BOISSONS,BOISSONS ALCOOLISEES,2.0,Produit,Rouge,Présente,Logo,Non,,,-,-,Faible,Explicatif/Narratif,Majuscule gras,Grand,Beaucoup,Non,Français,Un peu contrasté,Dans le corps du visuel,0.82,Aucun,Moyen (4-5),C:\Users\aittayeb\Desktop\Projet_memoir\Visuale\2223222301 MARTINI-paysage.jpg
2390.0,MARTINI,2023.0,2223222301.0,2223222301 MARTINI-portrait,BOISSONS,BOISSONS ALCOOLISEES,2.0,Produit,Rouge,Présente,Personnage,Oui,,,Les 2,Adulte,Faible,Explicatif/Narratif,Majuscule gras,Grand,Beaucoup,Non,Français,Un peu contrasté,Dans le corps du visuel,0.82,Aucun,Moyen (4-5),C:\Users\aittayeb\Desktop\Projet_memoir\Visuale\2223222301 MARTINI-portrait.jpg
2442.0,ZACAPA ,2023.0,2223242301.0,2223242301 ZACAPA-sans le verre-2,BOISSONS,BOISSONS ALCOOLISEES,2.0,Produit,Orange,Dominante,Produit/Service,Non,,,-,-,Moyen,Humoristique,Majuscule gras,Moyen,Beaucoup,Non,Français,Un peu contrasté,Haut milieu,-,Aucun,Moyen (4-5),C:\Users\aittayeb\Desktop\Projet_memoir\Visuale\2223242301 ZACAPA-sans le verre-2.jpg
2443.0,TGV INOUI,2023.0,2223242302.0,2223242302 SNCF-portrait,TOURISME,VOYAGES TOURISME,2.0,Service,Jaune,Non ,Personnage,Oui,,,Femme,Adulte et senior,Fort,Explicatif/Narratif,Majuscule gras,Moyen,Beaucoup,Non,Français,Très contrasté,Bas droit,0.58,Prix indiqué,Elevée (plus de 6),C:\Users\aittayeb\Desktop\Projet_memoir\Visuale\2223242302 SNCF-portrait.jpg
2443.0,TGV INOUI,2023.0,2223242302.0,2223242302 SNCF-paysage,TOURISME,VOYAGES TOURISME,2.0,Service,Jaune,Non ,Personnage,Oui,,,Femme,Adulte et senior,Fort,Explicatif/Narratif,Majuscule gras,Moyen,Beaucoup,Non,Français,Très contrasté,Bas droit,0.58,Prix indiqué,Elevée (plus de 6),C:\Users\aittayeb\Desktop\Projet_memoir\Visuale\2223242302 SNCF-paysage.jpg
2387.0,SELOGER,2023.0,2223242304.0,2223242304 SE-LOGER-on ne choisit pas ses voisins-4,PURE_PLAYERS,SERVICES,4.0,Service,Vert,Non ,Personnage,Oui,,,Homme,Enfant,Fort,Humoristique,Majuscule gras,Petit,Peu,Non,Français,Un peu contrasté,Haut droit,0.71,Aucun,Elevée (plus de 6),C:\Users\aittayeb\Desktop\Projet_memoir\Visuale\2223242304 SE-LOGER-on ne choisit pas ses voisins-4.jpg
2387.0,SELOGER,2023.0,2223242304.0,2223242304 SE-LOGER-on ne choisit pas ses voisins-1,PURE_PLAYERS,SERVICES,4.0,Service,Bleu,Non ,Personnage,Oui,,,Homme,Jeune adulte,Fort,Humoristique,Majuscule gras,Petit,Peu,Non,Français,Un peu contrasté,Haut droit,0.71,Aucun,Elevée (plus de 6),C:\Users\aittayeb\Desktop\Projet_memoir\Visuale\2223242304 SE-LOGER-on ne choisit pas ses voisins-1.jpg
2459.0,CAISSE D'EPARGNE,2023.0,2223242305.0,2223242305 CAISSE-D'EPARGNE-appartement-abribus,ETS_FINANCIERS_ASSURANCES,BANQUES DE DETAIL,4.0,Service,Blanc,Présente,Personnage,Oui,,,Femme,Adulte,Moyen,Explicatif/Narratif,Minuscule gras,Petit,Peu,Oui,Français,Un peu contrasté,Bas droit,0.88,Aucun,Elevée (plus de 6),C:\Users\aittayeb\Desktop\Projet_memoir\Visuale\2223242305 CAISSE-D'EPARGNE-appartement-abribus.jpg
2459.0,CAISSE D'EPARGNE,2023.0,2223242305.0,2223242305 CAISSE-D'EPARGNE-basket-abribus,ETS_FINANCIERS_ASSURANCES,BANQUES DE DETAIL,4.0,Service,Blanc,Présente,Personnage,Oui,,,Homme,Enfant,Moyen,Explicatif/Narratif,Minuscule gras,Petit,Peu,Oui,Français,Un peu contrasté,Bas droit,0.88,Aucun,Elevée (plus de 6),C:\Users\aittayeb\Desktop\Projet_memoir\Visuale\2223242305 CAISSE-D'EPARGNE-basket-abribus.jpg
2459.0,CAISSE D'EPARGNE,2023.0,2223242305.0,2223242305 CAISSE-D'EPARGNE-champ-paysage,ETS_FINANCIERS_ASSURANCES,BANQUES DE DETAIL,4.0,Service,Blanc,Présente,Personnage,Oui,,,Femme,Adulte,Moyen,Explicatif/Narratif,Minuscule gras,Petit,Peu,Oui,Français,Un peu contrasté,Bas droit,0.88,Aucun,Elevée (plus de 6),C:\Users\aittayeb\Desktop\Projet_memoir\Visuale\2223242305 CAISSE-D'EPARGNE-champ-paysage.jpg
2459.0,CAISSE D'EPARGNE,2023.0,2223242305.0,2223242305 CAISSE-D'EPARGNE-handicap-paysage,ETS_FINANCIERS_ASSURANCES,BANQUES DE DETAIL,4.0,Service,Blanc,Présente,Personnage,Oui,,,Homme,Adulte,Moyen,Explicatif/Narratif,Minuscule gras,Petit,Peu,Oui,Français,Un peu contrasté,Bas droit,0.88,Aucun,Elevée (plus de 6),C:\Users\aittayeb\Desktop\Projet_memoir\Visuale\2223242305 CAISSE-D'EPARGNE-handicap-paysage.jpg
2470.0,COLLECTIVE,2023.0,223252311.0,223252311 CHAMPAGNE DE VIGNERONS-Champagne-Brut-et-Mineral-2022-M39L_V2,BOISSONS,BOISSONS ALCOOLISEES,4.0,Branding,Gris,Non ,Personnage,Une personne,,,Femme,Adulte,Moyen,Explicatif/Narratif,Minuscule gras,Moyen,Moyen,Non,Français,Très contrasté,Bas milieu,-,Aucun,Moyen (4-5),C:\Users\aittayeb\Desktop\Projet_memoir\Visuale\223252311 CHAMPAGNE DE VIGNERONS-Champagne-Brut-et-Mineral-2022-M39L_V2.jpg
2445.0,GALLIA PARIS,2023.0,2223262302.0,2223262302 GALLIA,BOISSONS,BOISSONS ALCOOLISEES,1.0,Produit,Bleu,Dominante,Produit/Service,Non,,,-,-,Moyen,Humoristique,Majuscule gras,Grand,Beaucoup,Non,Français,Un peu contrasté,Haut milieu,-,Aucun,Moyen (4-5),C:\Users\aittayeb\Desktop\Projet_memoir\Visuale\2223262302 GALLIA .jpg
2461.0,SOCIETE GENERALE,2023.0,2223262303.0,2223262303 SOCIETE GENERALE-assurance-auto-abribus,ETS_FINANCIERS_ASSURANCES,BANQUES DE DETAIL,6.0,Service,Beige,Non ,Personnage,Une personne,,,Femme,Adulte,Faible,Explicatif/Narratif,Minuscule gras,Petit,Moyen,Non,Français,Un peu contrasté,Bas milieu,0.85,Aucun,Moyen (4-5),C:\Users\aittayeb\Desktop\Projet_memoir\Visuale\2223262303 SOCIETE GENERALE-assurance-auto-abribus.jpg
2461.0,SOCIETE GENERALE,2023.0,2223262303.0,2223262303 SOCIETE GENERALE-expresso-abribus,ETS_FINANCIERS_ASSURANCES,BANQUES DE DETAIL,6.0,Service,Beige,Non ,Personnage,Une personne,,,Femme,Adulte,Faible,Explicatif/Narratif,Minuscule gras,Petit,Moyen,Non,Français,Un peu contrasté,Bas milieu,0.85,Aucun,Moyen (4-5),C:\Users\aittayeb\Desktop\Projet_memoir\Visuale\2223262303 SOCIETE GENERALE-expresso-abribus.jpg
2461.0,SOCIETE GENERALE,2023.0,2223262303.0,2223262303 SOCIETE GENERALE-hello-watt-abribus,ETS_FINANCIERS_ASSURANCES,BANQUES DE DETAIL,6.0,Service,Beige,Non ,Personnage,Plusieurs personnes,,,Les 2,Adulte et enfant,Faible,Explicatif/Narratif,Minuscule gras,Petit,Moyen,Non,Français,Un peu contrasté,Bas milieu,0.85,Aucun,Moyen (4-5),C:\Users\aittayeb\Desktop\Projet_memoir\Visuale\2223262303 SOCIETE GENERALE-hello-watt-abribus.jpg
2461.0,SOCIETE GENERALE,2023.0,2223262303.0,2223262303 SOCIETE GENERALE-jet-pro-abribus,ETS_FINANCIERS_ASSURANCES,BANQUES DE DETAIL,6.0,Service,Beige,Non ,Personnage,Une personne,,,Femme,Jeune adulte,Faible,Explicatif/Narratif,Minuscule gras,Petit,Moyen,Non,Français,Un peu contrasté,Bas milieu,0.85,Aucun,Moyen (4-5),C:\Users\aittayeb\Desktop\Projet_memoir\Visuale\2223262303 SOCIETE GENERALE-jet-pro-abribus.jpg
2461.0,SOCIETE GENERALE,2023.0,2223262303.0,2223262303 SOCIETE GENERALE-nouvelle-épargne-abribus,ETS_FINANCIERS_ASSURANCES,BANQUES DE DETAIL,6.0,Service,Beige,Non ,Personnage,Plusieurs personnes,,,Les 2,Adulte,Faible,Explicatif/Narratif,Minuscule gras,Petit,Moyen,Non,Français,Un peu contrasté,Bas milieu,0.85,Aucun,Moyen (4-5),C:\Users\aittayeb\Desktop\Projet_memoir\Visuale\2223262303 SOCIETE GENERALE-nouvelle-épargne-abribus.jpg
2461.0,SOCIETE GENERALE,2023.0,2223262303.0,2223262303 SOCIETE GENERALE-pack-solaire-abribus,ETS_FINANCIERS_ASSURANCES,BANQUES DE DETAIL,6.0,Service,Beige,Non ,Personnage,Une personne,,,Homme,Adulte,Faible,Explicatif/Narratif,Minuscule gras,Petit,Moyen,Non,Français,Un peu contrasté,Bas milieu,0.85,Aucun,Moyen (4-5),C:\Users\aittayeb\Desktop\Projet_memoir\Visuale\2223262303 SOCIETE GENERALE-pack-solaire-abribus.jpg
2444.0,FREE TELECOM,2023.0,2223262301.0,2223262301 FREE-portrait,TELECOMMUNICATIONS,OPERATEURS TELECOMMUNIC.,2.0,Produit,Gris,Présente,Produit/Service,Non,,,-,-,Fort,Humoristique,Minuscule gras,Petit,Moyen,Non,Français,Un peu contrasté,Haut milieu,0.92,Aucun,Moyen (4-5),C:\Users\aittayeb\Desktop\Projet_memoir\Visuale\2223262301 FREE-portrait.jpg
2444.0,FREE TELECOM,2023.0,2223262301.0,2223262301 FREE-paysage,TELECOMMUNICATIONS,OPERATEURS TELECOMMUNIC.,2.0,Produit,Gris,Présente,Produit/Service,Non,,,-,-,Fort,Humoristique,Minuscule gras,Petit,Moyen,Non,Français,Un peu contrasté,Haut milieu,0.92,Aucun,Moyen (4-5),C:\Users\aittayeb\Desktop\Projet_memoir\Visuale\2223262301 FREE-paysage.jpg
2446.0,OPEL ,2023.0,2223272302.0,2223272302 OPEL,AUTOMOBILE_TRANSPORT,AUTOMOBILES POIDS LOURDS,1.0,Produit,Gris,Présente,Produit/Service,Non,,,-,-,Faible,Explicatif/Narratif,Majuscule gras,Moyen,Moyen,Non,Français,Un peu contrasté,Haut gauche,0.85,Aucun,Moyen (4-5),C:\Users\aittayeb\Desktop\Projet_memoir\Visuale\2223272302 OPEL.png
,BUT,2023.0,2223272301.0,2223272301 BUT-ABRIBUS Literie-2,DISTRIBUTION,DISTRIBUTION SPECIALISEE,6.0,Produit,Bleu,Présente,Produit/Service,Non,,,-,-,Moyen,Descriptif,Minuscule gras,Moyen,Moyen,Non,Français,Un peu contrasté,Haut gauche,0.87,Promotion indiquée,Elevée (plus de 6),C:\Users\aittayeb\Desktop\Projet_memoir\Visuale\2223272301 BUT-abribus.jpg
,BUT,2023.0,2223272301.0,2223272301 BUT-abribus,DISTRIBUTION,DISTRIBUTION SPECIALISEE,6.0,Produit,Gris,Présente,Produit/Service,Non,,,-,-,Moyen,Descriptif,Minuscule gras,Moyen,Moyen,Non,Français,Un peu contrasté,Haut gauche,0.87,Promotion indiquée,Elevée (plus de 6),C:\Users\aittayeb\Desktop\Projet_memoir\Visuale\2223272301 BUT-abribus.jpg
,BUT,2023.0,2223272301.0,2223272301 BUT-ABRIBUS-Literie-1,DISTRIBUTION,DISTRIBUTION SPECIALISEE,6.0,Produit,Bleu,Présente,Produit/Service,Non,,,-,-,Moyen,Descriptif,Minuscule gras,Moyen,Moyen,Non,Français,Un peu contrasté,Haut gauche,0.87,Promotion indiquée,Elevée (plus de 6),C:\Users\aittayeb\Desktop\Projet_memoir\Visuale\2223272301 BUT-ABRIBUS-Literie-1.jpg
,BUT,2023.0,2223272301.0,2223272301 BUT-frigo-paysage,DISTRIBUTION,DISTRIBUTION SPECIALISEE,6.0,Produit,Gris,Présente,Produit/Service,Non,,,-,-,Moyen,Descriptif,Minuscule gras,Moyen,Moyen,Non,Français,Un peu contrasté,Haut gauche,0.87,Promotion indiquée,Elevée (plus de 6),C:\Users\aittayeb\Desktop\Projet_memoir\Visuale\2223272301 BUT-frigo-paysage.jpg
,BUT,2023.0,2223272301.0,2223272301 BUT-lit-tête-rotin-paysage,DISTRIBUTION,DISTRIBUTION SPECIALISEE,6.0,Produit,Bleu,Présente,Produit/Service,Non,,,-,-,Moyen,Descriptif,Minuscule gras,Moyen,Moyen,Non,Français,Un peu contrasté,Haut gauche,0.87,Promotion indiquée,Elevée (plus de 6),C:\Users\aittayeb\Desktop\Projet_memoir\Visuale\2223272301 BUT-lit-tête-rotin-paysage.jpg
2435.0,ORANGINA,2023.0,2223302301.0,2223302301 ORANGINA-Boire la Vie,BOISSONS,BOISSONS NON ALCOOLISEES,4.0,Produit,Jaune,Dominante,Produit/Service,Non,,,-,-,Faible,Humoristique,Minuscule gras,Moyen,Beaucoup,Non,Français,Très contrasté,Bas droit,0.9,Aucun,Faible (3 éléments),C:\Users\aittayeb\Desktop\Projet_memoir\Visuale\2223302301 ORANGINA-Boire la Vie.jpg
2435.0,ORANGINA,2023.0,2223302301.0,2223302301 ORANGINA-Fraichement Secoue,BOISSONS,BOISSONS NON ALCOOLISEES,4.0,Produit,Jaune,Dominante,Produit/Service,Non,,,-,-,Faible,Humoristique,Minuscule gras,Moyen,Beaucoup,Non,Français,Très contrasté,Bas droit,0.9,Aucun,Faible (3 éléments),C:\Users\aittayeb\Desktop\Projet_memoir\Visuale\2223302301 ORANGINA-Fraichement Secoue.jpg
2435.0,ORANGINA,2023.0,2223302301.0,2223302301 ORANGINA-TOUR DE FRANCE,BOISSONS,BOISSONS NON ALCOOLISEES,4.0,Produit,Jaune,Dominante,Produit/Service,Non,,,-,-,Faible,Humoristique,Minuscule gras,Moyen,Beaucoup,Non,Français,Très contrasté,Bas droit,0.9,Aucun,Faible (3 éléments),C:\Users\aittayeb\Desktop\Projet_memoir\Visuale\2223302301 ORANGINA-TOUR DE FRANCE.jpg
2447.0,PORTO CRUZ,2023.0,2223302302.0,2223302302 PORTO CRUZ,BOISSONS,BOISSONS ALCOOLISEES,1.0,Produit,Bleu,Non ,Produit/Service,Non,,,-,-,Faible,Descriptif,Majuscule gras,Moyen,Moyen,Non,Français,Très contrasté,Haut milieu,-,Aucun,Moyen (4-5),C:\Users\aittayeb\Desktop\Projet_memoir\Visuale\2223302302 PORTO CRUZ.jpg
2434.0,LIPTON,2023.0,2223312301.0,2223312301 LIPTON-claims-pngs,BOISSONS,BOISSONS NON ALCOOLISEES,1.0,Produit,Jaune,Présente,Produit/Service,Non,,,-,-,Faible,Humoristique,Majuscule gras,Moyen,Moyen,Non,Français,Un peu contrasté,Dans le corps du visuel,0.84,Aucun,Faible (3 éléments),C:\Users\aittayeb\Desktop\Projet_memoir\Visuale\2223312301 LIPTON-claims-pngs.jpg
2499.0,MC DONALDS,2023.0,2223312302.0,2223312302 McDONALD'S,RESTAURATION,RESTAURATION RAPIDE,1.0,Produit,Jaune,Dominante,Produit/Service,Non,,,-,-,Faible,Descriptif,Majuscule gras,Petit,Peu,Non,Français,Très contrasté,Haut droit,0.95,Aucun,Faible (3 éléments),C:\Users\aittayeb\Desktop\Projet_memoir\Visuale\2223312302 McDONALD'S.jpg
2471.0,COLLECTIVE,2023.0,2223322301.0,2223322301 VINS-ALSACE-crémant,BOISSONS,BOISSONS ALCOOLISEES,2.0,Produit,Jaune,,Produit/Service,Aucun,,,-,-,Moyen,Humoristique,Minuscule gras,Moyen,Beaucoup,Non,Français,Un peu contrasté,Bas droit,-,Aucun,Moyen (4-5),C:\Users\aittayeb\Desktop\Projet_memoir\Visuale\2223322301 VINS-ALSACE-crémant.jpg
2471.0,COLLECTIVE,2023.0,2223322301.0,2223322301 VINS-ALSACE-riesling,BOISSONS,BOISSONS ALCOOLISEES,2.0,Produit,Jaune,,Produit/Service,Aucun,,,-,-,Moyen,Humoristique,Minuscule gras,Moyen,Beaucoup,Non,Français,Un peu contrasté,Bas droit,-,Aucun,Moyen (4-5),C:\Users\aittayeb\Desktop\Projet_memoir\Visuale\2223322301 VINS-ALSACE-riesling.jpg
2436.0,FREE TELECOM,2023.0,2223322302.0,2223322302 FREE-abribus,TELECOMMUNICATIONS,OPERATEURS TELECOMMUNIC.,2.0,Produit,Blanc,Présente,Produit/Service,Non,,,-,-,Fort,Humoristique,Minuscule gras,Petit,Moyen,Non,Français,Un peu contrasté,Haut milieu,0.92,Prix indiqué,Elevée (plus de 6),C:\Users\aittayeb\Desktop\Projet_memoir\Visuale\2223322302 FREE-abribus.jpg
2436.0,FREE TELECOM,2023.0,2223322302.0,2223322302 FREE-paysage,TELECOMMUNICATIONS,OPERATEURS TELECOMMUNIC.,2.0,Produit,Blanc,Présente,Produit/Service,Non,,,-,-,Fort,Humoristique,Minuscule gras,Petit,Moyen,Non,Français,Un peu contrasté,Haut milieu,0.92,Prix indiqué,Elevée (plus de 6),C:\Users\aittayeb\Desktop\Projet_memoir\Visuale\2223322302 FREE-paysage.jpg
2448.0,HARRY'S,2023.0,2223352302.0,2223352302 HARRYS-abel,ALIMENTATION,PANIFICATION,3.0,Produit,Jaune,Dominante,Personnage,Oui,,,Homme,Adulte,Faible,Humoristique,Majuscule gras,Petit,Moyen,Non,Français,Très contrasté,Haut milieu,0.74,Aucun,Moyen (4-5),C:\Users\aittayeb\Desktop\Projet_memoir\Visuale\2223352302 HARRYS-abel.jpg
2448.0,HARRY'S,2023.0,2223352302.0,2223352302 HARRYS-hélias,ALIMENTATION,PANIFICATION,3.0,Produit,Jaune,Dominante,Personnage,Oui,,,Homme,Enfant,Faible,Humoristique,Majuscule gras,Petit,Moyen,Non,Français,Très contrasté,Haut milieu,0.74,Aucun,Moyen (4-5),C:\Users\aittayeb\Desktop\Projet_memoir\Visuale\2223352302 HARRYS-hélias.jpg
2457.0,APEROL,2023.0,2223352301.0,2223352301 APEROL-abribus,BOISSONS,BOISSONS ALCOOLISEES,2.0,Produit,Orange,Dominante,Produit/Service,Non,,,-,-,Moyen,Humoristique,Majuscule gras,Grand,Beaucoup,Non,Français,Un peu contrasté,Haut gauche,0.42,Aucun,Faible (3 éléments),C:\Users\aittayeb\Desktop\Projet_memoir\Visuale\2223352301 APEROL-abribus.jpg
2457.0,APEROL,2023.0,2223352301.0,2223352301 APEROL-paysage,BOISSONS,BOISSONS ALCOOLISEES,2.0,Produit,Orange,Dominante,Produit/Service,Non,,,-,-,Moyen,Humoristique,Majuscule gras,Grand,Beaucoup,Non,Français,Un peu contrasté,Haut gauche,0.42,Aucun,Faible (3 éléments),C:\Users\aittayeb\Desktop\Projet_memoir\Visuale\2223352301 APEROL-paysage.jpg
2449.0,OPEL,2023.0,2223362303.0,2223362303 OPEL,AUTOMOBILE_TRANSPORT,AUTOMOBILES POIDS LOURDS,1.0,Produit,Vert,Présente,Produit/Service,Non,,,-,-,Moyen,Descriptif,Majuscule gras,Moyen,Moyen,Non,Français,Un peu contrasté,Haut gauche,0.85,Prix indiqué,Faible (3 éléments),C:\Users\aittayeb\Desktop\Projet_memoir\Visuale\2223362303 OPEL.png
2456.0,HOURA,2023.0,2223362304.0,2223362304 HOURA-la rentrée Hora-1.p1,PURE_PLAYERS,COMMERCES,4.0,Service,Rose,Non ,Personnage,Oui,,,Les 2,Adulte,Fort,Humoristique,Majuscule gras,Moyen,Peu,Non,Français,Très contrasté,Bas gauche,0.18,Aucun,Moyen (4-5),C:\Users\aittayeb\Desktop\Projet_memoir\Visuale\2223362304 HOURA-la rentrée Hora-1.p1.jpg
2504.0,GIORGIO ARMANI PARFUMS,2023.0,2223362301.0,2223362301 GIORGIO ARMANI-Si format rechargeable,HYGIENE_BEAUTE,PARFUMS,2.0,Produit,Blanc ,Non ,Produit/Service,Non,,,,,Faible,Descriptif,Minuscule sans gras ,Grand,Beaucoup,Non,Français,Très contrasté,Haut milieu,-,Aucun,Faible (3 éléments),C:\Users\aittayeb\Desktop\Projet_memoir\Visuale\2223362301 GIORGIO ARMANI-Si format rechargeable.jpg
2511.0,YVES ST LAURENT ,2023.0,2223362302.0,2223362302 YVES SAINT LAURENT-MYSLF Austin Butler + bouteille noire format rechargeable -1,HYGIENE_BEAUTE,PARFUMS,2.0,Produit,Noir,Dominante,Produit/Service,Non,,,,,Faible,Descriptif,Majuscule gras,Moyen,Beaucoup,Non,Français,Très contrasté,Haut droit,-,Aucun,Faible (3 éléments),C:\Users\aittayeb\Desktop\Projet_memoir\Visuale\2223362302 YVES SAINT LAURENT-MYSLF Austin Butler + bouteille noire format rechargeable -1.jpg
2511.0,YVES ST LAURENT ,2023.0,2223362302.0,2223362302 YVES SAINT LAURENT-MYSLF Austin Butler + bouteille noire format rechargeable -2,HYGIENE_BEAUTE,PARFUMS,2.0,Produit,Noir,Dominante,Personnage,Oui,Sur d'autres marques,Déjà utilisée,Homme,Jeune adulte,Moyen ,Descriptif,Majuscule gras,Moyen,Beaucoup,Non,Français,Très contrasté,Haut droit,-,Aucun,Faible (3 éléments),C:\Users\aittayeb\Desktop\Projet_memoir\Visuale\2223362302 YVES SAINT LAURENT-MYSLF Austin Butler + bouteille noire format rechargeable -2.jpg
2460.0,SOCIETE GENERALE,2023.0,2223372301.0,2223372301 SOCIETE-GENRALE-expresso,ETS_FINANCIERS_ASSURANCES,BANQUES DE DETAIL,6.0,Service,Beige,Non ,Personnage,Une personne,,,Femme,Adulte,Faible,Explicatif/Narratif,Minuscule gras,Petit,Moyen,Non,Français,Un peu contrasté,Bas milieu,0.85,Aucun,Moyen (4-5),C:\Users\aittayeb\Desktop\Projet_memoir\Visuale\2223372301 SOCIETE-GENRALE-expresso.jpg
2460.0,SOCIETE GENERALE,2023.0,2223372301.0,2223372301 SOCIETE-GENRALE-hello-watt,ETS_FINANCIERS_ASSURANCES,BANQUES DE DETAIL,6.0,Service,Beige,Non ,Personnage,Plusieurs personnes,,,Les 2,Adulte et enfant,Faible,Explicatif/Narratif,Minuscule gras,Petit,Moyen,Non,Français,Un peu contrasté,Bas milieu,0.85,Aucun,Moyen (4-5),C:\Users\aittayeb\Desktop\Projet_memoir\Visuale\2223372301 SOCIETE-GENRALE-hello-watt.jpg
2460.0,SOCIETE GENERALE,2023.0,2223372301.0,2223372301 SOCIETE-GENRALE-jet-pro,ETS_FINANCIERS_ASSURANCES,BANQUES DE DETAIL,6.0,Service,Beige,Non ,Personnage,Une personne,,,Femme,Jeune adulte,Faible,Explicatif/Narratif,Minuscule gras,Petit,Moyen,Non,Français,Un peu contrasté,Bas milieu,0.85,Aucun,Moyen (4-5),C:\Users\aittayeb\Desktop\Projet_memoir\Visuale\2223372301 SOCIETE-GENRALE-jet-pro.jpg
2460.0,SOCIETE GENERALE,2023.0,2223372301.0,2223372301 SOCIETE-GENRALE-nge,ETS_FINANCIERS_ASSURANCES,BANQUES DE DETAIL,6.0,Service,Beige,Non ,Personnage,Plusieurs personnes,,,Les 2,Adulte,Faible,Explicatif/Narratif,Minuscule gras,Petit,Moyen,Non,Français,Un peu contrasté,Bas milieu,0.85,Aucun,Moyen (4-5),C:\Users\aittayeb\Desktop\Projet_memoir\Visuale\2223372301 SOCIETE-GENRALE-nge.jpg
2460.0,SOCIETE GENERALE,2023.0,2223372301.0,2223372301 SOCIETE-GENRALE-pack-solaire,ETS_FINANCIERS_ASSURANCES,BANQUES DE DETAIL,6.0,Service,Beige,Non ,Personnage,Une personne,,,Homme,Adulte,Faible,Explicatif/Narratif,Minuscule gras,Petit,Moyen,Non,Français,Un peu contrasté,Bas milieu,0.85,Aucun,Moyen (4-5),C:\Users\aittayeb\Desktop\Projet_memoir\Visuale\2223372301 SOCIETE-GENRALE-pack-solaire.jpg
2452.0,ADIDAS,2023.0,2223382302.0,2223382302 ADIDAS-gazelle-black,MODE_ET_ACCESSOIRES,CHAUSSURES ET ACCESSOIRES,6.0,Produit,Rouge,Non ,Produit/Service,Non,,,-,-,Faible,Humoristique,Majuscule gras,Petit,Beaucoup,Non,Anglais,Très contrasté,Dans le corps du visuel,0.92,Aucun,Faible (3 éléments),C:\Users\aittayeb\Desktop\Projet_memoir\Visuale\2223382302 ADIDAS-gazelle-black.jpg
2452.0,ADIDAS,2023.0,2223382302.0,2223382302 ADIDAS-gazelle-red,MODE_ET_ACCESSOIRES,CHAUSSURES ET ACCESSOIRES,6.0,Produit,Noir,Dominante,Produit/Service,Non,,,-,-,Faible,Humoristique,Majuscule gras,Petit,Beaucoup,Non,Anglais,Très contrasté,Dans le corps du visuel,0.92,Aucun,Faible (3 éléments),C:\Users\aittayeb\Desktop\Projet_memoir\Visuale\2223382302 ADIDAS-gazelle-red.jpg
2452.0,ADIDAS,2023.0,2223382302.0,2223382302 ADIDAS-girl,MODE_ET_ACCESSOIRES,CHAUSSURES ET ACCESSOIRES,6.0,Produit,Blanc,Non ,Produit/Service,Non,Sur d'autres marques,Déjà utilisée,Femme,Jeune adulte,Faible,Descriptif,Majuscule gras,Petit,Beaucoup,Non,Anglais,Un peu contrasté,Dans le corps du visuel,0.92,Aucun,Faible (3 éléments),C:\Users\aittayeb\Desktop\Projet_memoir\Visuale\2223382302 ADIDAS-girl.jpg
2452.0,ADIDAS,2023.0,2223382302.0,2223382302 ADIDAS-man,MODE_ET_ACCESSOIRES,CHAUSSURES ET ACCESSOIRES,6.0,Produit,Blanc,Non ,Produit/Service,Non,Sur d'autres marques,Déjà utilisée,Homme,Adulte,Faible,Descriptif,Majuscule gras,Petit,Beaucoup,Non,Anglais,Un peu contrasté,Dans le corps du visuel,0.92,Aucun,Faible (3 éléments),C:\Users\aittayeb\Desktop\Projet_memoir\Visuale\2223382302 ADIDAS-man.jpg
2452.0,ADIDAS,2023.0,2223382302.0,2223382302 ADIDAS-samba,MODE_ET_ACCESSOIRES,CHAUSSURES ET ACCESSOIRES,6.0,Egerie,Gris,Non ,Personnage,Oui,,,-,-,Faible,Humoristique,Majuscule gras,Petit,Beaucoup,Non,Anglais,Très contrasté,Dans le corps du visuel,0.92,Aucun,Faible (3 éléments),C:\Users\aittayeb\Desktop\Projet_memoir\Visuale\2223382302 ADIDAS-samba.jpg
2487.0,TIFFANY,2023.0,2223382301.0,2223382301 TIFFANY&CO-2-bracelets,MODE_ET_ACCESSOIRES,HORLOGERIE BIJOUTERIE,5.0,Produit,Blanc,Non ,Produit/Service,Aucun ,,,Femme,Adulte,Faible,Descriptif,Majuscule gras,Moyen,Peu,Non,Aucun claim,Très contrasté,Haut milieu,-,Aucun,Faible (3 éléments),C:\Users\aittayeb\Desktop\Projet_memoir\Visuale\2223382301 TIFFANY&CO-2-bracelets.jpg
2487.0,TIFFANY,2023.0,2223382301.0,2223382301 TIFFANY&CO-3-bracelets,MODE_ET_ACCESSOIRES,HORLOGERIE BIJOUTERIE,5.0,Produit,Blanc,Non ,Produit/Service,Aucun,,,-,-,Faible,Descriptif,Majuscule gras,Moyen,Peu,Non,Aucun claim,Très contrasté,Haut milieu,-,Aucun,Faible (3 éléments),C:\Users\aittayeb\Desktop\Projet_memoir\Visuale\2223382301 TIFFANY&CO-3-bracelets.jpg
2487.0,TIFFANY,2023.0,2223382301.0,2223382301 TIFFANY&CO-bracelets-et-parures-paysage,MODE_ET_ACCESSOIRES,HORLOGERIE BIJOUTERIE,5.0,Produit,Blanc,Non ,Personnage ,Une personne,Sur d'autres marques,Déjà utilisée,Femme,Adulte,Faible,Descriptif,Majuscule gras,Moyen,Peu,Non,Aucun claim,Très contrasté,Haut droit,-,Aucun,Faible (3 éléments),C:\Users\aittayeb\Desktop\Projet_memoir\Visuale\2223382301 TIFFANY&CO-bracelets-et-parures-paysage.jpg
2487.0,TIFFANY,2023.0,2223382301.0,2223382301 TIFFANY&CO-colliers,MODE_ET_ACCESSOIRES,HORLOGERIE BIJOUTERIE,5.0,Produit,Blanc,Non ,Produit/Service,Aucun,,,-,-,Faible,Descriptif,Majuscule gras,Moyen,Peu,Non,Aucun claim,Très contrasté,Haut milieu,-,Aucun,Faible (3 éléments),C:\Users\aittayeb\Desktop\Projet_memoir\Visuale\2223382301 TIFFANY&CO-colliers.jpg
2487.0,TIFFANY,2023.0,2223382301.0,2223382301 TIFFANY&CO-parures-sur-mannequin,MODE_ET_ACCESSOIRES,HORLOGERIE BIJOUTERIE,5.0,Produit,Blanc,Non ,Personnage ,Une personne,Sur d'autres marques,Déjà utilisée,Femme,Adulte,Faible,Descriptif,Majuscule gras,Moyen,Peu,Non,Aucun claim,Très contrasté,Haut milieu,-,Aucun,Faible (3 éléments),C:\Users\aittayeb\Desktop\Projet_memoir\Visuale\2223382301 TIFFANY&CO-parures-sur-mannequin.jpg
2676.0,LOEWE,2023.0,2223392301.0,2223392301 LOEWE-sac-bicolore-paysage,MODE_ET_ACCESSOIRES,MAROQUINERIE,5.0,Branding ,Violet,Dominante,Personnage ,Une personne,Uniquement pour la marque,1ère utilisation ,Femme,Jeune adulte,Faible,Descriptif,Minuscule sans gras ,Grand,Moyen,Non,Aucun claim,Très contrasté,Haut gauche,-,Aucun,Faible (3 éléments),C:\Users\aittayeb\Desktop\Projet_memoir\Visuale\2223392301 LOEWE-sac-bicolore-paysage.jpg
2676.0,LOEWE,2023.0,2223392301.0,2223392301 LOEWE-sac-fourrure-paysage,MODE_ET_ACCESSOIRES,MAROQUINERIE,5.0,Branding ,Marron,Dominante,Personnage ,Une personne,Sur d'autres marques,1ère utilisation ,Femme,Jeune adulte,Faible,Descriptif,Minuscule sans gras ,Grand,Moyen,Non,Aucun claim,Très contrasté,Haut gauche,-,Aucun,Faible (3 éléments),C:\Users\aittayeb\Desktop\Projet_memoir\Visuale\2223392301 LOEWE-sac-fourrure-paysage.jpg
2454.0,BForBank,2023.0,2223402305.0,2223402305 BFORBANK - Balivernes,ETS_FINANCIERS_ASSURANCES,BANQUES DE DETAIL,5.0,Service,Beige,Présente,Personnage,Oui,,,Les 2,Senior,Fort,Humoristique,Minuscule gras,Moyen,Peu,Non,Français,Un peu contrasté,Bas droit,0.4,Aucun,Moyen (4-5),C:\Users\aittayeb\Desktop\Projet_memoir\Visuale\2223402305 BFORBANK - Balivernes.jpg
2454.0,BForBank,2023.0,2223402305.0,2223402305 BFORBANK - Bullshit,ETS_FINANCIERS_ASSURANCES,BANQUES DE DETAIL,5.0,Service,Marron,Présente,Personnage,Oui,,,Homme,Adulte,Fort,Humoristique,Minuscule gras,Moyen,Peu,Non,Français,Un peu contrasté,Bas droit,0.4,Aucun,Moyen (4-5),C:\Users\aittayeb\Desktop\Projet_memoir\Visuale\2223402305 BFORBANK - Bullshit.jpg
2454.0,BForBank,2023.0,2223402305.0,2223402305 BFORBANK - Pipeau,ETS_FINANCIERS_ASSURANCES,BANQUES DE DETAIL,5.0,Service,Rose,Présente,Personnage,Oui,,,Homme,Adulte,Fort,Humoristique,Minuscule gras,Moyen,Peu,Non,Français,Un peu contrasté,Bas droit,0.4,Aucun,Moyen (4-5),C:\Users\aittayeb\Desktop\Projet_memoir\Visuale\2223402305 BFORBANK - Pipeau.jpg
2455.0,CAUDALIE,2023.0,2223402302.0,2223402302 CAUDALIE-pot-abribus,HYGIENE_BEAUTE,PRODUITS DE SOINS,4.0,Produit,Rose,Dominante,Personnage,Oui,,,Femme,Adulte,Faible,Explicatif/Narratif,Minuscule gras,Grand,Beaucoup,Non,Français,Très contrasté,Haut milieu,0.5,Aucun,Faible (3 éléments),C:\Users\aittayeb\Desktop\Projet_memoir\Visuale\2223402302 CAUDALIE-pot-abribus.jpg
2455.0,CAUDALIE,2023.0,2223402302.0,2223402302 CAUDALIE-pot-paysage,HYGIENE_BEAUTE,PRODUITS DE SOINS,4.0,Produit,Rose,Dominante,Produit/Service,Non,,,-,-,Moyen,Explicatif/Narratif,Minuscule gras,Grand,Beaucoup,Non,Français,Très contrasté,Haut droit,0.5,Aucun,Faible (3 éléments),C:\Users\aittayeb\Desktop\Projet_memoir\Visuale\2223402302 CAUDALIE-pot-paysage.jpg
2455.0,CAUDALIE,2023.0,2223402302.0,2223402302 CAUDALIE-white-woman,HYGIENE_BEAUTE,PRODUITS DE SOINS,4.0,Produit,Rose,Dominante,Produit/Service,Non,,,-,-,Moyen,Explicatif/Narratif,Minuscule gras,Grand,Beaucoup,Non,Français,Très contrasté,Haut milieu,0.5,Aucun,Faible (3 éléments),C:\Users\aittayeb\Desktop\Projet_memoir\Visuale\2223402302 CAUDALIE-white-woman.jpg
2458.0,AMAZON PRIME,2023.0,2223402301.0,2223402301 AMAZON,INFORMATION_MEDIA,PLATEFORME STREAMING,1.0,Service,Bleu,Dominante,Personnage,Oui,,,Femme,Adulte,Faible,Descriptif,Masjuscule sans gras,Petit,Peu,Non,Français,Un peu contrasté,Haut milieu,0.75,Aucun,Faible (3 éléments),C:\Users\aittayeb\Desktop\Projet_memoir\Visuale\2223402301 AMAZON.JPG
2472.0,EURO DISNEY SCA ASSOCIES,2023.0,2223412301.0,2223412301 DISNEYLAND-hallowwen 2023  enfants en méchant-1,TOURISME,PARCS ET LOISIRS,3.0,Branding ,Orange,Non ,Personnage,Une personne ,,,Homme,Enfant,Moyen,Humoristique,Majuscule gras,Petit,Beaucoup,Non,Français,Un peu contrasté,Dans le corps du visuel,0.93,Aucun,Faible (3 éléments),C:\Users\aittayeb\Desktop\Projet_memoir\Visuale\2223412301 DISNEYLAND-hallowwen 2023  enfants en méchant-1.jpg
2472.0,EURO DISNEY SCA ASSOCIES,2023.0,2223412301.0,2223412301 DISNEYLAND-hallowwen 2023  enfants en méchant-2,TOURISME,PARCS ET LOISIRS,3.0,Branding ,Rouge,Non ,Personnage,Une personne ,,,Femme,Enfant,Moyen,Humoristique,Majuscule gras,Petit,Beaucoup,Non,Français,Très contrasté,Dans le corps du visuel,0.93,Aucun,Faible (3 éléments),C:\Users\aittayeb\Desktop\Projet_memoir\Visuale\2223412301 DISNEYLAND-hallowwen 2023  enfants en méchant-2.jpg
2472.0,EURO DISNEY SCA ASSOCIES,2023.0,2223412301.0,2223412301 DISNEYLAND-hallowwen 2023  enfants en méchant-3,TOURISME,PARCS ET LOISIRS,3.0,Branding ,Bleu,Dominante,Personnage,Une personne ,,,Femme,Enfant,Moyen,Humoristique,Majuscule gras,Petit,Beaucoup,Non,Français,Très contrasté,Dans le corps du visuel,0.93,Aucun,Faible (3 éléments),C:\Users\aittayeb\Desktop\Projet_memoir\Visuale\2223412301 DISNEYLAND-hallowwen 2023  enfants en méchant-3.jpg
2465.0,KFC,2023.0,2223422302.0,2223422302 KFC,RESTAURATION,RESTAURATION RAPIDE,1.0,Produit,Orange,Dominante,Produit/Service,Oui,,,Femme,Jeune adulte,Faible,Descriptif,Majuscule gras,Moyen,Beaucoup,Non,Français,Un peu contrasté,Bas milieu,0.87,Aucun,Moyen (4-5),C:\Users\aittayeb\Desktop\Projet_memoir\Visuale\2223422302 KFC.png
2467.0,CARTIER,2023.0,2223422301.0,2223422301 CARTIER - sac panthère - 1,MODE_ET_ACCESSOIRES,MAROQUINERIE,3.0,Produit,Rouge,Présente,Célébrité,Oui,,,Femme,Jeune adulte,Faible,Descriptif,Majuscule gras,Petit,Beaucoup,Non,Français,Très contrasté,Bas milieu,0.8,Aucun,Faible (3 éléments),C:\Users\aittayeb\Desktop\Projet_memoir\Visuale\2223422301 CARTIER - sac panthère - 1.jpg
2467.0,CARTIER,2023.0,2223422301.0,2223422301 CARTIER - sac panthère - 3,MODE_ET_ACCESSOIRES,MAROQUINERIE,3.0,Produit,Rouge,Présente,Célébrité,Oui,,,Femme,Jeune adulte,Faible,Descriptif,Majuscule gras,Petit,Beaucoup,Non,Français,Très contrasté,Bas milieu,0.8,Aucun,Faible (3 éléments),C:\Users\aittayeb\Desktop\Projet_memoir\Visuale\2223422301 CARTIER - sac panthère - 3.jpg
2469.0,BOMBAY SAPPHIRE,2023.0,2223422303.0,2223422303 BOMBAY SAPPHIRE-une infinité de possibilités-2,BOISSONS,BOISSONS ALCOOLISEES,4.0,Produit,Bleu,Dominante,Produit/Service,Aucun,,,-,-,Faible,Explicatif/Narratif,Minuscule gras,Petit,Beaucoup,Non,Français,Très contrasté,Bas milieu,0.13,Aucun,Faible (3 éléments),C:\Users\aittayeb\Desktop\Projet_memoir\Visuale\2223422303 BOMBAY SAPPHIRE-une infinité de possibilités-2.jpg
2469.0,BOMBAY SAPPHIRE,2023.0,2223422303.0,2223422303 BOMBAY SAPPHIRE-une infinité de possibilités-4,BOISSONS,BOISSONS ALCOOLISEES,4.0,Produit,Bleu,Dominante,Produit/Service,Aucun,,,-,-,Faible,Explicatif/Narratif,Minuscule gras,Petit,Beaucoup,Non,Français,Très contrasté,Bas milieu,0.13,Aucun,Faible (3 éléments),C:\Users\aittayeb\Desktop\Projet_memoir\Visuale\2223422303 BOMBAY SAPPHIRE-une infinité de possibilités-4.jpg
2463.0,MAYBELLINE NEW YORK,2023.0,2223432302.0,"2223432302 MAYBELLINE-vinyl, encre à levres mate-3",HYGIENE_BEAUTE,MAQUILLAGE,4.0,Produit,Rose,Non ,Personnage,Oui,Sur d'autres marques,,Femme,Jeune adulte,Faible,Explicatif/Narratif,Minuscule gras,Grand,Moyen,Non,Français,Un peu contrasté,Haut milieu,0.87,Aucun,Faible (3 éléments),"C:\Users\aittayeb\Desktop\Projet_memoir\Visuale\2223432302 MAYBELLINE-vinyl, encre à levres mate-3.jpg"
2463.0,MAYBELLINE NEW YORK,2023.0,2223432302.0,"2223432302 MAYBELLINE-vinyl, encre à levres mate-4",HYGIENE_BEAUTE,MAQUILLAGE,4.0,Produit,Marron,Non ,Personnage,Oui,Uniquement pour la marque,,Femme,Jeune adulte,Faible,Explicatif/Narratif,Minuscule gras,Grand,Moyen,Non,Français,Un peu contrasté,Haut milieu,0.87,Aucun,Faible (3 éléments),"C:\Users\aittayeb\Desktop\Projet_memoir\Visuale\2223432302 MAYBELLINE-vinyl, encre à levres mate-4.jpg"
2585.0,DISNEY+,2023.0,2223432301.0,2223432301 DISNEY + - KARDASHIAN,INFORMATION_MEDIA,CHAINES TV/ RADIO,4.0,Service,Bleu,Dominante,Icone,Plusieurs personnes,,,Femme,Adulte,Moyen,Humoristique,Majuscule gras,Moyen,Moyen,Non,Français,Très contrasté,Bas milieu,0.71,Aucun,Faible (3 éléments),C:\Users\aittayeb\Desktop\Projet_memoir\Visuale\2223432301 DISNEY + - KARDASHIAN.jpg
2585.0,DISNEY+,2023.0,2223432301.0,2223432301 DISNEY + - LOKI,INFORMATION_MEDIA,CHAINES TV/ RADIO,4.0,Service,Bleu,Dominante,Icone,Plusieurs personnes,,,Homme,Adulte,Moyen,Humoristique,Majuscule gras,Moyen,Moyen,Non,Français,Très contrasté,Bas milieu,0.71,Aucun,Faible (3 éléments),C:\Users\aittayeb\Desktop\Projet_memoir\Visuale\2223432301 DISNEY + - LOKI.jpg
2464.0,FREE TELECOM,2023.0,2223442302.0,2223442302 FREE-Résolution photo wahou à prix walou Iphone 15-2,TELECOMMUNICATIONS,OPERATEURS TELECOMMUNIC.,2.0,Produit,Gris,Présente,Produit/Service,Non,,,-,-,Fort,Explicatif/Narratif,Minuscule gras,Moyen,Moyen,Non,Français,Très contrasté,Haut milieu,0.92,Prix indiqué,Elevée (plus de 6),C:\Users\aittayeb\Desktop\Projet_memoir\Visuale\2223442302 FREE-Résolution photo wahou à prix walou Iphone 15-2.jpg
2466.0,KFC,2023.0,2223442303.0,2223442303 KFC-forever crispy fille,RESTAURATION,RESTAURATION RAPIDE,2.0,Produit,Rouge,Dominante,Produit/Service,Oui,,,Femme,Jeune adulte,Faible,Descriptif,Majuscule gras,Moyen,Beaucoup,Non,Français,Un peu contrasté,Bas milieu,0.87,Aucun,Faible (3 éléments),C:\Users\aittayeb\Desktop\Projet_memoir\Visuale\2223442303 KFC-forever crispy fille.jpg
2466.0,KFC,2023.0,2223442303.0,2223442303 KFC-forever crispy gacon,RESTAURATION,RESTAURATION RAPIDE,2.0,Produit,Rouge,Dominante,Produit/Service,Oui,,,Homme,Jeune adulte,Faible,Descriptif,Majuscule gras,Moyen,Beaucoup,Non,Français,Un peu contrasté,Bas milieu,0.87,Aucun,Faible (3 éléments),C:\Users\aittayeb\Desktop\Projet_memoir\Visuale\2223442303 KFC-forever crispy gacon.jpg
2516.0,BUT,2023.0,2223442301.0,2223442301 BUT-Black november canapé table basse-1,DISTRIBUTION,DISTRIBUTION SPECIALISEE,4.0,Offre,Rouge,Dominante,Produit/Service,Non,,,,,Moyen,Descriptif,Minuscule gras,Moyen,Beaucoup,Non,Français,Très contrasté,Haut gauche,0.87,Promotion indiquée,Elevée (plus de 6),C:\Users\aittayeb\Desktop\Projet_memoir\Visuale\2223442301 BUT-Black november canapé table basse-1.jpg
2516.0,BUT,2023.0,2223442301.0,2223442301 BUT-Black november canapé table basse-2,DISTRIBUTION,DISTRIBUTION SPECIALISEE,4.0,Offre,Noir,Présente,Claim,Non,,,,,Fort,Descriptif,Minuscule gras,Moyen,Peu,Non,Français,Très contrasté,Haut gauche,0.87,Promotion indiquée,Moyen (4-5),C:\Users\aittayeb\Desktop\Projet_memoir\Visuale\2223442301 BUT-Black november canapé table basse-2.jpg
2516.0,BUT,2023.0,2223442301.0,2223442301 BUT-Black november canapé table basse-3,DISTRIBUTION,DISTRIBUTION SPECIALISEE,4.0,Offre,Rouge,Dominante,Produit/Service,Non,,,,,Moyen ,Descriptif,Minuscule gras,Moyen,Beaucoup,Non,Français,Très contrasté,Haut gauche,0.87,Promotion indiquée,Elevée (plus de 6),C:\Users\aittayeb\Desktop\Projet_memoir\Visuale\2223442301 BUT-Black november canapé table basse-3.jpg
2516.0,BUT,2023.0,2223442301.0,2223442301 BUT-Black november canapé table basse-4,DISTRIBUTION,DISTRIBUTION SPECIALISEE,4.0,Offre,Noir ,Présente,Claim,Non,,,,,Fort,Descriptif,Minuscule gras,Moyen,Peu,Non,Français,Très contrasté,Haut gauche,0.87,Promotion indiquée,Moyen (4-5),C:\Users\aittayeb\Desktop\Projet_memoir\Visuale\2223442301 BUT-Black november canapé table basse-4.jpg
2520.0,MC DONALDS,2023.0,2223452301.0,2223452301 McDONALD'S-PORTES-FRITES,RESTAURATION,RESTAURATION RAPIDE,3.0,Branding ,Jaune,Dominante,Produit/Service,Non,,,,,Faible,Descriptif,Minuscule gras,Moyen,Beaucoup,Non,Français,Très contrasté,Haut droit,0.95,Aucun,Faible (3 éléments),C:\Users\aittayeb\Desktop\Projet_memoir\Visuale\2223452301 McDONALD'S-PORTES-FRITES.jpg
2520.0,MC DONALDS,2023.0,2223452301.0,2223452301 McDONALD'S-PORTES-SUNDAE,RESTAURATION,RESTAURATION RAPIDE,3.0,Branding ,Marron,Non ,Produit/Service,Non,,,,,Faible,Descriptif,Minuscule gras,Moyen,Beaucoup,Non,Français,Très contrasté,Haut droit,0.95,Aucun,Faible (3 éléments),C:\Users\aittayeb\Desktop\Projet_memoir\Visuale\2223452301 McDONALD'S-PORTES-SUNDAE.jpg
2579.0,EURO DISNEY SCA ASSOCIES,2023.0,2223462301.0,2223462301 DISNEYLAND-campagne noel 2023 perso disney-1,TOURISME,PARCS ET LOISIRS,6.0,Branding ,Blanc,Non ,Icone,Une personne ,,,Femme,Enfant,Faible,Humoristique,Majuscule gras,Moyen,Moyen,Non,Français,Un peu contrasté,Bas droit,0.93,Aucun,Faible (3 éléments),C:\Users\aittayeb\Desktop\Projet_memoir\Visuale\2223462301 DISNEYLAND-campagne noel 2023 perso disney-1.jpg
2579.0,EURO DISNEY SCA ASSOCIES,2023.0,2223462301.0,2223462301 DISNEYLAND-campagne noel 2023 perso disney-2,TOURISME,PARCS ET LOISIRS,6.0,Branding ,Blanc,Non ,Icone,Une personne ,,,Femme,Enfant,Faible,Humoristique,Majuscule gras,Moyen,Moyen,Non,Français,Un peu contrasté,Bas droit,0.93,Aucun,Faible (3 éléments),C:\Users\aittayeb\Desktop\Projet_memoir\Visuale\2223462301 DISNEYLAND-campagne noel 2023 perso disney-2.jpg
2579.0,EURO DISNEY SCA ASSOCIES,2023.0,2223462301.0,2223462301 DISNEYLAND-campagne noel 2023 perso disney-3,TOURISME,PARCS ET LOISIRS,6.0,Branding ,Blanc,Non ,Icone,Plusieurs personnes,,,Les 2,Enfant,Faible,Humoristique,Majuscule gras,Moyen,Moyen,Non,Français,Un peu contrasté,Bas droit,0.93,Aucun,Faible (3 éléments),C:\Users\aittayeb\Desktop\Projet_memoir\Visuale\2223462301 DISNEYLAND-campagne noel 2023 perso disney-3.jpg
2579.0,EURO DISNEY SCA ASSOCIES,2023.0,2223462301.0,2223462301 DISNEYLAND-campagne noel 2023 perso disney-4,TOURISME,PARCS ET LOISIRS,6.0,Branding ,Blanc,Non ,Icone,Une personne ,,,Femme,Enfant,Faible,Humoristique,Majuscule gras,Moyen,Moyen,Non,Français,Un peu contrasté,Bas droit,0.93,Aucun,Faible (3 éléments),C:\Users\aittayeb\Desktop\Projet_memoir\Visuale\2223462301 DISNEYLAND-campagne noel 2023 perso disney-4.jpg
2579.0,EURO DISNEY SCA ASSOCIES,2023.0,2223462301.0,2223462301 DISNEYLAND-campagne noel 2023 perso disney-5,TOURISME,PARCS ET LOISIRS,6.0,Branding ,Blanc,Non ,Icone,Une personne ,,,Femme,Enfant,Faible,Humoristique,Majuscule gras,Moyen,Moyen,Non,Français,Un peu contrasté,Bas droit,0.93,Aucun,Faible (3 éléments),C:\Users\aittayeb\Desktop\Projet_memoir\Visuale\2223462301 DISNEYLAND-campagne noel 2023 perso disney-5.jpg
2579.0,EURO DISNEY SCA ASSOCIES,2023.0,2223462301.0,2223462301 DISNEYLAND-campagne noel 2023 perso disney-6,TOURISME,PARCS ET LOISIRS,6.0,Branding ,Blanc,Non ,Icone,Plusieurs personnes,,,Les 2,Enfant,Faible,Humoristique,Majuscule gras,Moyen,Moyen,Non,Français,Un peu contrasté,Bas droit,0.93,Aucun,Faible (3 éléments),C:\Users\aittayeb\Desktop\Projet_memoir\Visuale\2223462301 DISNEYLAND-campagne noel 2023 perso disney-6.jpg
2473.0,LABEL 5,2023.0,2223462302.0,2223462302 LABEL 5-perfect mix main barman fond foncé-1,BOISSONS,BOISSONS ALCOOLISEES,4.0,Produit ,Marron,Dominante,Personnage,Oui,,,Homme,Adulte,Moyen,Explicatif/Narratif,Minuscule gras,Moyen,Moyen,Non,Franglais,Très contrasté,Haut milieu,0.65,Aucun,Faible (3 éléments),C:\Users\aittayeb\Desktop\Projet_memoir\Visuale\2223462302 LABEL 5-perfect mix main barman fond foncé-1.jpg
2473.0,LABEL 5,2023.0,2223462302.0,2223462302 LABEL 5-perfect mix main barman fond foncé-2,BOISSONS,BOISSONS ALCOOLISEES,4.0,Produit ,Vert,Non ,Produit/Service,Oui,,,Homme,Adulte,Moyen,Explicatif/Narratif,Minuscule gras,Moyen,Moyen,Non,Franglais,Très contrasté,Haut milieu,0.65,Aucun,Faible (3 éléments),C:\Users\aittayeb\Desktop\Projet_memoir\Visuale\2223462302 LABEL 5-perfect mix main barman fond foncé-2.jpg
2476.0,JURA,2023.0,2223482301.0,2223482301 JURA,BOISSONS,BOISSONS ALCOOLISEES,1.0,Produit,Orange,Présente,Produit/Service,Non,,,-,-,Moyen,Descriptif,Majuscule gras,Moyen,Moyen,Non,Franglais,Un peu contrasté,Haut droit,-,Aucun,Moyen (4-5),C:\Users\aittayeb\Desktop\Projet_memoir\Visuale\2223482301 JURA.jpg
2477.0,RITUALS,2023.0,2223482302.0,2223482302 RITUALS,HYGIENE_BEAUTE,PRODUITS DE SOINS,1.0,Produit,Rouge,Dominante,Produit/Service,Oui,,,Les 2,Adulte,Faible,Explicatif/Narratif,Majuscule gras,Petit,Moyen,Non,Français,Un peu contrasté,Haut milieu,-,Prix indiqué,Moyen (4-5),C:\Users\aittayeb\Desktop\Projet_memoir\Visuale\2223482302 RITUALS.jpg
2357.0,CARTIER,2023.0,2223502302.0,2223502302 CARTIER-CLASH,MODE_ET_ACCESSOIRES,HORLOGERIE BIJOUTERIE,5.0,Produit,Bleu,Non ,Produit/Service,-,,,-,Adulte,Faible,Aucun,Minuscule sans gras ,Moyen,Peu,Non,Aucun claim,Très contrasté,Haut milieu,0.8,Aucun,Faible (3 éléments),C:\Users\aittayeb\Desktop\Projet_memoir\Visuale\2223502302 CARTIER-CLASH.jpg
2357.0,CARTIER,2023.0,2223502302.0,2223502302 CARTIER-PANTHERE,MODE_ET_ACCESSOIRES,HORLOGERIE BIJOUTERIE,5.0,Produit,Bleu,Non ,Produit/Service,-,,,-,Adulte,Faible,Aucun,Minuscule sans gras ,Moyen,Peu,Non,Aucun claim,Très contrasté,Haut milieu,0.8,Aucun,Faible (3 éléments),C:\Users\aittayeb\Desktop\Projet_memoir\Visuale\2223502302 CARTIER-PANTHERE.jpg
2357.0,CARTIER,2023.0,2223502302.0,2223502302 CARTIER-RED BOX,MODE_ET_ACCESSOIRES,HORLOGERIE BIJOUTERIE,5.0,Produit,Bleu,Non ,Produit/Service,-,,,-,Adulte,Faible,Aucun,Minuscule sans gras ,Moyen,Peu,Non,Aucun claim,Pas contrasté,Dans le corps du visuel,0.8,Aucun,Faible (3 éléments),C:\Users\aittayeb\Desktop\Projet_memoir\Visuale\2223502302 CARTIER-RED BOX.jpg
2478.0,AMAZON PRIME,2023.0,2223502315.0,2223502315 AMAZON-Reacher série-2,INFORMATION_MEDIA,PLATEFORME STREAMING,2.0,Service,Jaune,Présente,Personnage,Oui,,,Homme,Adulte,Faible,Descriptif,Masjuscule sans gras,Petit,Peu,Non,Français,Un peu contrasté,Haut milieu,0.75,Aucun,Faible (3 éléments),C:\Users\aittayeb\Desktop\Projet_memoir\Visuale\2223502315 AMAZON-Reacher série-2.jpg
2482.0,POLIAKOV,2023.0,2224022402.0,2224022402 POLIAKOV-grotte,BOISSONS,BOISSONS ALCOOLISEES,3.0,Produit,Bleu,Dominante,Produit/Service,Non,,,-,-,Faible,Descriptif,Masjuscule sans gras,Grand,Beaucoup,Non,Anglais,Un peu contrasté,Haut milieu,0.35,Aucun,Moyen (4-5),C:\Users\aittayeb\Desktop\Projet_memoir\Visuale\2224022402 POLIAKOV-grotte.jpg
2482.0,POLIAKOV,2023.0,2224022402.0,2224022402 POLIAKOV-lime-Cola,BOISSONS,BOISSONS ALCOOLISEES,3.0,Produit,Bleu,Dominante,Produit/Service,Non,,,-,-,Faible,Descriptif,Masjuscule sans gras,Grand,Beaucoup,Non,Anglais,Un peu contrasté,Haut milieu,0.35,Aucun,Moyen (4-5),C:\Users\aittayeb\Desktop\Projet_memoir\Visuale\2224022402 POLIAKOV-lime-Cola.jpg
2482.0,POLIAKOV,2023.0,2224022402.0,2224022402 POLIAKOV-portail,BOISSONS,BOISSONS ALCOOLISEES,3.0,Produit,Bleu,Dominante,Produit/Service,Non,,,-,-,Faible,Descriptif,Masjuscule sans gras,Grand,Beaucoup,Non,Anglais,Un peu contrasté,Haut milieu,0.35,Aucun,Moyen (4-5),C:\Users\aittayeb\Desktop\Projet_memoir\Visuale\2224022402 POLIAKOV-portail.jpg
2479.0,FRANCE TELEVISIONS,2023.0,2224022401.0,2224022401 FRANCE TV-delacroix-paysage,INFORMATION_MEDIA,PLATEFORME STREAMING,4.0,Service,Beige,Non ,Icone,Oui,,,-,-,Faible,Humoristique,Minuscule gras,Petit,Peu,Non,Français,Un peu contrasté,Bas droit,0.71,Aucun,Faible (3 éléments),C:\Users\aittayeb\Desktop\Projet_memoir\Visuale\2224022401 FRANCE TV-delacroix-paysage.jpg
2479.0,FRANCE TELEVISIONS,2023.0,2224022401.0,2224022401 FRANCE TV-delacroix-paysage,INFORMATION_MEDIA,PLATEFORME STREAMING,4.0,Service,Bleu,Non ,Icone,Oui,,,-,-,Faible,Humoristique,Minuscule gras,Petit,Peu,Non,Français,Pas contrasté,Bas droit,0.71,Aucun,Faible (3 éléments),C:\Users\aittayeb\Desktop\Projet_memoir\Visuale\2224022401 FRANCE TV-delacroix-paysage.jpg
2479.0,FRANCE TELEVISIONS,2023.0,2224022401.0,2224022401 FRANCE TV-delacroix-abribus,INFORMATION_MEDIA,PLATEFORME STREAMING,4.0,Service,Beige,Non ,Icone,Oui,,,-,-,Faible,Humoristique,Minuscule gras,Petit,Peu,Non,Français,Un peu contrasté,Bas droit,0.71,Aucun,Faible (3 éléments),C:\Users\aittayeb\Desktop\Projet_memoir\Visuale\2224022401 FRANCE TV-delacroix-abribus.jpg
2479.0,FRANCE TELEVISIONS,2023.0,2224022401.0,2224022401 FRANCE TV-delacroix-abribus,INFORMATION_MEDIA,PLATEFORME STREAMING,4.0,Service,Bleu,Non ,Icone,Oui,,,-,-,Faible,Humoristique,Minuscule gras,Petit,Peu,Non,Français,Pas contrasté,Bas droit,0.71,Aucun,Faible (3 éléments),C:\Users\aittayeb\Desktop\Projet_memoir\Visuale\2224022401 FRANCE TV-delacroix-abribus.jpg
2462.0,OPEL,2023.0,2223432303.0,2223432303 OPEL,AUTOMOBILE_TRANSPORT,AUTOMOBILES POIDS LOURDS,1.0,Produit,Bleu,Non ,Produit/Service,-,,,-,-,Moyen,Descriptif,Masjuscule sans gras,Petit,Beaucoup,Non,Français,Un peu contrasté,Haut gauche,0.85,Prix indiqué,Elevée (plus de 6),C:\Users\aittayeb\Desktop\Projet_memoir\Visuale\2223432303 OPEL.jpg
,BUT,2023.0,2223502301.0,2223502301 BUT-Noël 2023-4,DISTRIBUTION,DISTRIBUTION SPECIALISEE,4.0,Produit,Beige,Non ,Produit/Service,-,,,-,-,Moyen,Descriptif,Masjuscule sans gras,Petit,Peu,Non,Français,Un peu contrasté,Haut gauche,0.87,Prix indiqué,Elevée (plus de 6),C:\Users\aittayeb\Desktop\Projet_memoir\Visuale\2223502301 BUT-Noël 2023-4.jpg
,BUT,2023.0,2223502301.0,2223502301 BUT-Noël 2023-2,DISTRIBUTION,DISTRIBUTION SPECIALISEE,4.0,Produit,Beige,Non ,Produit/Service,-,,,-,-,Moyen,Descriptif,Masjuscule sans gras,Petit,Peu,Non,Français,Un peu contrasté,Haut gauche,0.87,Prix indiqué,Elevée (plus de 6),C:\Users\aittayeb\Desktop\Projet_memoir\Visuale\2223502301 BUT-Noël 2023-2.jpg
,BUT,2023.0,2223502301.0,2223502301 BUT-Noël 2023-1,DISTRIBUTION,DISTRIBUTION SPECIALISEE,4.0,Produit,Beige,Non ,Produit/Service,-,,,-,-,Moyen,Descriptif,Masjuscule sans gras,Petit,Peu,Non,Français,Un peu contrasté,Haut gauche,0.87,Prix indiqué,Elevée (plus de 6),C:\Users\aittayeb\Desktop\Projet_memoir\Visuale\2223502301 BUT-Noël 2023-1.jpg
,BUT,2023.0,2223502301.0,2223502301 BUT-Noël 2023-3,DISTRIBUTION,DISTRIBUTION SPECIALISEE,4.0,Produit,Beige,Non ,Produit/Service,-,,,-,-,Moyen,Descriptif,Masjuscule sans gras,Petit,Peu,Non,Français,Un peu contrasté,Haut gauche,0.87,Prix indiqué,Elevée (plus de 6),C:\Users\aittayeb\Desktop\Projet_memoir\Visuale\2223502301 BUT-Noël 2023-3.jpg
2481.0,FREE TELECOM,2024.0,2224022403.0,2224022403 FREE,TELECOMMUNICATIONS,OPERATEURS TELECOMMUNIC.,1.0,Offre,Blanc,Présente,Claim,Personne seule,,,Femme,Jeune adulte ,Fort,Descriptif,Minuscule gras,Petit,Moyen,Non ,Français,Un peu contrasté,Haut milieu,0.93,Prix indiqué,Moyen (4-5),C:\Users\aittayeb\Desktop\Projet_memoir\Visuale\2224022403 FREE.jpg
2483.0,M6,2024.0,2224032401.0,2224032401 M6-paysage,INFORMATION_MEDIA,CHAINES TV/ RADIO,2.0,Produit,Noir,Non ,Personnage,Plusieurs personnes,,,Les 2,Adulte,Faible,Descriptif,Majuscule gras,Petit,Moyen,Non ,Aucun claim,Un peu contrasté,Bas milieu,0.9,Aucun,Faible (3 éléments),C:\Users\aittayeb\Desktop\Projet_memoir\Visuale\2224032401 M6-paysage.jpg
2484.0,LES SECRETS DE LOLY,2024.0,2224032402.0,2224032402 LES-SECRETS-DE-LOLY-kurl,HYGIENE_BEAUTE,PRODUITS CAPILLAIRES,3.0,Produit,Rose,Dominante,Personnage,Personne seule,,,Femme,Jeune adulte,Faible,Explicatif/Narratif,Majuscule gras,Grand,Beaucoup,Non ,Anglais,Un peu contrasté,Bas milieu,-,Aucun,Moyen (4-5),C:\Users\aittayeb\Desktop\Projet_memoir\Visuale\2224032402 LES-SECRETS-DE-LOLY-kurl.jpg
2669.0,VOLKSWAGEN,2024.0,2224032414.0,2224032414 VOLKSWAGEN-Taigo,AUTOMOBILE_TRANSPORT,AUTOMOBILES POIDS LOURDS,2.0,Produit,Rouge,Non ,Produit/Service,-,,,-,-,Fort,Descriptif,Minuscule gras,Petit,Peu,Non,Aucun claim,Un peu contrasté,Haut gauche,0.87,Promotion indiquée,Moyen (4-5),C:\Users\aittayeb\Desktop\Projet_memoir\Visuale\2224032414 VOLKSWAGEN-Taigo.jpg
2674.0,DISNEY+,2024.0,2224062401.0,2224062401 DISNEY+-esprits-criminels,INFORMATION_MEDIA,CHAINES TV/ RADIO,3.0,Service,Bleu,Dominante,Personnage,Plusieurs personnes,,,Les 2,Multi générationnel,Moyen,Descriptif,Majuscule gras,Moyen,Peu,Non,Français,Un peu contrasté,Bas gauche,0.72,Aucun,Faible (3 éléments),C:\Users\aittayeb\Desktop\Projet_memoir\Visuale\2224062401 DISNEY+-esprits-criminels.jpg
2674.0,DISNEY+,2024.0,2224062401.0,2224062401 DISNEY+-prison-break,INFORMATION_MEDIA,CHAINES TV/ RADIO,3.0,Service,Bleu,Dominante,Personnage,Plusieurs personnes,,,Les 2,Multi générationnel,Moyen,Descriptif,Majuscule gras,Moyen,Peu,Non,Français,Un peu contrasté,Bas gauche,0.72,Aucun,Faible (3 éléments),C:\Users\aittayeb\Desktop\Projet_memoir\Visuale\2224062401 DISNEY+-prison-break.jpg
2708.0,SELOGER,2024.0,2224062402.0,2224062402 SE LOGER-alban,PURE_PLAYERS,SERVICES,4.0,Service,Bleu,Présente,Personnage,Personne seule,,,Homme,Jeune adulte,Moyen,Explicatif/Narratif,Majuscule gras,Petit,Peu,Non,Français,Un peu contrasté,Bas droit,0.7,Aucun,Moyen (4-5),C:\Users\aittayeb\Desktop\Projet_memoir\Visuale\2224062402 SE LOGER-alban.jpg
2708.0,SELOGER,2024.0,2224062402.0,2224062402 SE LOGER-laure,PURE_PLAYERS,SERVICES,4.0,Service,Vert,Présente,Personnage,Couple,,,Les 2,Adulte,Moyen,Explicatif/Narratif,Majuscule gras,Petit,Peu,Non,Français,Un peu contrasté,Bas droit,0.7,Aucun,Moyen (4-5),C:\Users\aittayeb\Desktop\Projet_memoir\Visuale\2224062402 SE LOGER-laure.jpg
2670.0,FORTUNEO,2024.0,2224072402.0,2224072402 FORTUNEO-frais-étranger,ETS_FINANCIERS_ASSURANCES,BANQUES DE DETAIL,3.0,Service,Vert,Présente,Produit/Service,-,,,-,-,Moyen,Descriptif,Minuscule gras,Petit,Moyen,Non,Français,Très contrasté,Bas milieu,0.68,Prix indiqué,Faible (3 éléments),C:\Users\aittayeb\Desktop\Projet_memoir\Visuale\2224072402 FORTUNEO-frais-étranger.jpg
,JCDECAUX,2024.0,2224072401.0,2224072401 JC DECAUX-auto promo-1,INFORMATION_MEDIA,REGIES,4.0,Branding ,Blanc,Non ,Claim,-,,,-,-,Fort,Explicatif/Narratif,Majuscule gras,Petit,Peu,Non,Français,Très contrasté,Bas milieu,-,Aucun,Faible (3 éléments),C:\Users\aittayeb\Desktop\Projet_memoir\Visuale\2224072401 JC DECAUX-auto promo-1.jpg
,JCDECAUX,2024.0,2224072401.0,2224072401 JC DECAUX-auto promo-3,INFORMATION_MEDIA,REGIES,4.0,Branding ,Rouge,Non ,Claim,-,,,-,-,Fort,Explicatif/Narratif,Majuscule gras,Petit,Peu,Non,Français,Très contrasté,Bas milieu,-,Aucun,Faible (3 éléments),C:\Users\aittayeb\Desktop\Projet_memoir\Visuale\2224072401 JC DECAUX-auto promo-3.jpg
,JCDECAUX,2024.0,2224072401.0,2224072401 JC DECAUX-auto promo-4,INFORMATION_MEDIA,REGIES,4.0,Branding ,Vert,Non ,Claim,-,,,-,-,Fort,Explicatif/Narratif,Majuscule gras,Petit,Peu,Non,Français,Très contrasté,Bas milieu,-,Aucun,Faible (3 éléments),C:\Users\aittayeb\Desktop\Projet_memoir\Visuale\2224072401 JC DECAUX-auto promo-4.jpg
2684.0,DS AUTOMOBILES,2024.0,2224072403.0,2224072403 DS AUTOMOBILES-paysage,AUTOMOBILE_TRANSPORT,AUTOMOBILES POIDS LOURDS,2.0,Produit,Gris,Non ,Produit/Service,-,,,-,-,Moyen,Descriptif,Majuscule gras,Petit,Moyen,Non,Français,Un peu contrasté,Haut gauche,0.67,Prix indiqué,Moyen (4-5),C:\Users\aittayeb\Desktop\Projet_memoir\Visuale\2224072403 DS AUTOMOBILES-paysage.jpg
2672.0,ANDROS,2024.0,2224082402.0,2224082402 ANDROS-banane,ALIMENTATION,DESSERTS,3.0,Produit,Turquoise,Non ,Produit/Service,-,,,-,-,Faible,Descriptif,Majuscule gras,Petit,Peu,Non,Français,Un peu contrasté,Haut gauche,0.79,Aucun,Moyen (4-5),C:\Users\aittayeb\Desktop\Projet_memoir\Visuale\2224082402 ANDROS-banane.jpg
2672.0,ANDROS,2024.0,2224082402.0,2224082402 ANDROS-cuillère,ALIMENTATION,DESSERTS,3.0,Produit,Turquoise,Non ,Produit/Service,-,,,-,-,Faible,Descriptif,Majuscule gras,Petit,Peu,Non,Français,Un peu contrasté,Haut gauche,0.79,Aucun,Moyen (4-5),C:\Users\aittayeb\Desktop\Projet_memoir\Visuale\2224082402 ANDROS-cuillère.jpg
2672.0,ANDROS,2024.0,2224082402.0,2224082402 ANDROS-tartine,ALIMENTATION,DESSERTS,3.0,Produit,Turquoise,Non ,Produit/Service,-,,,-,-,Faible,Descriptif,Majuscule gras,Petit,Peu,Non,Français,Un peu contrasté,Haut gauche,0.79,Aucun,Moyen (4-5),C:\Users\aittayeb\Desktop\Projet_memoir\Visuale\2224082402 ANDROS-tartine.jpg
2673.0,HELLO BANK!,2024.0,2224082404.0,2224082404 HELLO BANK-pro,ETS_FINANCIERS_ASSURANCES,BANQUES DE DETAIL,4.0,Service,Bleu,Dominante,Claim,-,,,-,-,Fort,Explicatif/Narratif,Minuscule gras,Petit,Beaucoup,Oui,Français,Pas contrasté,Bas gauche,0.65,Aucun,Moyen (4-5),C:\Users\aittayeb\Desktop\Projet_memoir\Visuale\2224082404 HELLO BANK-pro.jpg
2673.0,HELLO BANK!,2024.0,2224082404.0,2224082404 HELLO BANK-vivez,ETS_FINANCIERS_ASSURANCES,BANQUES DE DETAIL,4.0,Service,Bleu,Dominante,Claim,-,,,-,-,Fort,Explicatif/Narratif,Minuscule gras,Petit,Beaucoup,Oui,Français,Pas contrasté,Bas gauche,0.65,Aucun,Moyen (4-5),C:\Users\aittayeb\Desktop\Projet_memoir\Visuale\2224082404 HELLO BANK-vivez.jpg
2675.0,FREE TELECOM,2024.0,2224082403.0,2224082403 FREE-fibre,TELECOMMUNICATIONS,OPERATEURS TELECOMMUNIC.,3.0,Produit,Noir,Non ,Claim,-,,,-,-,Moyen,Descriptif,Majuscule gras,Petit,Moyen,Non,Français,Pas contrasté,Bas milieu,0.93,Aucun,Moyen (4-5),C:\Users\aittayeb\Desktop\Projet_memoir\Visuale\2224082403 FREE-fibre.jpg
2675.0,FREE TELECOM,2024.0,2224082403.0,2224082403 FREE-wifi7,TELECOMMUNICATIONS,OPERATEURS TELECOMMUNIC.,3.0,Produit,Noir,Non ,Claim,-,,,-,-,Moyen,Descriptif,Majuscule gras,Petit,Moyen,Non,Français,Pas contrasté,Bas milieu,0.93,Aucun,Moyen (4-5),C:\Users\aittayeb\Desktop\Projet_memoir\Visuale\2224082403 FREE-wifi7.jpg
2681.0,CLARINS,2024.0,2224092401.0,2224092401 CLARINS,HYGIENE_BEAUTE,PRODUITS DE SOINS,1.0,Produit,Rose,Non ,Produit/Service,-,,,-,-,Moyen,Descriptif,Minuscule gras,Moyen,Beaucoup,Non,Français,Pas contrasté,Haut milieu,0.65,Aucun,Elevée (plus de 6),C:\Users\aittayeb\Desktop\Projet_memoir\Visuale\2224092401 CLARINS.jpg
2682.0,MERVEILLES DU MONDE,2024.0,2224102402.0,2224102402 MERVEILLES-DU-MONDE-rhino,ALIMENTATION,CHOCOLATS CONFISERIE,2.0,Produit,Jaune,Non ,Produit/Service,-,,,-,-,Moyen,Explicatif/Narratif,Majuscule gras,Moyen,Beaucoup,Non,Français,Un peu contrasté,Haut gauche,-,Aucun,Moyen (4-5),C:\Users\aittayeb\Desktop\Projet_memoir\Visuale\2224102402 MERVEILLES-DU-MONDE-rhino.jpg
2687.0,CLARINS,2024.0,2224102401.0,2224102401 CLARINS,HYGIENE_BEAUTE,MAQUILLAGE,1.0,Produit,Beige,Non ,Personnage,Plusieurs personnes,,,Femme,Jeune adulte,Moyen,Descriptif,Minuscule gras,Petit,Moyen,Non,Anglais,Pas contrasté,Haut gauche,0.65,Aucun,Elevée (plus de 6),C:\Users\aittayeb\Desktop\Projet_memoir\Visuale\2224102401 CLARINS.jpg
2683.0,OPEL ,2024.0,2224112404.0,2224112404 OPEL,AUTOMOBILE_TRANSPORT,AUTOMOBILES POIDS LOURDS,1.0,Produit,Blanc,Non ,Produit/Service,-,,,-,-,Moyen,Descriptif,Majuscule gras,Petit,Peu,Non,Aucun claim,Un peu contrasté,Haut gauche,0.83,Prix indiqué,Moyen (4-5),C:\Users\aittayeb\Desktop\Projet_memoir\Visuale\2224112404 OPEL.png
2685.0,VOLKSWAGEN,2024.0,2224112405.0,2224112405 VOLKSWAGEN,AUTOMOBILE_TRANSPORT,AUTOMOBILES POIDS LOURDS,1.0,Produit,Rouge,Non ,Produit/Service,Famille,,,Les 2,Multi générationnel,Faible,Explicatif/Narratif,Minuscule gras,Petit,Peu,Non,Français,Un peu contrasté,Haut droit,0.87,Aucun,Moyen (4-5),C:\Users\aittayeb\Desktop\Projet_memoir\Visuale\2224112405 VOLKSWAGEN.jpg
2695.0,AVENE,2024.0,2224112401.0,2224112401 AVENE,HYGIENE_BEAUTE,PRODUITS DE SOINS,1.0,Produit,Beige,Non ,Personnage,Personne seule,,,Femme,Adulte,Moyen,Descriptif,Majuscule gras,Petit,Beaucoup,Non,Français,Un peu contrasté,Haut droit,0.66,Aucun,Moyen (4-5),C:\Users\aittayeb\Desktop\Projet_memoir\Visuale\2224112401 AVENE.jpg
2696.0,SEPHORA PARFUMERIE,2024.0,2224112402.0,2224112402 SEPHORA-mascara-paysage,DISTRIBUTION,DISTRIBUTION SPECIALISEE,6.0,Branding,Rouge,Non ,Personnage,Plusieurs personnes,,,Femme,Multi générationnel,Faible,Explicatif/Narratif,Minuscule gras,Moyen ,Beaucoup,Non,Français,Pas contrasté,Bas gauche,0.85,Aucun,Faible (3 éléments),C:\Users\aittayeb\Desktop\Projet_memoir\Visuale\2224112402 SEPHORA-mascara-paysage.jpg
2696.0,SEPHORA PARFUMERIE,2024.0,2224112402.0,2224112402 SEPHORA-mascara-portrait,DISTRIBUTION,DISTRIBUTION SPECIALISEE,6.0,Branding,Noir,Non ,Personnage,Plusieurs personnes,,,Femme,Multi générationnel,Faible,Explicatif/Narratif,Minuscule gras,Moyen ,Beaucoup,Non,Français,Pas contrasté,Bas milieu,0.85,Aucun,Faible (3 éléments),C:\Users\aittayeb\Desktop\Projet_memoir\Visuale\2224112402 SEPHORA-mascara-portrait.jpg
2696.0,SEPHORA PARFUMERIE,2024.0,2224112402.0,2224112402 SEPHORA-rouge-à-lèvres-portrait,DISTRIBUTION,DISTRIBUTION SPECIALISEE,6.0,Branding,Rouge,Non ,Personnage,Personne seule,,,Femme,Adulte,Faible,Explicatif/Narratif,Minuscule gras,Moyen ,Beaucoup,Non,Français,Pas contrasté,Bas milieu,0.85,Aucun,Faible (3 éléments),C:\Users\aittayeb\Desktop\Projet_memoir\Visuale\2224112402 SEPHORA-rouge-à-lèvres-portrait.jpg
2696.0,SEPHORA PARFUMERIE,2024.0,2224112402.0,2224112402 SEPHORA-selfie-portrait,DISTRIBUTION,DISTRIBUTION SPECIALISEE,6.0,Branding,Rouge,Non ,Personnage,Plusieurs personnes,,,Les 2,Multi générationnel,Faible,Explicatif/Narratif,Minuscule gras,Moyen ,Beaucoup,Non,Français,Pas contrasté,Bas milieu,0.85,Aucun,Faible (3 éléments),C:\Users\aittayeb\Desktop\Projet_memoir\Visuale\2224112402 SEPHORA-selfie-portrait.jpg
2697.0,BMW,2024.0,2224112403.0,2224112403 BMW-face-abribus,AUTOMOBILE_TRANSPORT,AUTOMOBILES POIDS LOURDS,4.0,Produit,Rouge,Non ,Produit/Service,Personne seule,,,Femme,Adulte,Moyen,Descriptif,Majuscule gras,Petit,Moyen,Non,Anglais,Un peu contrasté,Haut gauche,0.88,Aucun,Moyen (4-5),C:\Users\aittayeb\Desktop\Projet_memoir\Visuale\2224112403 BMW-face-abribus.jpg
2686.0,LABORATOIRES EMBRYOLISSE,2024.0,2224142401.0,2224142401 EMBRYOLISSE-gel-creme-abribus,HYGIENE_BEAUTE,PRODUITS DE SOINS PHARMACEUTIQUES,3.0,Produit,Beige,Non ,Produit/Service,-,,,-,-,Fort,Descriptif,Minuscule sans gras ,Moyen,Peu,Non,Aucun claim,Un peu contrasté,Haut milieu,-,Aucun,Moyen (4-5),C:\Users\aittayeb\Desktop\Projet_memoir\Visuale\2224142401 EMBRYOLISSE-gel-creme-abribus.jpg
2709.0,FRANCE TELEVISIONS,2024.0,2224152404.0,2224152404 FRANCE TV-ours,INFORMATION_MEDIA,PLATEFORME STREAMING,4.0,Branding,Blanc,Non ,Produit/Service,Plusieurs personnes,,,Les 2,Multi générationnel,Faible,Explicatif/Narratif,Minuscule gras,Moyen,Peu,Non,Français,Un peu contrasté,Bas milieu,0.74,Aucun,Faible (3 éléments),C:\Users\aittayeb\Desktop\Projet_memoir\Visuale\2224152404 FRANCE TV-ours.jpg
2709.0,FRANCE TELEVISIONS,2024.0,2224152404.0,2224152404 FRANCE TV-la-liberté-abribus,INFORMATION_MEDIA,PLATEFORME STREAMING,4.0,Branding,Beige,Non ,Produit/Service,Plusieurs personnes,,,Les 2,Multi générationnel,Faible,Explicatif/Narratif,Minuscule gras,Moyen,Peu,Non,Français,Un peu contrasté,Bas milieu,0.74,Aucun,Faible (3 éléments),C:\Users\aittayeb\Desktop\Projet_memoir\Visuale\2224152404 FRANCE TV-la-liberté-abribus.jpg
2709.0,FRANCE TELEVISIONS,2024.0,2224152404.0,2224152404 FRANCE-TV-la-liberté-paysage,INFORMATION_MEDIA,PLATEFORME STREAMING,4.0,Branding,Beige,Non ,Produit/Service,Plusieurs personnes,,,Les 2,Multi générationnel,Faible,Explicatif/Narratif,Minuscule gras,Moyen,Peu,Non,Français,Un peu contrasté,Bas milieu,0.74,Aucun,Faible (3 éléments),C:\Users\aittayeb\Desktop\Projet_memoir\Visuale\2224152404 FRANCE-TV-la-liberté-paysage.jpg
2710.0,TGV INOUI,2024.0,2224152403.0,2224152403 SNCF-la-carte-barcelone,TOURISME,VOYAGES TOURISME,3.0,Service,Jaune,Non ,Claim,-,,,-,-,Moyen,Descriptif,Majuscule gras,Moyen,Moyen,Non,Français,Très contrasté,Bas droit,0.95,Promotion indiquée,Faible (3 éléments),C:\Users\aittayeb\Desktop\Projet_memoir\Visuale\2224152403 SNCF-la-carte-barcelone.jpg
2710.0,TGV INOUI,2024.0,2224152403.0,2224152403 SNCF-la-carte-lyon,TOURISME,VOYAGES TOURISME,3.0,Service,Jaune,Non ,Claim,-,,,-,-,Moyen,Descriptif,Majuscule gras,Moyen,Moyen,Non,Français,Très contrasté,Bas droit,0.95,Promotion indiquée,Faible (3 éléments),C:\Users\aittayeb\Desktop\Projet_memoir\Visuale\2224152403 SNCF-la-carte-lyon.jpg
2711.0,CARTIER,2024.0,2224152402.0,2224152402 CARTIER-assis-anneaux-abribus,MODE_ET_ACCESSOIRES,HORLOGERIE BIJOUTERIE,5.0,Produit,Blanc,Non ,Personnage,Plusieurs personnes,,,Les 2,Adulte,Inexistant,Explicatif/Narratif,-,Moyen,Peu,Non,Aucun claim,Pas contrasté,Bas milieu,0.82,Aucun,Faible (3 éléments),C:\Users\aittayeb\Desktop\Projet_memoir\Visuale\2224152402 CARTIER-assis-anneaux-abribus.jpg
2711.0,CARTIER,2024.0,2224152402.0,2224152402 CARTIER-sur-la-glace-bracelet-abribus,MODE_ET_ACCESSOIRES,HORLOGERIE BIJOUTERIE,5.0,Produit,Blanc,Non ,Personnage,Plusieurs personnes,,,Les 2,Adulte,Inexistant,Explicatif/Narratif,-,Moyen,Peu,Non,Aucun claim,Pas contrasté,Bas milieu,0.82,Aucun,Faible (3 éléments),C:\Users\aittayeb\Desktop\Projet_memoir\Visuale\2224152402 CARTIER-sur-la-glace-bracelet-abribus.jpg
2711.0,CARTIER,2024.0,2224152402.0,2224152402 CARTIER-sur-la-glace-carré-abribus,MODE_ET_ACCESSOIRES,HORLOGERIE BIJOUTERIE,5.0,Produit,Blanc,Non ,Personnage,Plusieurs personnes,,,Les 2,Adulte,Inexistant,Explicatif/Narratif,-,Moyen,Peu,Non,Aucun claim,Pas contrasté,Bas milieu,0.82,Aucun,Faible (3 éléments),C:\Users\aittayeb\Desktop\Projet_memoir\Visuale\2224152402 CARTIER-sur-la-glace-carré-abribus.jpg
2711.0,CARTIER,2024.0,2224152402.0,2224152402 CARTIER-sur-la-glace-carré-paysage,MODE_ET_ACCESSOIRES,HORLOGERIE BIJOUTERIE,5.0,Produit,Blanc,Non ,Personnage,Plusieurs personnes,,,Les 2,Adulte,Inexistant,Explicatif/Narratif,-,Moyen,Peu,Non,Aucun claim,Pas contrasté,Bas milieu,0.82,Aucun,Faible (3 éléments),C:\Users\aittayeb\Desktop\Projet_memoir\Visuale\2224152402 CARTIER-sur-la-glace-carré-paysage.jpg
2711.0,CARTIER,2024.0,2224152402.0,2224152402 CARTIER-sur-l'eau-diamant-abribus,MODE_ET_ACCESSOIRES,HORLOGERIE BIJOUTERIE,5.0,Produit,Blanc,Non ,Personnage,Plusieurs personnes,,,Les 2,Adulte,Inexistant,Explicatif/Narratif,-,Moyen,Peu,Non,Aucun claim,Pas contrasté,Bas milieu,0.82,Aucun,Faible (3 éléments),C:\Users\aittayeb\Desktop\Projet_memoir\Visuale\2224152402 CARTIER-sur-l'eau-diamant-abribus.jpg
2716.0,CAISSE D'EPARGNE,2024.0,2224152401.0,2224152401 CAISSE D'EPARGNE-femme-paysage,ETS_FINANCIERS_ASSURANCES,BANQUES DE DETAIL,4.0,Offre,Bleu,Non ,Personnage,Personne seule,,,Femme,Adulte,Moyen,Descriptif,Minuscule gras,Moyen,Peu,Oui,Aucun claim,Un peu contrasté,Bas droit,0.85,Aucun,Moyen (4-5),C:\Users\aittayeb\Desktop\Projet_memoir\Visuale\2224152401 CAISSE D'EPARGNE-femme-paysage.jpg
2712.0,FREE TELECOM,2024.0,2224162406.0,2224162406 FREE-BOX ULTRA-2,TELECOMMUNICATIONS,OPERATEURS TELECOMMUNIC.,2.0,Produit,Noir,Non ,Claim,-,,,-,-,Moyen,Descriptif,Majuscule gras,Petit,Moyen,Non,Français,Un peu contrasté,Bas milieu,0.93,Aucun,Moyen (4-5),C:\Users\aittayeb\Desktop\Projet_memoir\Visuale\2224162406 FREE-BOX ULTRA-2.jpg
2713.0,OPEL ,2024.0,2224162401.0,2224162401 OPEL,AUTOMOBILE_TRANSPORT,AUTOMOBILES POIDS LOURDS,1.0,Produit,Bleu,Non ,Produit/Service,-,,,-,-,Fort,Descriptif,Masjuscule sans gras,Moyen,Beaucoup,Non,Aucun claim,Un peu contrasté,Haut gauche,0.83,Prix indiqué,Elevée (plus de 6),C:\Users\aittayeb\Desktop\Projet_memoir\Visuale\2224162401 OPEL.jpg
2719.0,MAISON 123,2024.0,2224172403.0,2224172403 MAISON 123-femme printemps-1,MODE_ET_ACCESSOIRES,PRÊT A PORTER,3.0,Branding,Orange,Non ,Personnage,Personne seule,,,Femme,Adulte,Inexistant,Explicatif/Narratif,-,Moyen,Peu,Non,Aucun claim,Pas contrasté,Bas droit,-,Aucun,Faible (3 éléments),C:\Users\aittayeb\Desktop\Projet_memoir\Visuale\2224172403 MAISON 123-femme printemps-1.jpg
2719.0,MAISON 123,2024.0,2224172403.0,2224172403 MAISON 123-femme printemps-3,MODE_ET_ACCESSOIRES,PRÊT A PORTER,3.0,Branding,Orange,Non ,Personnage,Personne seule,,,Femme,Adulte,Inexistant,Explicatif/Narratif,-,Moyen,Peu,Non,Aucun claim,Pas contrasté,Bas milieu,-,Aucun,Faible (3 éléments),C:\Users\aittayeb\Desktop\Projet_memoir\Visuale\2224172403 MAISON 123-femme printemps-3.jpg
2720.0,CRISTALINE,2024.0,2224172402.0,2224172402 CRISTALINE-grandement pratique-2,BOISSONS,BOISSONS NON ALCOOLISEES,2.0,Produit,Bleu,Dominante,Produit/Service,-,,,-,-,Fort,Descriptif,Majuscule gras,Moyen,Beaucoup,Non,Français,Un peu contrasté,Haut droit,0.87,Aucun,Moyen (4-5),C:\Users\aittayeb\Desktop\Projet_memoir\Visuale\2224172402 CRISTALINE-grandement pratique-2.jpg
2721.0,L'OREAL PARIS,2024.0,2224172401.0,2224172401 L'OREAL-avec des dominos-1,HYGIENE_BEAUTE,PRODUITS DE SOINS,2.0,Produit,Turquoise,Non ,Célébrité,Personne seule,Uniquement pour la marque,Déjà utilisée,Femme,Adulte,Faible,Descriptif,Majuscule gras,Petit,Moyen,Non,Aucun claim,Un peu contrasté,Haut milieu,0.87,Aucun,Faible (3 éléments),C:\Users\aittayeb\Desktop\Projet_memoir\Visuale\2224172401 L'OREAL-avec des dominos-1.jpg
2721.0,L'OREAL PARIS,2024.0,2224172401.0,2224172401 L'OREAL-avec des dominos-2,HYGIENE_BEAUTE,PRODUITS DE SOINS,2.0,Produit,Turquoise,Non ,Célébrité,Personne seule,Uniquement pour la marque,Déjà utilisée,Femme,Adulte,Faible,Descriptif,Majuscule gras,Petit,Moyen,Non,Aucun claim,Un peu contrasté,Haut milieu,0.87,Aucun,Faible (3 éléments),C:\Users\aittayeb\Desktop\Projet_memoir\Visuale\2224172401 L'OREAL-avec des dominos-2.jpg
2736.0,HARRY'S,2024.0,2224172404.0,2224172404 HARRY'S-sourire-1,ALIMENTATION,PANIFICATION,6.0,Branding,Jaune,Non ,Personnage,Personne seule,,,Homme,Adulte,Moyen,Explicatif/Narratif,Majuscule gras,Moyen,Moyen,Non,Français,Très contrasté,Haut milieu,0.74,Aucun,Faible (3 éléments),C:\Users\aittayeb\Desktop\Projet_memoir\Visuale\2224172404 HARRY'S-sourire-1.jpg
2736.0,HARRY'S,2024.0,2224172404.0,2224172404 HARRY'S-sourire-2,ALIMENTATION,PANIFICATION,6.0,Branding,Gris,Non ,Personnage,Personne seule,,,Enfant,Enfant,Moyen,Explicatif/Narratif,Majuscule gras,Moyen,Moyen,Non,Français,Très contrasté,Bas gauche,0.74,Aucun,Faible (3 éléments),C:\Users\aittayeb\Desktop\Projet_memoir\Visuale\2224172404 HARRY'S-sourire-2.jpg
2736.0,HARRY'S,2024.0,2224172404.0,2224172404 HARRY'S-sourire-3,ALIMENTATION,PANIFICATION,6.0,Branding,Jaune,Non ,Personnage,Personne seule,,,Femme,Adulte,Moyen,Explicatif/Narratif,Majuscule gras,Moyen,Moyen,Non,Français,Très contrasté,Haut milieu,0.74,Aucun,Faible (3 éléments),C:\Users\aittayeb\Desktop\Projet_memoir\Visuale\2224172404 HARRY'S-sourire-3.jpg
2736.0,HARRY'S,2024.0,2224172404.0,2224172404 HARRY'S-sourire-4,ALIMENTATION,PANIFICATION,6.0,Branding,Jaune,Non ,Personnage,Personne seule,,,Enfant,Enfant,Moyen,Explicatif/Narratif,Majuscule gras,Moyen,Moyen,Non,Français,Très contrasté,Haut milieu,0.74,Aucun,Faible (3 éléments),C:\Users\aittayeb\Desktop\Projet_memoir\Visuale\2224172404 HARRY'S-sourire-4.jpg
2736.0,HARRY'S,2024.0,2224172404.0,2224172404 HARRY'S-sourire-5,ALIMENTATION,PANIFICATION,6.0,Branding,Beige,Non ,Personnage,Personne seule,,,Femme,Adulte,Moyen,Explicatif/Narratif,Majuscule gras,Moyen,Moyen,Non,Français,Très contrasté,Bas droit,0.74,Aucun,Faible (3 éléments),C:\Users\aittayeb\Desktop\Projet_memoir\Visuale\2224172404 HARRY'S-sourire-5.jpg
2736.0,HARRY'S,2024.0,2224172404.0,2224172404 HARRY'S-sourire-6,ALIMENTATION,PANIFICATION,6.0,Branding,Jaune,Non ,,,,,Homme,Adulte,Moyen,Explicatif/Narratif,Majuscule gras,Moyen,Moyen,Non,Français,Très contrasté,Bas droit,0.74,Aucun,Faible (3 éléments),C:\Users\aittayeb\Desktop\Projet_memoir\Visuale\2224172404 HARRY'S-sourire-6.jpg
2737.0,KERASTASE,2024.0,2224222401.0,2224222401 KERASTASE-sidney sweeney-  brillance iconique-1,HYGIENE_BEAUTE,PRODUITS CAPILLAIRES,3.0,Produit,Blanc,Non ,Produit/Service,-,,,-,-,Moyen,Explicatif/Narratif,Majuscule gras,Petit,Peu,Non,Français,Très contrasté,Haut milieu,-,Aucun,Moyen (4-5),C:\Users\aittayeb\Desktop\Projet_memoir\Visuale\2224222401 KERASTASE-sidney sweeney-  brillance iconique-1.jpg
2737.0,KERASTASE,2024.0,2224222401.0,2224222401 KERASTASE-sidney sweeney-  brillance iconique-2,HYGIENE_BEAUTE,PRODUITS CAPILLAIRES,3.0,Produit,Gris,Non ,Produit/Service,Personne seule,Uniquement pour la marque,Déjà utilisée,Femme,Adulte,Moyen,Explicatif/Narratif,Majuscule gras,Grand,Moyen,Non,Français,Un peu contrasté,Dans le corps du visuel,-,Aucun,Moyen (4-5),C:\Users\aittayeb\Desktop\Projet_memoir\Visuale\2224222401 KERASTASE-sidney sweeney-  brillance iconique-2.jpg
2737.0,KERASTASE,2024.0,2224222401.0,2224222401 KERASTASE-sidney sweeney-  brillance iconique-3,HYGIENE_BEAUTE,PRODUITS CAPILLAIRES,3.0,Produit,Gris,Non ,Célébrité,Personne seule,Uniquement pour la marque,Déjà utilisée,Femme,Adulte,Moyen,Explicatif/Narratif,Majuscule gras,Grand,Moyen,Non,Français,Un peu contrasté,Dans le corps du visuel,-,Aucun,Moyen (4-5),C:\Users\aittayeb\Desktop\Projet_memoir\Visuale\2224222401 KERASTASE-sidney sweeney-  brillance iconique-3.jpg
2739.0,DARTY,2024.0,2224232401.0,2224232401 DARTY-coéquipiers-1,DISTRIBUTION,DISTRIBUTION SPECIALISEE,6.0,Produit,Bleu,Non ,Produit/Service,-,,,-,-,Fort,Descriptif,Majuscule gras,Petit,Moyen,Non,Français,Très contrasté,Haut milieu,0.85,Prix indiqué,Elevée (plus de 6),C:\Users\aittayeb\Desktop\Projet_memoir\Visuale\2224232401 DARTY-coéquipiers-1.jpg
2739.0,DARTY,2024.0,2224232401.0,2224232401 DARTY-coéquipiers-3,DISTRIBUTION,DISTRIBUTION SPECIALISEE,6.0,Produit,Bleu,Non ,Produit/Service,-,,,-,-,Fort,Descriptif,Majuscule gras,Petit,Moyen,Non,Français,Très contrasté,Haut milieu,0.85,Prix indiqué,Elevée (plus de 6),C:\Users\aittayeb\Desktop\Projet_memoir\Visuale\2224232401 DARTY-coéquipiers-3.jpg
2739.0,DARTY,2024.0,2224232401.0,2224232401 DARTY-coéquipiers-4,DISTRIBUTION,DISTRIBUTION SPECIALISEE,6.0,Produit,Bleu,Non ,Produit/Service,-,,,-,-,Fort,Descriptif,Majuscule gras,Petit,Moyen,Non,Français,Très contrasté,Haut milieu,0.85,Prix indiqué,Elevée (plus de 6),C:\Users\aittayeb\Desktop\Projet_memoir\Visuale\2224232401 DARTY-coéquipiers-4.jpg
2739.0,DARTY,2024.0,2224232401.0,2224232401 DARTY-coéquipiers-5,DISTRIBUTION,DISTRIBUTION SPECIALISEE,6.0,Produit,Bleu,Non ,Produit/Service,-,,,-,-,Fort,Descriptif,Majuscule gras,Petit,Moyen,Non,Français,Très contrasté,Haut milieu,0.85,Prix indiqué,Elevée (plus de 6),C:\Users\aittayeb\Desktop\Projet_memoir\Visuale\2224232401 DARTY-coéquipiers-5.jpg
2739.0,DARTY,2024.0,2224232401.0,2224232401 DARTY-coéquipiers-6,DISTRIBUTION,DISTRIBUTION SPECIALISEE,6.0,Produit,Bleu,Non ,Produit/Service,-,,,-,-,Fort,Descriptif,Majuscule gras,Petit,Moyen,Non,Français,Très contrasté,Haut milieu,0.85,Prix indiqué,Elevée (plus de 6),C:\Users\aittayeb\Desktop\Projet_memoir\Visuale\2224232401 DARTY-coéquipiers-6.jpg
2750.0,CADILLAC,2024.0,2224232402.0,2224232402 CADILLAC-blue,AUTOMOBILE_TRANSPORT,AUTOMOBILES POIDS LOURDS,3.0,Produit,Bleu,Non ,Produit/Service,-,,,-,-,Faible,Explicatif/Narratif,Majuscule gras,Petit,Peu,Non,Français,Pas contrasté,Haut droit,-,Aucun,Moyen (4-5),C:\Users\aittayeb\Desktop\Projet_memoir\Visuale\2224232402 CADILLAC-blue.jpg
2750.0,CADILLAC,2024.0,2224232402.0,2224232402 CADILLAC-red,AUTOMOBILE_TRANSPORT,AUTOMOBILES POIDS LOURDS,3.0,Produit,Rose,Non ,Produit/Service,-,,,-,-,Faible,Explicatif/Narratif,Majuscule gras,Petit,Peu,Non,Français,Pas contrasté,Haut droit,-,Aucun,Moyen (4-5),C:\Users\aittayeb\Desktop\Projet_memoir\Visuale\2224232402 CADILLAC-red.jpg
2750.0,CADILLAC,2024.0,2224232402.0,2224232402 CADILLAC-yellow,AUTOMOBILE_TRANSPORT,AUTOMOBILES POIDS LOURDS,3.0,Produit,Orange,Non ,Produit/Service,-,,,-,-,Faible,Explicatif/Narratif,Majuscule gras,Petit,Peu,Non,Français,Pas contrasté,Haut droit,-,Aucun,Moyen (4-5),C:\Users\aittayeb\Desktop\Projet_memoir\Visuale\2224232402 CADILLAC-yellow.jpg
2745.0,DELSEY,2024.0,2224242401.0,2224242401 DELSEY-PARIS-REMPART-MENTION,MODE_ET_ACCESSOIRES,MAROQUINERIE,2.0,Branding,Bleu,Non ,Personnage,Personne seule,,,Homme,Adulte,Faible,Descriptif,Minuscule gras,Grand,Peu,Non,Aucun claim,Pas contrasté,Dans le corps du visuel,-,Aucun,Faible (3 éléments),C:\Users\aittayeb\Desktop\Projet_memoir\Visuale\2224242401 DELSEY-PARIS-REMPART-MENTION.jpg
2745.0,DELSEY,2024.0,2224242401.0,2224242401 DELSEY-PARIS-SHADOW-MENTION,MODE_ET_ACCESSOIRES,MAROQUINERIE,2.0,Branding,Bleu,Non ,Personnage,Personne seule,,,Femme,Adulte,Faible,Descriptif,Minuscule gras,Grand,Peu,Non,Aucun claim,Un peu contrasté,Dans le corps du visuel,-,Aucun,Faible (3 éléments),C:\Users\aittayeb\Desktop\Projet_memoir\Visuale\2224242401 DELSEY-PARIS-SHADOW-MENTION.jpg
2748.0,ALWAYS,2024.0,2224262404.0,2224262404 ALWAYS,HYGIENE_BEAUTE,HYGIENE SOINS INTIMES,1.0,Produit,Violet,Dominante,Claim,-,,,-,-,Fort,Explicatif/Narratif,Minuscule sans gras ,Petit,Moyen,Oui,Français,Un peu contrasté,Haut milieu,0.71,Aucun,Moyen (4-5),C:\Users\aittayeb\Desktop\Projet_memoir\Visuale\2224262404 ALWAYS.jpg
2747.0,ST-YORRE,2024.0,2224262405.0,2224262405 ST-YORRE-athlé,BOISSONS,BOISSONS NON ALCOOLISEES ,2.0,Branding,Bleu,Présente,Produit/Service,-,,,-,-,Faible,Explicatif/Narratif,Majuscule gras,Grand,Beaucoup,Non,Aucun claim,Un peu contrasté,Haut gauche,-,Aucun,Moyen (4-5),C:\Users\aittayeb\Desktop\Projet_memoir\Visuale\2224262405 ST-YORRE-athlé.jpg
2747.0,ST-YORRE,2024.0,2224262405.0,2224262405 ST-YORRE-rugby,BOISSONS,BOISSONS NON ALCOOLISEES ,2.0,Branding,Vert,Présente,Produit/Service,-,,,-,-,Faible,Explicatif/Narratif,Majuscule gras,Grand,Beaucoup,Non,Aucun claim,Un peu contrasté,Haut gauche,-,Aucun,Moyen (4-5),C:\Users\aittayeb\Desktop\Projet_memoir\Visuale\2224262405 ST-YORRE-rugby.jpg
2749.0,BURGER KING,2024.0,2224262401.0,2224262401 BURGER KING-partenariat munoz-2,RESTAURATION,RESTAURATION RAPIDE,3.0,Produit,Marron,Non ,Produit/Service,-,,,-,-,Moyen,Explicatif/Narratif,Minuscule gras,Petit,Beaucoup,Non,Français,Un peu contrasté,Bas droit,0.92,Aucun,Faible (3 éléments),C:\Users\aittayeb\Desktop\Projet_memoir\Visuale\2224262401 BURGER KING-partenariat munoz-2.jpg
2749.0,BURGER KING,2024.0,2224262401.0,2224262401 BURGER KING-partenariat munoz-3,RESTAURATION,RESTAURATION RAPIDE,3.0,Produit,Beige,Non ,Produit/Service,Plusieurs personnes,,,Les 2,Adulte,Moyen,Explicatif/Narratif,Minuscule gras,Petit,Beaucoup,Non,Français,Un peu contrasté,Bas droit,0.92,Aucun,Faible (3 éléments),C:\Users\aittayeb\Desktop\Projet_memoir\Visuale\2224262401 BURGER KING-partenariat munoz-3.jpg
2751.0,MUGLER,2024.0,2224282402.0,2224282402 MUGLER,HYGIENE_BEAUTE,PARFUMS,1.0,Produit,Noir,Non ,Célébrité,Personne seule,Sur d'autres marques,1ère utilisation ,Femme,Jeune adulte,Faible,Descriptif,Majuscule gras,Moyen,Moyen,Non,Français,Pas contrasté,Haut milieu,0.51,Aucun,Moyen (4-5),C:\Users\aittayeb\Desktop\Projet_memoir\Visuale\2224282402 MUGLER.jpg
2754.0,LA ROCHE POSAY,2024.0,2224292401.0,2224292401 LA ROCHE POSAY,HYGIENE_BEAUTE,PRODUITS DE SOINS,1.0,Produit,Bleu,Non ,Personnage,Personne seule,,,Femme,Jeune adulte,Moyen,Explicatif/Narratif,Majuscule gras,Moyen,Moyen,Non,Français,Un peu contrasté,Haut milieu,0.71,Aucun,Moyen (4-5),C:\Users\aittayeb\Desktop\Projet_memoir\Visuale\2224292401 LA ROCHE POSAY.png
2758.0,MC DONALDS,2024.0,2224292403.0,2224292403 McDONALD'S-abribus,RESTAURATION,RESTAURATION RAPIDE,2.0,Produit,Orange,Non ,Produit/Service,-,,,-,-,Moyen,Explicatif/Narratif,Majuscule gras,Moyen,Moyen,Non,Aucun claim,Un peu contrasté,Haut milieu,0.95,Prix indiqué,Moyen (4-5),C:\Users\aittayeb\Desktop\Projet_memoir\Visuale\2224292403 McDONALD'S-abribus.jpg
2769.0,FREE TELECOM,2024.0,2224292405.0,2224292405 FREE-abribus,TELECOMMUNICATIONS,OPERATEURS TELECOMMUNIC.,2.0,Produit,Gris,Non ,Produit/Service,-,,,-,-,Moyen,Humoristique,Majuscule gras,Moyen,Moyen,Non,Français,Un peu contrasté,Haut milieu,0.93,Promotion indiquée,Moyen (4-5),C:\Users\aittayeb\Desktop\Projet_memoir\Visuale\2224292405 FREE-abribus.jpg
2770.0,OPEL,2024.0,2224292404.0,2224292404 OPEL,AUTOMOBILE_TRANSPORT,AUTOMOBILES POIDS LOURDS,1.0,Produit,Bleu,Non ,Produit/Service,-,,,-,-,Moyen,Descriptif,Majuscule gras,Moyen,Moyen,Non,Aucun claim,Un peu contrasté,Haut gauche,0.83,Promotion indiquée,Moyen (4-5),C:\Users\aittayeb\Desktop\Projet_memoir\Visuale\2224292404 OPEL.jpg
2771.0,APEROL,2024.0,2224302401.0,2224302401 APEROL-large,BOISSONS,BOISSONS ALCOOLISEES,2.0,Produit,Orange,Dominante,Produit/Service,-,,,-,-,Faible,Explicatif/Narratif,Majuscule gras,Moyen,Beaucoup,Non,Français,Un peu contrasté,Haut gauche,0.46,Aucun,Faible (3 éléments),C:\Users\aittayeb\Desktop\Projet_memoir\Visuale\2224302401 APEROL-large.jpg
2771.0,APEROL,2024.0,2224302401.0,2224302401 APEROL-small,BOISSONS,BOISSONS ALCOOLISEES,2.0,Produit,Orange,Dominante,Produit/Service,-,,,-,-,Faible,Explicatif/Narratif,Majuscule gras,Moyen,Beaucoup,Non,Français,Un peu contrasté,Haut gauche,0.46,Aucun,Faible (3 éléments),C:\Users\aittayeb\Desktop\Projet_memoir\Visuale\2224302401 APEROL-small.jpg
2772.0,MC DONALDS,2024.0,2224322401.0,2224322401 McDONALD'S-world tour 3 burgers abribus,RESTAURATION,RESTAURATION RAPIDE,6.0,Produit,Blanc,Non ,Produit/Service,-,,,-,-,Fort,Descriptif,Majuscule gras,Moyen,Beaucoup,Non,Français,Un peu contrasté,Bas droit,0.95,Aucun,Moyen (4-5),C:\Users\aittayeb\Desktop\Projet_memoir\Visuale\2224322401 McDONALD'S-world tour 3 burgers abribus.jpg
2772.0,MC DONALDS,2024.0,2224322401.0,2224322401 McDONALD'S-world tour big mac abribus,RESTAURATION,RESTAURATION RAPIDE,6.0,Produit,Blanc,Non ,Produit/Service,-,,,-,-,Fort,Descriptif,Majuscule gras,Moyen,Beaucoup,Non,Autre,Un peu contrasté,Bas milieu,0.95,Aucun,Moyen (4-5),C:\Users\aittayeb\Desktop\Projet_memoir\Visuale\2224322401 McDONALD'S-world tour big mac abribus.jpg
2772.0,MC DONALDS,2024.0,2224322401.0,2224322401 McDONALD'S-world tour cucina abribus,RESTAURATION,RESTAURATION RAPIDE,6.0,Produit,Blanc,Non ,Produit/Service,-,,,-,-,Fort,Descriptif,Majuscule gras,Moyen,Beaucoup,Non,Autre,Un peu contrasté,Bas milieu,0.95,Aucun,Moyen (4-5),C:\Users\aittayeb\Desktop\Projet_memoir\Visuale\2224322401 McDONALD'S-world tour cucina abribus.jpg
2772.0,MC DONALDS,2024.0,2224322401.0,2224322401 McDONALD'S-world tour gamme paysage,RESTAURATION,RESTAURATION RAPIDE,6.0,Produit,Blanc,Non ,Produit/Service,-,,,-,-,Fort,Descriptif,Majuscule gras,Moyen,Beaucoup,Non,Français,Un peu contrasté,Bas milieu,0.95,Aucun,Elevée (plus de 6),C:\Users\aittayeb\Desktop\Projet_memoir\Visuale\2224322401 McDONALD'S-world tour gamme paysage.jpg
2772.0,MC DONALDS,2024.0,2224322401.0,2224322401 McDONALD'S-world tour maple bbq abribus,RESTAURATION,RESTAURATION RAPIDE,6.0,Produit,Rouge,Non ,Produit/Service,-,,,-,-,Fort,Descriptif,Majuscule gras,Moyen,Beaucoup,Non,Français,Un peu contrasté,Bas droit,0.95,Aucun,Moyen (4-5),C:\Users\aittayeb\Desktop\Projet_memoir\Visuale\2224322401 McDONALD'S-world tour maple bbq abribus.jpg
2772.0,MC DONALDS,2024.0,2224322401.0,2224322401 McDONALD'S-world tour royal abribus,RESTAURATION,RESTAURATION RAPIDE,6.0,Produit,Blanc,Non ,Produit/Service,-,,,-,-,Fort,Descriptif,Majuscule gras,Moyen,Beaucoup,Non,Anglais,Un peu contrasté,Bas milieu,0.95,Aucun,Moyen (4-5),C:\Users\aittayeb\Desktop\Projet_memoir\Visuale\2224322401 McDONALD'S-world tour royal abribus.jpg
2774.0,HEINEKEN ENTREPRISE,2024.0,2224322403.0,2224322403 HEINEKEN-PLUS 190 PAYS- 1,BOISSONS,BOISSONS ALCOOLISEES,4.0,Branding,Vert,Non ,Produit/Service,-,,,-,-,Moyen,Descriptif,Majuscule gras,Petit,Beaucoup,Non,Français,Très contrasté,Haut milieu,0.9,Aucun,Moyen (4-5),C:\Users\aittayeb\Desktop\Projet_memoir\Visuale\2224322403 HEINEKEN-PLUS 190 PAYS- 1.jpg
2774.0,HEINEKEN ENTREPRISE,2024.0,2224322403.0,2224322403 HEINEKEN-PLUS 190 PAYS- 2,BOISSONS,BOISSONS ALCOOLISEES,4.0,Branding,Vert,Non ,Produit/Service,-,,,-,-,Moyen,Descriptif,Majuscule gras,Petit,Beaucoup,Non,Français,Très contrasté,Dans le corps du visuel,0.9,Aucun,Moyen (4-5),C:\Users\aittayeb\Desktop\Projet_memoir\Visuale\2224322403 HEINEKEN-PLUS 190 PAYS- 2.jpg
2774.0,HEINEKEN ENTREPRISE,2024.0,2224322403.0,2224322403 HEINEKEN-PLUS 190 PAYS- 3,BOISSONS,BOISSONS ALCOOLISEES,4.0,Branding,Vert,Non ,Produit/Service,-,,,-,-,Moyen,Descriptif,Majuscule gras,Petit,Beaucoup,Non,Français,Très contrasté,Dans le corps du visuel,0.9,Aucun,Moyen (4-5),C:\Users\aittayeb\Desktop\Projet_memoir\Visuale\2224322403 HEINEKEN-PLUS 190 PAYS- 3.jpg
2774.0,HEINEKEN ENTREPRISE,2024.0,2224322403.0,2224322403 HEINEKEN-PLUS 190 PAYS- 4,BOISSONS,BOISSONS ALCOOLISEES,4.0,Branding,Vert,Non ,Produit/Service,-,,,-,-,Moyen,Descriptif,Majuscule gras,Petit,Beaucoup,Non,Français,Très contrasté,Dans le corps du visuel,0.9,Aucun,Moyen (4-5),C:\Users\aittayeb\Desktop\Projet_memoir\Visuale\2224322403 HEINEKEN-PLUS 190 PAYS- 4.jpg
2775.0,COLLECTIVE,2024.0,2224342403.0,2224342403 VIN D'ALSACE CIVA-abribus,BOISSONS,BOISSONS ALCOOLISEES,3.0,Branding,Jaune,Non ,Produit/Service,-,,,-,-,Faible,Explicatif/Narratif,Minuscule gras,Moyen,Moyen,Non,Français,Un peu contrasté,Bas droit,-,Aucun,Moyen (4-5),C:\Users\aittayeb\Desktop\Projet_memoir\Visuale\2224342403 VIN D'ALSACE CIVA-abribus.jpg
2775.0,COLLECTIVE,2024.0,2224342403.0,2224342403 VIN D'ALSACE CIVA-crémant abribus,BOISSONS,BOISSONS ALCOOLISEES,3.0,Branding,Jaune,Non ,Produit/Service,-,,,-,-,Faible,Explicatif/Narratif,Minuscule gras,Moyen,Moyen,Non,Français,Un peu contrasté,Bas droit,-,Aucun,Moyen (4-5),C:\Users\aittayeb\Desktop\Projet_memoir\Visuale\2224342403 VIN D'ALSACE CIVA-crémant abribus.jpg
2775.0,COLLECTIVE,2024.0,2224342403.0,2224342403 VIN D'ALSACE CIVA-paysage,BOISSONS,BOISSONS ALCOOLISEES,3.0,Branding,Jaune,Non ,Produit/Service,-,,,-,-,Faible,Explicatif/Narratif,Minuscule gras,Moyen,Moyen,Non,Français,Un peu contrasté,Bas droit,-,Aucun,Moyen (4-5),C:\Users\aittayeb\Desktop\Projet_memoir\Visuale\2224342403 VIN D'ALSACE CIVA-paysage.jpg
2773.0,FREE TELECOM,2024.0,2224342402.0,2224342402 FREE-paysage,TELECOMMUNICATIONS,OPERATEURS TELECOMMUNIC.,2.0,Produit,Gris,Non ,Produit/Service,-,,,-,-,Moyen,Humoristique,Majuscule gras,Moyen,Moyen,Non,Français,Un peu contrasté,Haut milieu,0.93,Promotion indiquée,Moyen (4-5),C:\Users\aittayeb\Desktop\Projet_memoir\Visuale\2224342402 FREE-paysage.jpg
2788.0,ELSEVE,2024.0,2224372402.0,2224372402 L'OREAL PARIS,HYGIENE_BEAUTE,PRODUITS CAPILLAIRES,1.0,Produit,Bleu,Non ,Célébrité,Personne seule,Sur d'autres marques,Déjà utilisée,Femme,Jeune adulte,Moyen,Descriptif,Majuscule gras,Moyen,Moyen,Non,Français,Un peu contrasté,Haut milieu,0.64,Aucun,Moyen (4-5),C:\Users\aittayeb\Desktop\Projet_memoir\Visuale\2224372402 L'OREAL PARIS.jpg
2789.0,LANCOME,2024.0,2224382401.0,2224382401 LANCOME,HYGIENE_BEAUTE,PARFUMS,1.0,Produit,Rose,Non ,Célébrité,Personne seule,Uniquement pour la marque,Déjà utilisée,Femme,Adulte,Faible,Descriptif,Majuscule gras,Moyen,Beaucoup,Non,Aucun claim,Un peu contrasté,Haut milieu,0.8,Aucun,Faible (3 éléments),C:\Users\aittayeb\Desktop\Projet_memoir\Visuale\2224382401 LANCOME.jpg
2794.0,OPEL,2024.0,2224372403.0,2224372403 OPEL,AUTOMOBILE_TRANSPORT,AUTOMOBILES POIDS LOURDS,1.0,Produit,Orange,Non ,Produit/Service,-,,,-,-,Moyen,Explicatif/Narratif,Majuscule gras,Petit,Peu,Non,Aucun claim,Un peu contrasté,Haut gauche,0.83,Prix indiqué,Moyen (4-5),C:\Users\aittayeb\Desktop\Projet_memoir\Visuale\2224372403 OPEL.jpg
2796.0,SOCIETE GENERALE,2024.0,2224382403.0,2224382403 SOCIETE GENERALE-assurance-auto,ETS_FINANCIERS_ASSURANCES,BANQUES DE DETAIL,4.0,Service,Bleu,Non ,Personnage,Personne seule,,,Femme,Adulte,Moyen,Explicatif/Narratif,Minuscule gras,Petit,Peu,Non,Français,Un peu contrasté,Bas milieu,0.83,Aucun,Moyen (4-5),C:\Users\aittayeb\Desktop\Projet_memoir\Visuale\2224382403 SOCIETE GENERALE-assurance-auto.jpg
2796.0,SOCIETE GENERALE,2024.0,2224382403.0,2224382403 SOCIETE GENERALE-digital,ETS_FINANCIERS_ASSURANCES,BANQUES DE DETAIL,4.0,Service,Rose,Non ,Personnage,Personne seule,,,Femme,Adulte,Moyen,Explicatif/Narratif,Minuscule gras,Petit,Peu,Non,Français,Un peu contrasté,Bas milieu,0.83,Aucun,Moyen (4-5),C:\Users\aittayeb\Desktop\Projet_memoir\Visuale\2224382403 SOCIETE GENERALE-digital.jpg
2796.0,SOCIETE GENERALE,2024.0,2224382403.0,2224382403 SOCIETE GENERALE-patrimoine,ETS_FINANCIERS_ASSURANCES,BANQUES DE DETAIL,4.0,Service,Rose,Non ,Personnage,Personne seule,,,Homme,Adulte,Moyen,Explicatif/Narratif,Minuscule gras,Petit,Peu,Non,Français,Un peu contrasté,Bas milieu,0.83,Aucun,Moyen (4-5),C:\Users\aittayeb\Desktop\Projet_memoir\Visuale\2224382403 SOCIETE GENERALE-patrimoine.jpg
2797.0,BRASSERIE PELICAN,2024.0,2224382402.0,2224382402 PELICAN-gamme retournée-1,BOISSONS,BOISSONS ALCOOLISEES,2.0,Produit,Jaune,Dominante,Mascotte,-,,,-,-,Faible,Descriptif,Majuscule gras,Grand,Beaucoup,Non,Français,Un peu contrasté,Haut milieu,-,Aucun,Moyen (4-5),C:\Users\aittayeb\Desktop\Projet_memoir\Visuale\2224382402 PELICAN-gamme retournée-1.jpg
2797.0,BRASSERIE PELICAN,2024.0,2224382402.0,2224382402 PELICAN-gamme retournée-2,BOISSONS,BOISSONS ALCOOLISEES,2.0,Produit,Jaune,Dominante,Mascotte,-,,,-,-,Faible,Descriptif,Majuscule gras,Grand,Beaucoup,Non,Français,Un peu contrasté,Haut milieu,-,Aucun,Moyen (4-5),C:\Users\aittayeb\Desktop\Projet_memoir\Visuale\2224382402 PELICAN-gamme retournée-2.jpg
2802.0,ETAM,2024.0,2224402402.0,2224402402 ETAM-blonde-paysage,MODE_ET_ACCESSOIRES,PRÊT A PORTER,3.0,Branding,Rose,Non ,Personnage,Personne seule,,,Femme,Jeune adulte,Moyen,Descriptif,Majuscule gras,Petit,Moyen,Non,Aucun claim,Un peu contrasté,Bas gauche,0.75,Aucun,Faible (3 éléments),C:\Users\aittayeb\Desktop\Projet_memoir\Visuale\2224402402 ETAM-blonde-paysage.jpg
2799.0,BACK MARKET,2024.0,2224402403.0,2224402403 BACKMARKET-flambant,PURE_PLAYERS,COMMERCES,5.0,Produit,Jaune,Non ,Produit/Service,-,-,-,-,-,Moyen,Humoristique,Minuscule gras,Petit,Peu,Non,Français,Un peu contrasté,Bas milieu,0.48,Aucun,Faible (3 éléments),C:\Users\aittayeb\Desktop\Projet_memoir\Visuale\2224402403 BACKMARKET-flambant.jpg
2799.0,BACK MARKET,2024.0,2224402403.0,2224402403 BACKMARKET-game-boy,PURE_PLAYERS,COMMERCES,5.0,Produit,Jaune,Non ,Produit/Service,-,-,-,-,-,Moyen,Humoristique,Minuscule gras,Petit,Peu,Non,Français,Un peu contrasté,Bas droit,0.48,Aucun,Faible (3 éléments),C:\Users\aittayeb\Desktop\Projet_memoir\Visuale\2224402403 BACKMARKET-game-boy.jpg
2799.0,BACK MARKET,2024.0,2224402403.0,2224402403 BACKMARKET-jack,PURE_PLAYERS,COMMERCES,5.0,Produit,Jaune,Non ,Produit/Service,-,-,-,-,-,Moyen,Humoristique,Minuscule gras,Petit,Peu,Non,Français,Un peu contrasté,Bas droit,0.48,Aucun,Faible (3 éléments),C:\Users\aittayeb\Desktop\Projet_memoir\Visuale\2224402403 BACKMARKET-jack.jpg
2799.0,BACK MARKET,2024.0,2224402403.0,2224402403 BACKMARKET-mac,PURE_PLAYERS,COMMERCES,5.0,Produit,Jaune,Non ,Produit/Service,-,-,-,-,-,Moyen,Humoristique,Minuscule gras,Petit,Peu,Non,Français,Un peu contrasté,Bas droit,0.48,Aucun,Faible (3 éléments),C:\Users\aittayeb\Desktop\Projet_memoir\Visuale\2224402403 BACKMARKET-mac.jpg
2800.0,DESPERADOS,2024.0,2224402418.0,2224402418 DESPERADOS-devant un mur taggé,BOISSONS,BOISSONS ALCOOLISEES,3.0,Produit,Gris,Non ,Produit/Service,-,-,-,-,-,Faible,Descriptif,Majuscule gras,Moyen,Beaucoup,Non,Anglais,Très contrasté,Haut gauche,0.77,Aucun,Elevée (plus de 6),C:\Users\aittayeb\Desktop\Projet_memoir\Visuale\2224402418 DESPERADOS-devant un mur taggé.jpg
2800.0,DESPERADOS,2024.0,2224402418.0,2224402418 DESPERADOS-VIRGIN AGRUMES,BOISSONS,BOISSONS ALCOOLISEES,3.0,Produit,Jaune,Non ,Produit/Service,-,-,-,-,-,Faible,Descriptif,Majuscule gras,Moyen,Beaucoup,Non,Anglais,Très contrasté,Haut gauche,0.77,Aucun,Elevée (plus de 6),C:\Users\aittayeb\Desktop\Projet_memoir\Visuale\2224402418 DESPERADOS-VIRGIN AGRUMES.jpg
2801.0,BMW,2024.0,2224402404.0,2224402404 BMW-paysage,AUTOMOBILE_TRANSPORT,AUTOMOBILES POIDS LOURDS,2.0,Produit,Rouge,Non ,Produit/Service,-,-,-,-,-,Faible,Descriptif,Majuscule gras,Petit,Moyen,Non,Aucun claim,Pas contrasté,Haut gauche,0.88,Prix indiqué,Moyen (4-5),C:\Users\aittayeb\Desktop\Projet_memoir\Visuale\2224402404 BMW-paysage.jpg
2801.0,BMW,2024.0,2224402404.0,2224402404 BMW-paysage,AUTOMOBILE_TRANSPORT,AUTOMOBILES POIDS LOURDS,2.0,Produit,Rouge,Non ,Produit/Service,-,-,-,-,-,Faible,Descriptif,Majuscule gras,Petit,Moyen,Non,Aucun claim,Pas contrasté,Haut gauche,0.88,Prix indiqué,Moyen (4-5),C:\Users\aittayeb\Desktop\Projet_memoir\Visuale\2224402404 BMW-paysage.jpg
2808.0,AVENE,2024.0,2224412401.0,2224412401 AVENE-paysage,HYGIENE_BEAUTE,PRODUITS DE SOINS,2.0,Produit,Beige,Présente,Personnage,Personne seule,-,-,Femme,Adulte,Moyen,Explicatif/Narratif,Majuscule gras,Moyen,Moyen,Non,Français,Un peu contrasté,Haut gauche,0.66,Aucun,Elevée (plus de 6),C:\Users\aittayeb\Desktop\Projet_memoir\Visuale\2224412401 AVENE-paysage.jpg
2815.0,CHLOE,2024.0,2224412403.0,2224412403 CHLOE-collection romantique été 2024-2,MODE_ET_ACCESSOIRES,PRÊT A PORTER,5.0,Branding,Noir,Non ,Personnage,Personne seule,-,-,Femme,Jeune adulte,Faible,,,Grand,Peu,Non,Aucun claim,Un peu contrasté,Bas milieu,0.43,Aucun,Faible (3 éléments),C:\Users\aittayeb\Desktop\Projet_memoir\Visuale\2224412403 CHLOE-collection romantique été 2024-2.jpg
2815.0,CHLOE,2024.0,2224412403.0,2224412403 CHLOE-collection romantique été 2024-3,MODE_ET_ACCESSOIRES,PRÊT A PORTER,5.0,Branding,Noir,Non ,Personnage,Personne seule,-,-,Femme,Jeune adulte,Faible,,,Grand,Peu,Non,Aucun claim,Un peu contrasté,Bas milieu,0.43,Aucun,Faible (3 éléments),C:\Users\aittayeb\Desktop\Projet_memoir\Visuale\2224412403 CHLOE-collection romantique été 2024-3.jpg
2815.0,CHLOE,2024.0,2224412403.0,2224412403 CHLOE-collection romantique été 2024-4,MODE_ET_ACCESSOIRES,PRÊT A PORTER,5.0,Branding,Noir,Non ,Personnage,Plusieurs personnes,-,-,Femme,Jeune adulte,Faible,,,Grand,Peu,Non,Aucun claim,Un peu contrasté,Bas milieu,0.43,Aucun,Faible (3 éléments),C:\Users\aittayeb\Desktop\Projet_memoir\Visuale\2224412403 CHLOE-collection romantique été 2024-4.jpg
2815.0,CHLOE,2024.0,2224412403.0,2224412403 CHLOE-collection romantique été 2024-5,MODE_ET_ACCESSOIRES,PRÊT A PORTER,5.0,Branding,Noir,Non ,Personnage,Personne seule,-,-,Femme,Jeune adulte,Faible,,,Grand,Peu,Non,Aucun claim,Un peu contrasté,Bas milieu,0.43,Aucun,Faible (3 éléments),C:\Users\aittayeb\Desktop\Projet_memoir\Visuale\2224412403 CHLOE-collection romantique été 2024-5.jpg
2813.0,BURGER KING,2024.0,2224422404.0,2224422404 BURGER KING-ski & raclette 2024-1,RESTAURATION,RESTAURATION RAPIDE,3.0,Produit,Marron,Non ,Produit/Service,Personne seule,-,-,Femme,Jeune adulte,Faible,Humoristique,Minuscule gras,Petit,Moyen,Non,Français,Un peu contrasté,Bas droit,0.92,Aucun,Faible (3 éléments),C:\Users\aittayeb\Desktop\Projet_memoir\Visuale\2224422404 BURGER KING-ski & raclette 2024-1.jpg
2813.0,BURGER KING,2024.0,2224422404.0,2224422404 BURGER KING-ski & raclette 2024-2,RESTAURATION,RESTAURATION RAPIDE,3.0,Produit,Marron,Non ,Produit/Service,Personne seule,-,-,Femme,Jeune adulte,Faible,Humoristique,Minuscule gras,Petit,Moyen,Non,Français,Un peu contrasté,Bas droit,0.92,Aucun,Faible (3 éléments),C:\Users\aittayeb\Desktop\Projet_memoir\Visuale\2224422404 BURGER KING-ski & raclette 2024-2.jpg
2816.0,CAUDALIE,2024.0,2224412402.0,2224412402 CAUDALIE-vegan & durable-3,HYGIENE_BEAUTE,PRODUITS DE SOINS,3.0,Produit,Rose,Dominante,Personnage,Personne seule,,,Femme,Jeune adulte,Moyen,Explicatif/Narratif,Minuscule gras,Grand,Beaucoup,Non,Français,Un peu contrasté,Haut milieu,0.52,Aucun,Moyen (4-5),C:\Users\aittayeb\Desktop\Projet_memoir\Visuale\2224412402 CAUDALIE-vegan & durable-3.jpg
2816.0,CAUDALIE,2024.0,2224412402.0,2224412402 CAUDALIE-vegan & durable-2,HYGIENE_BEAUTE,PRODUITS DE SOINS,3.0,Produit,Rose,Dominante,Personnage,Personne seule,,,Femme,Jeune adulte,Moyen,Explicatif/Narratif,Minuscule gras,Grand,Beaucoup,Non,Français,Un peu contrasté,Haut milieu,0.52,Aucun,Moyen (4-5),C:\Users\aittayeb\Desktop\Projet_memoir\Visuale\2224412402 CAUDALIE-vegan & durable-2.jpg
2814.0,TGV INOUI,2024.0,2224422406.0,2224422406 SNCF-de la France à l'Europe,TOURISME,VOYAGES TOURISME,2.0,Offre,Bleu,Non ,Personnage,Plusieurs personnes,-,-,Femme,Jeune adulte,Moyen,Explicatif/Narratif,Majuscule gras,Petit,Beaucoup,Non,Français,Très contrasté,Bas droit,0.95,Aucun,Elevée (plus de 6),C:\Users\aittayeb\Desktop\Projet_memoir\Visuale\2224422406 SNCF-de la France à l'Europe.jpg
2814.0,TGV INOUI,2024.0,2224422406.0,2224422406 SNCF-moins faire chauffer sa carte,TOURISME,VOYAGES TOURISME,2.0,Offre,Jaune,Non ,Personnage,Plusieurs personnes,-,-,Les 2,Senior,Moyen,Explicatif/Narratif,Majuscule gras,Petit,Beaucoup,Non,Français,Très contrasté,Bas droit,0.95,Promotion indiquée,Elevée (plus de 6),C:\Users\aittayeb\Desktop\Projet_memoir\Visuale\2224422406 SNCF-moins faire chauffer sa carte.jpg
2817.0,PEUGEOT AUTOMOBILES,2024.0,2224422403.0,2224422403 PEUGEOT-générique,AUTOMOBILE_TRANSPORT,AUTOMOBILES POIDS LOURDS,2.0,Produit,Gris,Non ,Produit/Service,-,-,-,-,-,Moyen,Descriptif,Majuscule gras,Petit,Moyen,Non,Français,Un peu contrasté,Haut gauche,0.93,Promotion indiquée,Elevée (plus de 6),C:\Users\aittayeb\Desktop\Projet_memoir\Visuale\2224422403 PEUGEOT-générique.jpg
2817.0,PEUGEOT AUTOMOBILES,2024.0,2224422403.0,2224422403 PEUGEOT-paris,AUTOMOBILE_TRANSPORT,AUTOMOBILES POIDS LOURDS,2.0,Produit,Gris,Non ,Produit/Service,-,-,-,-,-,Moyen,Descriptif,Majuscule gras,Petit,Moyen,Non,Français,Un peu contrasté,Haut gauche,0.93,Promotion indiquée,Elevée (plus de 6),C:\Users\aittayeb\Desktop\Projet_memoir\Visuale\2224422403 PEUGEOT-paris.jpg
2818.0,WILLIAM GRANT & SONS,2024.0,2224422402.0,2224422402 WILLIAM-GRANT'S,BOISSONS,BOISSONS ALCOOLISEES,1.0,Branding,Marron,Dominante,Personnage,Plusieurs personnes,-,-,Homme,Adulte,Faible,Explicatif/Narratif,Majuscule gras,Petit,Moyen,Non,Français,Pas contrasté,Dans le corps du visuel,0.57,Aucun,Moyen (4-5),C:\Users\aittayeb\Desktop\Projet_memoir\Visuale\2224422402 WILLIAM-GRANT'S.jpg
2819.0,MAISON 123,2024.0,2224442403.0,2224442403 MAISON-123-beige,MODE_ET_ACCESSOIRES,PRÊT A PORTER,3.0,Branding ,Beige,Non ,Personnage,Personne seule,-,-,Femme,Jeune adulte,Faible,,Minuscule gras,Petit,Peu,Non,Aucun claim,Pas contrasté,Bas milieu,-,Aucun,Faible (3 éléments),C:\Users\aittayeb\Desktop\Projet_memoir\Visuale\2224442403 MAISON-123-beige.jpg
2819.0,MAISON 123,2024.0,2224442403.0,2224442403 MAISON-123-chapeau,MODE_ET_ACCESSOIRES,PRÊT A PORTER,3.0,Branding ,Beige,Non ,Personnage,Personne seule,-,-,Femme,Jeune adulte,Faible,,Minuscule gras,Petit,Peu,Non,Aucun claim,Pas contrasté,Bas milieu,-,Aucun,Faible (3 éléments),C:\Users\aittayeb\Desktop\Projet_memoir\Visuale\2224442403 MAISON-123-chapeau.jpg
2819.0,MAISON 123,2024.0,2224442403.0,2224442403 MAISON-123-PULL,MODE_ET_ACCESSOIRES,PRÊT A PORTER,3.0,Branding ,Marron,Non ,Personnage,Personne seule,-,-,Femme,Jeune adulte,Faible,,Minuscule gras,Petit,Peu,Non,Aucun claim,Pas contrasté,Bas milieu,-,Aucun,Faible (3 éléments),C:\Users\aittayeb\Desktop\Projet_memoir\Visuale\2224442403 MAISON-123-PULL.jpg
2820.0,COLLECTIVE,2024.0,2224442404.0,2224442404 VINS D'ALSACE CIVA-variations sur le nom-1,BOISSONS,BOISSONS ALCOOLISEES,2.0,Branding,Blanc,Non ,Produit/Service,-,-,-,-,-,Moyen,Explicatif/Narratif,Majuscule gras,Moyen,Moyen,Non,Français,Très contrasté,Bas droit,-,Aucun,Moyen (4-5),C:\Users\aittayeb\Desktop\Projet_memoir\Visuale\2224442404 VINS D'ALSACE CIVA-variations sur le nom-1.jpg
2831.0,IKEA,2024.0,2224442402.0,2224442402 IKEA-canapé,DISTRIBUTION,DISTRIBUTION SPECIALISEE,3.0,Produit,Blanc,Non ,Produit/Service,-,-,-,-,-,Moyen,Humoristique,Minuscule gras,Petit,Moyen,Non,Français,Très contrasté,Bas droit,0.94,Prix indiqué,Moyen (4-5),C:\Users\aittayeb\Desktop\Projet_memoir\Visuale\2224442402 IKEA-canapé.jpg
2831.0,IKEA,2024.0,2224442402.0,2224442402 IKEA-housse de coussin,DISTRIBUTION,DISTRIBUTION SPECIALISEE,3.0,Produit,Blanc,Non ,Produit/Service,-,-,-,-,-,Moyen,Humoristique,Minuscule gras,Petit,Moyen,Non,Français,Très contrasté,Bas droit,0.94,Prix indiqué,Moyen (4-5),C:\Users\aittayeb\Desktop\Projet_memoir\Visuale\2224442402 IKEA-housse de coussin.jpg
2821.0,NIVEA,2024.0,2224462405.0,2224462405 NIVEA-abribus,HYGIENE_BEAUTE,PRODUITS DE SOINS,2.0,Produit,Bleu,Non ,Produit/Service,-,-,-,-,-,Moyen,Explicatif/Narratif,Majuscule gras,Petit,Beaucoup,Oui,Français,Un peu contrasté,Haut milieu,0.89,Aucun,Elevée (plus de 6),C:\Users\aittayeb\Desktop\Projet_memoir\Visuale\2224462405 NIVEA-abribus.jpg
2821.0,NIVEA,2024.0,2224462405.0,2224462405 NIVEA-paysage,HYGIENE_BEAUTE,PRODUITS DE SOINS,2.0,Produit,Bleu,Non ,Produit/Service,-,-,-,-,-,Moyen,Explicatif/Narratif,Majuscule gras,Petit,Beaucoup,Oui,Français,Un peu contrasté,Haut gauche,0.89,Aucun,Elevée (plus de 6),C:\Users\aittayeb\Desktop\Projet_memoir\Visuale\2224462405 NIVEA-paysage.jpg
2827.0,LU,2024.0,2224462404.0,2224462404 LU-mon histoire avec-2,ALIMENTATION,PANIFICATION,6.0,Branding,Rouge,Dominante,Produit/Service,-,-,-,-,-,Moyen,Humoristique,Minuscule sans gras ,Grand,Beaucoup,Non,Français,Très contrasté,Dans le corps du visuel,0.88,Aucun,Moyen (4-5),C:\Users\aittayeb\Desktop\Projet_memoir\Visuale\2224462404 LU-mon histoire avec-2.jpg
2827.0,LU,2024.0,2224462404.0,2224462404 LU-mon histoire avec-3,ALIMENTATION,PANIFICATION,6.0,Branding,Rouge,Dominante,Produit/Service,-,-,-,-,-,Moyen,Humoristique,Minuscule sans gras ,Grand,Beaucoup,Non,Français,Très contrasté,Dans le corps du visuel,0.88,Aucun,Moyen (4-5),C:\Users\aittayeb\Desktop\Projet_memoir\Visuale\2224462404 LU-mon histoire avec-3.jpg
2827.0,LU,2024.0,2224462404.0,2224462404 LU-mon histoire avec-4,ALIMENTATION,PANIFICATION,6.0,Branding,Rouge,Dominante,Produit/Service,-,-,-,-,-,Moyen,Humoristique,Minuscule sans gras ,Grand,Beaucoup,Non,Français,Très contrasté,Dans le corps du visuel,0.88,Aucun,Moyen (4-5),C:\Users\aittayeb\Desktop\Projet_memoir\Visuale\2224462404 LU-mon histoire avec-4.jpg
2827.0,LU,2024.0,2224462404.0,2224462404 LU-mon histoire avec-5,ALIMENTATION,PANIFICATION,6.0,Branding,Rouge,Dominante,Produit/Service,-,-,-,-,-,Moyen,Humoristique,Minuscule sans gras ,Grand,Beaucoup,Non,Français,Très contrasté,Dans le corps du visuel,0.88,Aucun,Moyen (4-5),C:\Users\aittayeb\Desktop\Projet_memoir\Visuale\2224462404 LU-mon histoire avec-5.jpg
2828.0,GENERALI,2024.0,2224462402.0,2224462402 GENERALI-francois-paysage,ETS_FINANCIERS_ASSURANCES,ASSUREURS,6.0,Branding,Rouge,Dominante,Personnage,Personne seule,-,-,Homme,Senior,Fort,Humoristique,Majuscule gras,Petit,Peu,Non,Français,Un peu contrasté,Bas droit,0.56,Aucun,Elevée (plus de 6),C:\Users\aittayeb\Desktop\Projet_memoir\Visuale\2224462402 GENERALI-francois-paysage.jpg
2828.0,GENERALI,2024.0,2224462402.0,2224462402 GENERALI-lea-abribus,ETS_FINANCIERS_ASSURANCES,ASSUREURS,6.0,Branding,Rouge,Dominante,Personnage,Personne seule,-,-,Femme,Adulte,Fort,Humoristique,Majuscule gras,Petit,Peu,Non,Français,Un peu contrasté,Bas droit,0.56,Aucun,Elevée (plus de 6),C:\Users\aittayeb\Desktop\Projet_memoir\Visuale\2224462402 GENERALI-lea-abribus.jpg
2828.0,GENERALI,2024.0,2224462402.0,2224462402 GENERALI-lea-paysage,ETS_FINANCIERS_ASSURANCES,ASSUREURS,6.0,Branding,Rouge,Dominante,Personnage,Personne seule,-,-,Femme,Adulte,Fort,Humoristique,Majuscule gras,Petit,Peu,Non,Français,Un peu contrasté,Bas droit,0.56,Aucun,Elevée (plus de 6),C:\Users\aittayeb\Desktop\Projet_memoir\Visuale\2224462402 GENERALI-lea-paysage.jpg
2828.0,GENERALI,2024.0,2224462402.0,2224462402 GENERALI-max-abribus,ETS_FINANCIERS_ASSURANCES,ASSUREURS,6.0,Branding,Rouge,Dominante,Personnage,Personne seule,-,-,Homme,Adulte,Fort,Humoristique,Majuscule gras,Petit,Peu,Non,Français,Un peu contrasté,Bas droit,0.56,Aucun,Elevée (plus de 6),C:\Users\aittayeb\Desktop\Projet_memoir\Visuale\2224462402 GENERALI-max-abribus.jpg
2828.0,GENERALI,2024.0,2224462402.0,2224462402 GENERALI-max-paysage,ETS_FINANCIERS_ASSURANCES,ASSUREURS,6.0,Branding,Rouge,Dominante,Personnage,Personne seule,-,-,Homme,Adulte,Fort,Humoristique,Majuscule gras,Petit,Peu,Non,Français,Un peu contrasté,Bas droit,0.56,Aucun,Elevée (plus de 6),C:\Users\aittayeb\Desktop\Projet_memoir\Visuale\2224462402 GENERALI-max-paysage.jpg
2822.0,BMW,2024.0,2224462409.0,2224462409 BMW-arrière-paysage,AUTOMOBILE_TRANSPORT,AUTOMOBILES POIDS LOURDS,4.0,Produit,Bleu,Présente,Produit/Service,-,-,-,-,-,Moyen,Explicatif/Narratif,Majuscule gras,Petit,Moyen,Non,Français,Un peu contrasté,Haut droit,0.88,Prix indiqué,Faible (3 éléments),C:\Users\aittayeb\Desktop\Projet_memoir\Visuale\2224462409 BMW-arrière-paysage.jpg
2823.0,COLLECTIVE,2024.0,2224462406.0,2224462406 CHAMPAGNE DE VIGNERONS-intense,BOISSONS,BOISSONS ALCOOLISEES,3.0,Branding,Vert,-,Personnage,Personne seule,-,-,Femme,Adulte,Faible,Explicatif/Narratif,Minuscule sans gras ,Moyen,Moyen,Non,Français,Un peu contrasté,Bas milieu,-,Aucun,Faible (3 éléments),C:\Users\aittayeb\Desktop\Projet_memoir\Visuale\2224462406 CHAMPAGNE DE VIGNERONS-intense.jpg
2823.0,COLLECTIVE,2024.0,2224462406.0,2224462406 CHAMPAGNE DE VIGNERONS-vif,BOISSONS,BOISSONS ALCOOLISEES,3.0,Branding,Gris,-,Personnage,Personne seule,-,-,Homme,Adulte,Faible,Explicatif/Narratif,Minuscule sans gras ,Moyen,Moyen,Non,Français,Un peu contrasté,Bas milieu,-,Aucun,Faible (3 éléments),C:\Users\aittayeb\Desktop\Projet_memoir\Visuale\2224462406 CHAMPAGNE DE VIGNERONS-vif.jpg
2829.0,LABEL 5,2024.0,2224462403.0,2224462403 LABEL-5,BOISSONS,BOISSONS ALCOOLISEES,1.0,Produit,Noir,Présente,Produit/Service,Personne seule,-,-,-,-,Moyen,Descriptif,Majuscule gras,Grand,Moyen,Non,Anglais,Un peu contrasté,Haut milieu,0.66,Aucun,Elevée (plus de 6),C:\Users\aittayeb\Desktop\Projet_memoir\Visuale\2224462403 LABEL-5.jpg
2830.0,BOUYGUES TELECOM,2024.0,2224462401.0,2224462401 BOUYGUES TELECOM,TELECOMMUNICATIONS,OPERATEURS TELECOMMUNIC.,1.0,Offre,Bleu,Dominante,Produit/Service,-,-,-,-,-,Moyen,Descriptif,Minuscule gras,Moyen,Beaucoup,Non,Français,Très contrasté,Haut milieu,0.88,Prix indiqué,Moyen (4-5),C:\Users\aittayeb\Desktop\Projet_memoir\Visuale\2224462401 BOUYGUES TELECOM.jpg
2832.0,FREE TELECOM,2024.0,2224482402.0,2224482402 FREE-paysage,TELECOMMUNICATIONS,OPERATEURS TELECOMMUNIC.,2.0,Offre,Gris,Présente,Produit/Service,-,-,-,-,-,Fort,Explicatif/Narratif,Minuscule gras,Petit,Peu,Non,Français,Un peu contrasté,Haut milieu,0.93,Prix indiqué,Moyen (4-5),C:\Users\aittayeb\Desktop\Projet_memoir\Visuale\2224482402 FREE-paysage.jpg
2833.0,TROIS RIVIERE ,2024.0,2224482401.0,2224482401 TROIS RIVIERES,BOISSONS,BOISSONS ALCOOLISEES,1.0,Produit,Bleu,Dominante,Produit/Service,-,-,-,-,-,Moyen,Descriptif,Majuscule gras,Moyen,Moyen,Non,Français,Pas contrasté,Bas gauche,-,Aucun,Moyen (4-5),C:\Users\aittayeb\Desktop\Projet_memoir\Visuale\2224482401 TROIS RIVIERES.jpg
2836.0,FRED,2024.0,2224502405.0,2224502405 FRED-bague,MODE_ET_ACCESSOIRES,HORLOGERIE BIJOUTERIE,6.0,Branding,Bleu,-,Logo,Plusieurs personnes,-,-,Les 2,Jeune adulte,Faible,Explicatif/Narratif,Majuscule gras,Grand,Peu,Non,Français,Très contrasté,Dans le corps du visuel,-,Aucun,Faible (3 éléments),C:\Users\aittayeb\Desktop\Projet_memoir\Visuale\2224502405 FRED-bague.jpg
2836.0,FRED,2024.0,2224502405.0,2224502405 FRED-bague-panoramique,MODE_ET_ACCESSOIRES,HORLOGERIE BIJOUTERIE,6.0,Branding,Bleu,-,Logo,Plusieurs personnes,-,-,Les 2,Jeune adulte,Faible,Explicatif/Narratif,Majuscule gras,Grand,Peu,Non,Français,Très contrasté,Dans le corps du visuel,-,Aucun,Faible (3 éléments),C:\Users\aittayeb\Desktop\Projet_memoir\Visuale\2224502405 FRED-bague.jpg
2836.0,FRED,2024.0,2224502405.0,2224502405 FRED-bracelet,MODE_ET_ACCESSOIRES,HORLOGERIE BIJOUTERIE,6.0,Branding,Bleu,-,Logo,Plusieurs personnes,-,-,Les 2,Jeune adulte,Faible,Explicatif/Narratif,Majuscule gras,Grand,Peu,Non,Français,Très contrasté,Dans le corps du visuel,-,Aucun,Faible (3 éléments),C:\Users\aittayeb\Desktop\Projet_memoir\Visuale\2224502405 FRED-bracelet-panoramique.jpg
2836.0,FRED,2024.0,2224502405.0,2224502405 FRED-bracelet-panoramique,MODE_ET_ACCESSOIRES,HORLOGERIE BIJOUTERIE,6.0,Branding,Bleu,-,Logo,Plusieurs personnes,-,-,Les 2,Jeune adulte,Faible,Explicatif/Narratif,Majuscule gras,Grand,Peu,Non,Français,Très contrasté,Dans le corps du visuel,-,Aucun,Faible (3 éléments),C:\Users\aittayeb\Desktop\Projet_memoir\Visuale\2224502405 FRED-bracelet-panoramique.jpg
2836.0,FRED,2024.0,2224502405.0,2224502405 FRED-collier,MODE_ET_ACCESSOIRES,HORLOGERIE BIJOUTERIE,6.0,Branding,Bleu,-,Logo,Plusieurs personnes,-,-,Les 2,Jeune adulte,Faible,Explicatif/Narratif,Majuscule gras,Grand,Peu,Non,Français,Très contrasté,Dans le corps du visuel,-,Aucun,Faible (3 éléments),C:\Users\aittayeb\Desktop\Projet_memoir\Visuale\2224502405 FRED-collier.jpg
2836.0,FRED,2024.0,2224502405.0,2224502405 FRED-collier-panoramique,MODE_ET_ACCESSOIRES,HORLOGERIE BIJOUTERIE,6.0,Branding,Bleu,-,Logo,Plusieurs personnes,-,-,Les 2,Jeune adulte,Faible,Explicatif/Narratif,Majuscule gras,Grand,Peu,Non,Français,Très contrasté,Dans le corps du visuel,-,Aucun,Faible (3 éléments),C:\Users\aittayeb\Desktop\Projet_memoir\Visuale\2224502405 FRED-collier-panoramique.jpg
2839.0,DARTY ,2024.0,2224502404.0,2224502404 DARTY-lenovo,DISTRIBUTION,DISTRIBUTION SPECIALISEE,3.0,Offre,Noir,Non ,Produit/Service,-,-,-,-,-,Moyen,Descriptif,Majuscule gras,Moyen,Peu,Non,Anglais,Un peu contrasté,Haut milieu,0.85,Prix indiqué,Moyen (4-5),C:\Users\aittayeb\Desktop\Projet_memoir\Visuale\2224502404 DARTY-lenovo.jpg
2843.0,COCA COLA,2024.0,2224502403.0,2224502403 COCA-COLA-avec-hotte,BOISSONS,BOISSONS NON ALCOOLISEES,2.0,Branding,Rouge,Dominante,Claim,Personne seule,-,-,Homme,Senior,Moyen,Humoristique,Minuscule gras,Petit,Moyen ,Non,Français,Un peu contrasté,Bas milieu,0.93,Aucun,Faible (3 éléments),C:\Users\aittayeb\Desktop\Projet_memoir\Visuale\2224502403 COCA-COLA-avec-hotte.jpg
2843.0,COCA COLA,2024.0,2224502403.0,2224502403 COCA-COLA-sans-hotte,BOISSONS,BOISSONS NON ALCOOLISEES,2.0,Branding,Rouge,Dominante,Claim,Personne seule,-,-,Homme,Senior,Moyen,Humoristique,Minuscule gras,Petit,Moyen ,Non,Français,Un peu contrasté,Bas milieu,0.93,Aucun,Faible (3 éléments),C:\Users\aittayeb\Desktop\Projet_memoir\Visuale\2224502403 COCA-COLA-sans-hotte.jpg
2834.0,CARTIER ,2024.0,2224502402.0,2224502402 CARTIER-Tank,MODE_ET_ACCESSOIRES,HORLOGERIE BIJOUTERIE,5.0,Produit,Gris,Non ,Produit/Service,-,-,-,-,-,Inexistant,-,-,Moyen,Peu,Non,Aucun claim,Un peu contrasté,Bas milieu,0.82,Aucun,Faible (3 éléments),C:\Users\aittayeb\Desktop\Projet_memoir\Visuale\2224502402 CARTIER-Tank.jpg
2834.0,CARTIER ,2024.0,2224502402.0,2224502402 CARTIER-Tank-pano,MODE_ET_ACCESSOIRES,HORLOGERIE BIJOUTERIE,5.0,Produit,Gris,Non ,Personnage,Animal,-,-,-,-,Inexistant,-,-,Moyen,Moyen,Non,Aucun claim,Un peu contrasté,Bas milieu,0.82,Aucun,Faible (3 éléments),C:\Users\aittayeb\Desktop\Projet_memoir\Visuale\2224502402 CARTIER-Tank-pano.jpg
2834.0,CARTIER ,2024.0,2224502402.0,2224502402 CARTIER-Trinity-1,MODE_ET_ACCESSOIRES,HORLOGERIE BIJOUTERIE,5.0,Produit,Bleu,Non ,Personnage,Couple,-,-,Les 2,Adulte,Inexistant,-,-,Moyen,Peu,Non,Aucun claim,Un peu contrasté,Bas milieu,0.82,Aucun,Faible (3 éléments),C:\Users\aittayeb\Desktop\Projet_memoir\Visuale\2224502402 CARTIER-Trinity-1.jpg
2834.0,CARTIER ,2024.0,2224502402.0,2224502402 CARTIER-Trinity-2,MODE_ET_ACCESSOIRES,HORLOGERIE BIJOUTERIE,5.0,Produit,Jaune,Non ,Personnage,Plusieurs personnes,-,-,Les 2,Adulte,Inexistant,-,-,Moyen,Peu,Non,Aucun claim,Un peu contrasté,Bas milieu,0.82,Aucun,Faible (3 éléments),C:\Users\aittayeb\Desktop\Projet_memoir\Visuale\2224502402 CARTIER-Trinity-2.jpg
2835.0,BOMBAY SAPPHIRE ,2024.0,2224502417.0,2224502417 BOMBAY SAPPHIRE,BOISSONS,BOISSONS ALCOOLISEES,1.0,Produit,Bleu,Dominante,Produit/Service,-,-,-,-,-,Faible,Explicatif/Narratif,Minuscule gras,Petit,Moyen,Non,Français,Très contrasté,Haut milieu,-,Aucun,Faible (3 éléments),C:\Users\aittayeb\Desktop\Projet_memoir\Visuale\2224502417 BOMBAY SAPPHIRE.jpg
2840.0,BACK MARKET,2024.0,2224502401.0,2224502401 BACKMARKET-apple-watch,PURE_PLAYERS,COMMERCES,5.0,Produit,Jaune,Non ,Produit/Service,-,-,-,-,-,Moyen,Humoristique,Minuscule gras,Petit,Peu,Non,Français,Très contrasté,Bas droit,0.48,Aucun,Faible (3 éléments),C:\Users\aittayeb\Desktop\Projet_memoir\Visuale\2224502401 BACKMARKET-apple-watch.jpg
2840.0,BACK MARKET,2024.0,2224502401.0,2224502401 BACKMARKET-calendrier-avent,PURE_PLAYERS,COMMERCES,5.0,Produit,Jaune,Non ,Produit/Service,-,-,-,-,-,Moyen,Humoristique,Minuscule gras,Petit,Peu,Non,Français,Très contrasté,Bas droit,0.48,Aucun,Faible (3 éléments),C:\Users\aittayeb\Desktop\Projet_memoir\Visuale\2224502401 BACKMARKET-calendrier-avent.jpg
2840.0,BACK MARKET,2024.0,2224502401.0,2224502401 BACKMARKET-dyson-airstrait,PURE_PLAYERS,COMMERCES,5.0,Produit,Jaune,Non ,Produit/Service,-,-,-,-,-,Moyen,Humoristique,Minuscule gras,Petit,Peu,Non,Français,Très contrasté,Bas droit,0.48,Aucun,Faible (3 éléments),C:\Users\aittayeb\Desktop\Projet_memoir\Visuale\2224502401 BACKMARKET-dyson-airstrait.jpg
2840.0,BACK MARKET,2024.0,2224502401.0,2224502401 BACKMARKET-ninja-foodi,PURE_PLAYERS,COMMERCES,5.0,Produit,Jaune,Non ,Produit/Service,-,-,-,-,-,Moyen,Humoristique,Minuscule gras,Petit,Peu,Non,Français,Très contrasté,Bas droit,0.48,Aucun,Faible (3 éléments),C:\Users\aittayeb\Desktop\Projet_memoir\Visuale\2224502401 BACKMARKET-ninja-foodi.jpg
2844.0,DISNEY +,2024.0,2224512401.0,2224512401 DISNEY+ - CATALOGUE NOEL-1,INFORMATION_MEDIA,PLATEFORME STREAMING,6.0,Service,Bleu,Présente,Personnage,Mascotte,-,-,-,-,Faible,Explicatif/Narratif,Minuscule sans gras ,Moyen,Moyen,Non,Français,Un peu contrasté,Bas gauche,0.72,Prix indiqué,Moyen (4-5),C:\Users\aittayeb\Desktop\Projet_memoir\Visuale\2224512401 DISNEY+ - CATALOGUE NOEL-1.png
2844.0,DISNEY +,2024.0,2224512401.0,2224512401 DISNEY+ - CATALOGUE NOEL-2,INFORMATION_MEDIA,PLATEFORME STREAMING,6.0,Service,Bleu,Présente,Personnage,Mascotte,-,-,-,-,Faible,Explicatif/Narratif,Minuscule sans gras ,Moyen,Moyen,Non,Français,Un peu contrasté,Bas gauche,0.72,Prix indiqué,Moyen (4-5),C:\Users\aittayeb\Desktop\Projet_memoir\Visuale\2224512401 DISNEY+ - CATALOGUE NOEL-2.png
2844.0,DISNEY +,2024.0,2224512401.0,2224512401 DISNEY+ - CATALOGUE NOEL-4,INFORMATION_MEDIA,PLATEFORME STREAMING,6.0,Service,Bleu,Présente,Personnage,Célébrité,-,-,Femme,Adulte,Faible,Explicatif/Narratif,Minuscule sans gras ,Moyen,Peu,Non,Français,Un peu contrasté,Bas gauche,0.72,Prix indiqué,Moyen (4-5),C:\Users\aittayeb\Desktop\Projet_memoir\Visuale\2224512401 DISNEY+ - CATALOGUE NOEL-4.png
2844.0,DISNEY +,2024.0,2224512401.0,2224512401 DISNEY+ - CATALOGUE NOEL-5,INFORMATION_MEDIA,PLATEFORME STREAMING,6.0,Service,Bleu,Présente,Personnage,Célébrité,-,-,Homme,Adulte,Faible,Explicatif/Narratif,Minuscule sans gras ,Moyen,Peu,Non,Français,Un peu contrasté,Bas gauche,0.72,Prix indiqué,Moyen (4-5),C:\Users\aittayeb\Desktop\Projet_memoir\Visuale\2224512401 DISNEY+ - CATALOGUE NOEL-5.png
2844.0,DISNEY +,2024.0,2224512401.0,2224512401 DISNEY+ - CATALOGUE NOEL-6,INFORMATION_MEDIA,PLATEFORME STREAMING,6.0,Service,Bleu,Présente,Personnage,Célébrité,-,-,Les 2,Multi générationnel,Faible,Explicatif/Narratif,Minuscule sans gras ,Moyen,Peu,Non,Français,Un peu contrasté,Bas gauche,0.72,Prix indiqué,Moyen (4-5),C:\Users\aittayeb\Desktop\Projet_memoir\Visuale\2224512401 DISNEY+ - CATALOGUE NOEL-6.png
2842.0,BIOCODEX,2024.0,2225012501.0,2225012501 BIOCODEX-Je dois vous laisser,SANTE,PROD.PHARMACEUTIQ.PUBLIC,2.0,Produit,Rose,Non ,Claim,-,-,-,-,-,Fort,Explicatif/Narratif,Majuscule gras,Petit,Peu,Non,Français,Un peu contrasté,Haut gauche,-,Aucun,Moyen (4-5),C:\Users\aittayeb\Desktop\Projet_memoir\Visuale\2225012501 BIOCODEX-Je dois vous laisser.jpg
2842.0,BIOCODEX,2024.0,2225012501.0,2225012501 BIOCODEX-Je reviens,SANTE,PROD.PHARMACEUTIQ.PUBLIC,2.0,Produit,Rose,Non ,Claim,-,-,-,-,-,Fort,Explicatif/Narratif,Majuscule gras,Petit,Peu,Non,Français,Un peu contrasté,Haut gauche,-,Aucun,Moyen (4-5),C:\Users\aittayeb\Desktop\Projet_memoir\Visuale\2225012501 BIOCODEX-Je reviens.jpg
2841.0,PAGO,2024.0,2225012502.0,2225012502 PAGO,BOISSONS,BOISSONS NON ALCOOLISEES,1.0,Branding,Vert,Présente,Claim,-,-,-,-,-,Faible,Humoristique,Minuscule gras,Petit,Moyen ,Non,Français,Un peu contrasté,Haut gauche,-,Aucun,Elevée (plus de 6),C:\Users\aittayeb\Desktop\Projet_memoir\Visuale\2225012502 PAGO.jpg
2730.0,SOCIETE GENERALE,2024.0,2224202402.0,2224382403 SOCIETE GENERALE-assurance-auto,ETS_FINANCIERS_ASSURANCES,BANQUES DE DETAIL,4.0,Service,Jaune,Non ,Personnage,Personne seule,-,-,Femme,Adulte,Moyen,Explicatif/Narratif,Minuscule gras,Petit,Peu,Non,Français,Un peu contrasté,Bas milieu,0.83,Aucun,Moyen (4-5),C:\Users\aittayeb\Desktop\Projet_memoir\Visuale\2224382403 SOCIETE GENERALE-assurance-auto.jpg
2730.0,SOCIETE GENERALE,2024.0,2224202402.0,2224382403 SOCIETE GENERALE-digital,ETS_FINANCIERS_ASSURANCES,BANQUES DE DETAIL,4.0,Service,Bleu,Non ,Personnage,Personne seule,-,-,Femme,Adulte,Moyen,Explicatif/Narratif,Minuscule gras,Petit,Peu,Non,Français,Un peu contrasté,Bas milieu,0.83,Aucun,Moyen (4-5),C:\Users\aittayeb\Desktop\Projet_memoir\Visuale\2224382403 SOCIETE GENERALE-digital.jpg
2730.0,SOCIETE GENERALE,2024.0,2224202402.0,2224382403 SOCIETE GENERALE-patrimoine,ETS_FINANCIERS_ASSURANCES,BANQUES DE DETAIL,4.0,Service,Marron,Non ,Personnage,Personne seule,-,-,Homme,Adulte,Moyen,Explicatif/Narratif,Minuscule gras,Petit,Peu,Non,Français,Un peu contrasté,Bas milieu,0.83,Aucun,Moyen (4-5),C:\Users\aittayeb\Desktop\Projet_memoir\Visuale\2224382403 SOCIETE GENERALE-patrimoine.jpg
2735.0,ETAM,2024.0,2224202403.0,2224202403 ETAM-MAILLOT DE BAIN-2,MODE_ET_ACCESSOIRES,LINGERIE ET BALNEAIRE,6.0,Branding,Beige ,Non ,Personnage,Personne seule,-,-,Femme,Adulte,Inexistant,,-,Moyen,Peu,Non,Aucun claim,Très contrasté,Haut milieu,0.75,Aucun,Faible (3 éléments),C:\Users\aittayeb\Desktop\Projet_memoir\Visuale\2224202403 ETAM-MAILLOT DE BAIN-2.jpg
2735.0,ETAM,2024.0,2224202403.0,2224202403 ETAM-MAILLOT DE BAIN-2,MODE_ET_ACCESSOIRES,LINGERIE ET BALNEAIRE,6.0,Branding,Beige ,Non ,Personnage,Personne seule,-,-,Femme,Adulte,Inexistant,,-,Moyen,Peu,Non,Aucun claim,Très contrasté,Haut milieu,0.75,Aucun,Faible (3 éléments),C:\Users\aittayeb\Desktop\Projet_memoir\Visuale\2224202403 ETAM-MAILLOT DE BAIN-2.jpg
2735.0,ETAM,2024.0,2224202403.0,2224202403 ETAM-MAILLOT DE BAIN-2,MODE_ET_ACCESSOIRES,LINGERIE ET BALNEAIRE,6.0,Branding,Beige ,Non ,Personnage,Personne seule,-,-,Femme,Adulte,Inexistant,,-,Moyen,Peu,Non,Aucun claim,Très contrasté,Haut milieu,0.75,Aucun,Faible (3 éléments),C:\Users\aittayeb\Desktop\Projet_memoir\Visuale\2224202403 ETAM-MAILLOT DE BAIN-2.jpg
2735.0,ETAM,2024.0,2224202403.0,2224202403 ETAM-MAILLOT DE BAIN-2,MODE_ET_ACCESSOIRES,LINGERIE ET BALNEAIRE,6.0,Branding,Beige ,Non ,Personnage,Personne seule,-,-,Femme,Adulte,Inexistant,,-,Moyen,Peu,Non,Aucun claim,Très contrasté,Dans le corps du visuel,0.75,Aucun,Faible (3 éléments),C:\Users\aittayeb\Desktop\Projet_memoir\Visuale\2224202403 ETAM-MAILLOT DE BAIN-2.jpg
2735.0,ETAM,2024.0,2224202403.0,2224202403 ETAM-MAILLOT DE BAIN-2,MODE_ET_ACCESSOIRES,LINGERIE ET BALNEAIRE,6.0,Branding,Beige ,Non ,Personnage,Personne seule,-,-,Femme,Adulte,Inexistant,,-,Moyen,Peu,Non,Aucun claim,Très contrasté,Dans le corps du visuel,0.75,Aucun,Faible (3 éléments),C:\Users\aittayeb\Desktop\Projet_memoir\Visuale\2224202403 ETAM-MAILLOT DE BAIN-2.jpg
2735.0,ETAM,2024.0,2224202403.0,2224202403 ETAM-MAILLOT DE BAIN-2,MODE_ET_ACCESSOIRES,LINGERIE ET BALNEAIRE,6.0,Branding,Beige ,Non ,Personnage,Personne seule,-,-,Femme,Adulte,Inexistant,,-,Moyen,Peu,Non,Aucun claim,Très contrasté,Dans le corps du visuel,0.75,Aucun,Faible (3 éléments),C:\Users\aittayeb\Desktop\Projet_memoir\Visuale\2224202403 ETAM-MAILLOT DE BAIN-2.jpg
2726.0,LACOSTE,2024.0,2224202401.0,2224202401 LACOSTE-BOUCHE CROCO-2,MODE_ET_ACCESSOIRES,PRÊT A PORTER COUTURE,4.0,Branding,Gris,Non ,Célébrité,Personne seule,Uniquement pour la marque,1ère utilisation ,Homme,Adulte,Faible,Explicatif/Narratif,Majuscule gras,Petit,Beaucoup,Non,Anglais,Un peu contrasté,Bas milieu,0.87,Aucun,Faible (3 éléments),C:\Users\aittayeb\Desktop\Projet_memoir\Visuale\2224202401 LACOSTE-BOUCHE CROCO-2.jpg
2726.0,LACOSTE,2024.0,2224202401.0,2224202401 LACOSTE-BOUCHE CROCO-4,MODE_ET_ACCESSOIRES,PRÊT A PORTER COUTURE,4.0,Branding,Gris,Non ,Célébrité,Personne seule,Uniquement pour la marque,1ère utilisation ,Femme,Adulte,Faible,Explicatif/Narratif,Majuscule gras,Petit,Beaucoup,Non,Anglais,Un peu contrasté,Bas milieu,0.87,Aucun,Faible (3 éléments),C:\Users\aittayeb\Desktop\Projet_memoir\Visuale\2224202401 LACOSTE-BOUCHE CROCO-4.jpg
2746.0,CALZEDONIA,2024.0,2224242402.0,2224242402 CALZEDONIA-noir,MODE_ET_ACCESSOIRES,LINGERIE ET BALNEAIRE,3.0,Branding,Bleu,Non ,Personnage,Personne seule,-,-,Femme,Adulte,Inexistant,-,-,Moyen,Peu,Non,Aucun claim,Très contrasté,Haut milieu,-,Aucun,Faible (3 éléments),C:\Users\aittayeb\Desktop\Projet_memoir\Visuale\2224242402 CALZEDONIA-noir.jpg
2780.0,L'OREAL PARIS,2024.0,2224322402.0,2224322402 L'OREAL PARIS- abribus,HYGIENE_BEAUTE,MAQUILLAGE,2.0,Produit,Beige,Non ,Personnage,Personne seule,Sur d'autres marques,1ère utilisation ,Femme,Jeune adulte,Faible,Descriptif,Majuscule gras,Moyen,Moyen,Non,Aucun claim,Très contrasté,Haut milieu,0.87,Aucun,Faible (3 éléments),C:\Users\aittayeb\Desktop\Projet_memoir\Visuale\2224322402 L'OREAL PARIS- abribus.jpg
2780.0,L'OREAL PARIS,2024.0,2224322402.0,2224322402 L'OREAL PARIS-kiosque,HYGIENE_BEAUTE,MAQUILLAGE,2.0,Produit,Beige,Non ,Personnage,Personne seule,Sur d'autres marques,1ère utilisation ,Femme,Jeune adulte,Faible,Descriptif,Majuscule gras,Moyen,Moyen,Non,Aucun claim,Très contrasté,Haut droit,0.87,Aucun,Faible (3 éléments),C:\Users\aittayeb\Desktop\Projet_memoir\Visuale\2224322402 L'OREAL PARIS-kiosque.jpg
2811.0,EURO DISNEY SCA ASSOCIES,2024.0,2224422401.0,2224422401 DISNEYLAND-HALLOWEEN 2024 (MAINS)-1,TOURISME,PARCS ET LOISIRS,6.0,Branding,Orange,Non ,Mascotte,Personne seule,-,-,-,-,Moyen,Humoristique,Majuscule gras,Moyen,Beaucoup,Non,Français,Très contrasté,Bas droit,0.93,Aucun,Faible (3 éléments),C:\Users\aittayeb\Desktop\Projet_memoir\Visuale\2224422401 DISNEYLAND-HALLOWEEN 2024 (MAINS)-1.jpg
2811.0,EURO DISNEY SCA ASSOCIES,2024.0,2224422401.0,2224422401 DISNEYLAND-HALLOWEEN 2024 (MAINS)-2,TOURISME,PARCS ET LOISIRS,6.0,Branding,Orange,Non ,Mascotte,Personne seule,-,-,-,-,Moyen,Humoristique,Majuscule gras,Moyen,Beaucoup,Non,Français,Très contrasté,Bas droit,0.93,Aucun,Faible (3 éléments),C:\Users\aittayeb\Desktop\Projet_memoir\Visuale\2224422401 DISNEYLAND-HALLOWEEN 2024 (MAINS)-2.jpg
2811.0,EURO DISNEY SCA ASSOCIES,2024.0,2224422401.0,2224422401 DISNEYLAND-HALLOWEEN 2024 (MAINS)-3,TOURISME,PARCS ET LOISIRS,6.0,Branding,Orange,Non ,Mascotte,Personne seule,-,-,-,-,Moyen,Humoristique,Majuscule gras,Moyen,Beaucoup,Non,Français,Très contrasté,Bas droit,0.93,Aucun,Faible (3 éléments),C:\Users\aittayeb\Desktop\Projet_memoir\Visuale\2224422401 DISNEYLAND-HALLOWEEN 2024 (MAINS)-3.jpg
2811.0,EURO DISNEY SCA ASSOCIES,2024.0,2224422401.0,2224422401 DISNEYLAND-HALLOWEEN 2024 (MAINS)-5,TOURISME,PARCS ET LOISIRS,6.0,Branding,Orange,Non ,Mascotte,Personne seule,-,-,-,-,Moyen,Humoristique,Majuscule gras,Moyen,Beaucoup,Non,Français,Très contrasté,Bas droit,0.93,Aucun,Faible (3 éléments),C:\Users\aittayeb\Desktop\Projet_memoir\Visuale\2224422401 DISNEYLAND-HALLOWEEN 2024 (MAINS)-5.jpg
2811.0,EURO DISNEY SCA ASSOCIES,2024.0,2224422401.0,2224422401 DISNEYLAND-HALLOWEEN 2024 (MAINS)-6,TOURISME,PARCS ET LOISIRS,6.0,Branding,Orange,Non ,Mascotte,Personne seule,-,-,-,-,Moyen,Humoristique,Majuscule gras,Moyen,Beaucoup,Non,Français,Très contrasté,Bas droit,0.93,Aucun,Faible (3 éléments),C:\Users\aittayeb\Desktop\Projet_memoir\Visuale\2224422401 DISNEYLAND-HALLOWEEN 2024 (MAINS)-6.jpg
2850.0,EURO DISNEY SCA ASSOCIES,2024.0,2224512402.0,2224512402 DISNEYLAND-NOEL 2024-2,TOURISME,PARCS ET LOISIRS,6.0,Branding,Bleu,Présente,Mascotte,Plusieurs personnes,-,-,Les 2,Multi générationnel,Faible,Humoristique,Majuscule gras,Moyen,Beaucoup,Non,Français,Très contrasté,Dans le corps du visuel,0.93,Aucun,Faible (3 éléments),C:\Users\aittayeb\Desktop\Projet_memoir\Visuale\2224512402 DISNEYLAND-NOEL 2024-2.jpg
2850.0,EURO DISNEY SCA ASSOCIES,2024.0,2224512402.0,2224512402 DISNEYLAND-NOEL 2024-3,TOURISME,PARCS ET LOISIRS,6.0,Branding,Bleu,Présente,Mascotte,Plusieurs personnes,-,-,Femme,Multi générationnel,Faible,Humoristique,Majuscule gras,Moyen,Beaucoup,Non,Français,Très contrasté,Bas milieu,0.93,Aucun,Faible (3 éléments),C:\Users\aittayeb\Desktop\Projet_memoir\Visuale\2224512402 DISNEYLAND-NOEL 2024-3.jpg
2850.0,EURO DISNEY SCA ASSOCIES,2024.0,2224512402.0,2224512402 DISNEYLAND-NOEL 2024-4,TOURISME,PARCS ET LOISIRS,6.0,Branding,Bleu,Présente,Mascotte,Plusieurs personnes,-,-,Les 2,Multi générationnel,Faible,Humoristique,Majuscule gras,Moyen,Beaucoup,Non,Français,Très contrasté,Bas milieu,0.93,Aucun,Faible (3 éléments),C:\Users\aittayeb\Desktop\Projet_memoir\Visuale\2224512402 DISNEYLAND-NOEL 2024-4.jpg
2850.0,EURO DISNEY SCA ASSOCIES,2024.0,2224512402.0,2224512402 DISNEYLAND-NOEL 2024-5,TOURISME,PARCS ET LOISIRS,6.0,Branding,Bleu,Présente,Mascotte,Plusieurs personnes,-,-,Les 2,Multi générationnel,Faible,Humoristique,Majuscule gras,Moyen,Beaucoup,Non,Français,Très contrasté,Bas milieu,0.93,Aucun,Faible (3 éléments),C:\Users\aittayeb\Desktop\Projet_memoir\Visuale\2224512402 DISNEYLAND-NOEL 2024-5.jpg
2850.0,EURO DISNEY SCA ASSOCIES,2024.0,2224512402.0,2224512402 DISNEYLAND-NOEL 2024-6,TOURISME,PARCS ET LOISIRS,6.0,Branding,Bleu,Présente,Mascotte,Plusieurs personnes,-,-,Femme,Multi générationnel,Faible,Humoristique,Majuscule gras,Moyen,Beaucoup,Non,Français,Très contrasté,Dans le corps du visuel,0.93,Aucun,Faible (3 éléments),C:\Users\aittayeb\Desktop\Projet_memoir\Visuale\2224512402 DISNEYLAND-NOEL 2024-6.jpg
